#
# There is insufficient memory for the Java Runtime Environment to continue.
# Native memory allocation (malloc) failed to allocate 1241696 bytes for Chunk::new
# Possible reasons:
#   The system is out of physical RAM or swap space
#   The process is running with CompressedOops enabled, and the Java Heap may be blocking the growth of the native heap
# Possible solutions:
#   Reduce memory load on the system
#   Increase physical memory or swap space
#   Check if swap backing store is full
#   Decrease Java heap size (-Xmx/-Xms)
#   Decrease number of Java threads
#   Decrease Java thread stack sizes (-Xss)
#   Set larger code cache with -XX:ReservedCodeCacheSize=
#   JVM is running with Zero Based Compressed Oops mode in which the Java heap is
#     placed in the first 32GB address space. The Java Heap base address is the
#     maximum limit for the native heap growth. Please use -XX:HeapBaseMinAddress
#     to set the Java Heap base and to place the Java Heap above 32GB virtual address.
# This output file may be truncated or incomplete.
#
#  Out of Memory Error (arena.cpp:191), pid=9952, tid=16996
#
# JRE version: OpenJDK Runtime Environment (17.0.10) (build 17.0.10+0--11572160)
# Java VM: OpenJDK 64-Bit Server VM (17.0.10+0--11572160, mixed mode, tiered, compressed oops, compressed class ptrs, g1 gc, windows-amd64)
# No core dump will be written. Minidumps are not enabled by default on client versions of Windows
#

---------------  S U M M A R Y ------------

Command Line: --add-opens=java.base/java.util=ALL-UNNAMED --add-opens=java.base/java.lang=ALL-UNNAMED --add-opens=java.base/java.lang.invoke=ALL-UNNAMED --add-opens=java.prefs/java.util.prefs=ALL-UNNAMED --add-opens=java.base/java.nio.charset=ALL-UNNAMED --add-opens=java.base/java.net=ALL-UNNAMED --add-opens=java.base/java.util.concurrent.atomic=ALL-UNNAMED -Xmx4G -Dfile.encoding=windows-1252 -Duser.country=US -Duser.language=en -Duser.variant -javaagent:C:\Users\zamal\.gradle\wrapper\dists\gradle-8.7-all\aan3ydargesu18aqyqjwhr3pc\gradle-8.7\lib\agents\gradle-instrumentation-agent-8.7.jar org.gradle.launcher.daemon.bootstrap.GradleDaemon 8.7

Host: AMD Ryzen 5 7535HS with Radeon Graphics        , 12 cores, 15G,  Windows 11 , 64 bit Build 22621 (10.0.22621.3958)
Time: Mon Sep 23 12:05:09 2024 SE Asia Standard Time elapsed time: 2464.406426 seconds (0d 0h 41m 4s)

---------------  T H R E A D  ---------------

Current thread (0x0000018ccfb52190):  JavaThread "C2 CompilerThread1" daemon [_thread_in_native, id=16996, stack(0x000000699c100000,0x000000699c200000)]


Current CompileTask:
C2:2464406 68574       4       com.android.tools.r8.internal.Jt::a (595 bytes)

Stack: [0x000000699c100000,0x000000699c200000]
Native frames: (J=compiled Java code, j=interpreted, Vv=VM code, C=native code)
V  [jvm.dll+0x688e89]
V  [jvm.dll+0x84247a]
V  [jvm.dll+0x8440be]
V  [jvm.dll+0x844723]
V  [jvm.dll+0x24be0f]
V  [jvm.dll+0xac524]
V  [jvm.dll+0xacb6c]
V  [jvm.dll+0x36bd67]
V  [jvm.dll+0x1bde16]
V  [jvm.dll+0x21dbf9]
V  [jvm.dll+0x21cec1]
V  [jvm.dll+0x1a60ad]
V  [jvm.dll+0x22cd78]
V  [jvm.dll+0x22aeb0]
V  [jvm.dll+0x7f6917]
V  [jvm.dll+0x7f0d1a]
V  [jvm.dll+0x687d05]
C  [ucrtbase.dll+0x29333]
C  [KERNEL32.DLL+0x1257d]
C  [ntdll.dll+0x5af28]


---------------  P R O C E S S  ---------------

Threads class SMR info:
_java_thread_list=0x0000018cd95a9210, length=233, elements={
0x0000018c965108d0, 0x0000018cb5562660, 0x0000018cb55633f0, 0x0000018cb55b55a0,
0x0000018cb55b8140, 0x0000018cb55b9c70, 0x0000018cb55bac40, 0x0000018cb55bb9e0,
0x0000018cb55bc8a0, 0x0000018cb55bd2a0, 0x0000018cb56d6420, 0x0000018cb5802ad0,
0x0000018cbb7c7580, 0x0000018cbba91a00, 0x0000018cbbf3a4f0, 0x0000018cbc48cf20,
0x0000018cbc48bff0, 0x0000018cbc48c500, 0x0000018cbc18a420, 0x0000018cbc18ae40,
0x0000018cbcd6c960, 0x0000018cbcd6d890, 0x0000018cbcd6b010, 0x0000018cbc1435d0,
0x0000018cbc146d80, 0x0000018cbc147cb0, 0x0000018cbc140d50, 0x0000018cbaaee5c0,
0x0000018cbaae9ee0, 0x0000018cbaaeb320, 0x0000018cbaaeb830, 0x0000018cc03857a0,
0x0000018cc6929a70, 0x0000018cc69258a0, 0x0000018cc001f010, 0x0000018cbdee9d20,
0x0000018cc73425e0, 0x0000018cc64dae50, 0x0000018cc64d9a10, 0x0000018cc64d76a0,
0x0000018cc0021890, 0x0000018cc001fa30, 0x0000018cc00227c0, 0x0000018cc0020960,
0x0000018cc0020e70, 0x0000018cc00222b0, 0x0000018cc001f520, 0x0000018cc001ff40,
0x0000018cc0021380, 0x0000018cc0482f70, 0x0000018cc0486720, 0x0000018cc0486210,
0x0000018cc0483480, 0x0000018cc0483990, 0x0000018cc04843b0, 0x0000018cc04848c0,
0x0000018cc0484dd0, 0x0000018cc04857f0, 0x0000018cc0485d00, 0x0000018cc8feeea0,
0x0000018cbe499580, 0x0000018cbe49aed0, 0x0000018cbe497c30, 0x0000018cbe498140,
0x0000018cbe498b60, 0x0000018cbe499fa0, 0x0000018cbe499070, 0x0000018cbe499a90,
0x0000018cbe49a4b0, 0x0000018cbe49a9c0, 0x0000018ccd58bec0, 0x0000018cc032afc0,
0x0000018cc032bef0, 0x0000018cc032a5a0, 0x0000018cc0329b80, 0x0000018cc032b4d0,
0x0000018cc0021da0, 0x0000018cbdb33490, 0x0000018cbdb35800, 0x0000018cbdb34de0,
0x0000018cbdb32050, 0x0000018cbdb339a0, 0x0000018cbdb32560, 0x0000018ccd58b9b0,
0x0000018ccd58cdf0, 0x0000018ccd58af90, 0x0000018ccd58b4a0, 0x0000018ccd58d300,
0x0000018ccd58d810, 0x0000018ccd58a060, 0x0000018cca6c0760, 0x0000018cca6c0c70,
0x0000018cc80297d0, 0x0000018cc802b630, 0x0000018cc802c050, 0x0000018cc7ac09b0,
0x0000018cc0329160, 0x0000018cc032a090, 0x0000018cc032aab0, 0x0000018cc0329670,
0x0000018cbc865440, 0x0000018cbc866370, 0x0000018cbdb348d0, 0x0000018cbdb33eb0,
0x0000018cbdb32a70, 0x0000018cbdb32f80, 0x0000018cc8fedf70, 0x0000018cc8fee480,
0x0000018cc8ff02e0, 0x0000018cc8feda60, 0x0000018cc8fef8c0, 0x0000018cc8fee990,
0x0000018cc8fed550, 0x0000018cc8fef3b0, 0x0000018cc8fefdd0, 0x0000018cc8ff07f0,
0x0000018cc8fed040, 0x0000018cc64d8ae0, 0x0000018cdf8800d0, 0x0000018cdf880af0,
0x0000018cdf883370, 0x0000018cbabcd740, 0x0000018cbabccd20, 0x0000018cbabcaec0,
0x0000018cc802ac10, 0x0000018cc802bb40, 0x0000018cc802c560, 0x0000018cc802ca70,
0x0000018cc802cf80, 0x0000018cc01d6630, 0x0000018cc01d7050, 0x0000018cc01d7560,
0x0000018cc01d5c10, 0x0000018cc01d6120, 0x0000018cd8b74580, 0x0000018cc7354590,
0x0000018cdfc57be0, 0x0000018cdfc58600, 0x0000018cdfc55d80, 0x0000018cdfc59530,
0x0000018cdfc571c0, 0x0000018cdfc576d0, 0x0000018cdfc58b10, 0x0000018cdfc580f0,
0x0000018cdfc59020, 0x0000018cdfc56290, 0x0000018cccf25cd0, 0x0000018cccf27b30,
0x0000018cccf257c0, 0x0000018cccf266f0, 0x0000018cccf24890, 0x0000018cccf261e0,
0x0000018cccf24da0, 0x0000018cccf28040, 0x0000018cccf27110, 0x0000018ce05d5f50,
0x0000018ce05d6460, 0x0000018cdfc56cb0, 0x0000018cccb83fd0, 0x0000018cccb835b0,
0x0000018cccb849f0, 0x0000018cccb83ac0, 0x0000018cccb830a0, 0x0000018cccb844e0,
0x0000018ce04b4d00, 0x0000018ce04b6140, 0x0000018ce04b84b0, 0x0000018ce04b5210,
0x0000018cc7048010, 0x0000018cc70466c0, 0x0000018cc70470e0, 0x0000018cc556e110,
0x0000018cc556ccd0, 0x0000018cc556e620, 0x0000018cc7353b70, 0x0000018cc7354080,
0x0000018cc7e09d00, 0x0000018cc7e07990, 0x0000018cc7e097f0, 0x0000018cbdee8df0,
0x0000018cbdee9300, 0x0000018cbdeeb160, 0x0000018cbdee7ec0, 0x0000018cdf8805e0,
0x0000018cdf881f30, 0x0000018cc7abf570, 0x0000018cbc866880, 0x0000018cc556f040,
0x0000018cc7e07ea0, 0x0000018ce0d377c0, 0x0000018cc7e06f70, 0x0000018cc7e083b0,
0x0000018ce0d35e70, 0x0000018cc7e0a210, 0x0000018ce0d381e0, 0x0000018cc7e092e0,
0x0000018cbbfbfcb0, 0x0000018cc7e07480, 0x0000018ce0d36da0, 0x0000018ce0d372b0,
0x0000018ce0d36380, 0x0000018ce0d36890, 0x0000018ce0d39110, 0x0000018ce0d37cd0,
0x0000018ce0d386f0, 0x0000018ce0d38c00, 0x0000018ce0d35960, 0x0000018ce0b29ee0,
0x0000018ce0b28fb0, 0x0000018cbdee9810, 0x0000018ce398a090, 0x0000018ce3989160,
0x0000018cdf87fbc0, 0x0000018cdf882950, 0x0000018cd8b77820, 0x0000018cd8b76e00,
0x0000018cc7ac1df0, 0x0000018ce0b299d0, 0x0000018ce0b28080, 0x0000018cd8c349c0,
0x0000018cd8c353e0, 0x0000018ce0b2b830, 0x0000018cc7ac04a0, 0x0000018cbc864a20,
0x0000018cd8c344b0, 0x0000018cbc866d90, 0x0000018cdf881000, 0x0000018cbbcbf6c0,
0x0000018cd8c33fa0, 0x0000018cd8c358f0, 0x0000018cd8b759c0, 0x0000018ccfb52190,
0x0000018ccfb516f0
}

Java Threads: ( => current thread )
  0x0000018c965108d0 JavaThread "main" [_thread_blocked, id=24320, stack(0x0000006997100000,0x0000006997200000)]
  0x0000018cb5562660 JavaThread "Reference Handler" daemon [_thread_blocked, id=23260, stack(0x0000006997800000,0x0000006997900000)]
  0x0000018cb55633f0 JavaThread "Finalizer" daemon [_thread_blocked, id=17816, stack(0x0000006997900000,0x0000006997a00000)]
  0x0000018cb55b55a0 JavaThread "Signal Dispatcher" daemon [_thread_blocked, id=20388, stack(0x0000006997a00000,0x0000006997b00000)]
  0x0000018cb55b8140 JavaThread "Attach Listener" daemon [_thread_blocked, id=2884, stack(0x0000006997b00000,0x0000006997c00000)]
  0x0000018cb55b9c70 JavaThread "Service Thread" daemon [_thread_blocked, id=4544, stack(0x0000006997c00000,0x0000006997d00000)]
  0x0000018cb55bac40 JavaThread "Monitor Deflation Thread" daemon [_thread_blocked, id=1128, stack(0x0000006997d00000,0x0000006997e00000)]
  0x0000018cb55bb9e0 JavaThread "C2 CompilerThread0" daemon [_thread_in_native, id=29068, stack(0x0000006997e00000,0x0000006997f00000)]
  0x0000018cb55bc8a0 JavaThread "C1 CompilerThread0" daemon [_thread_blocked, id=8756, stack(0x0000006997f00000,0x0000006998000000)]
  0x0000018cb55bd2a0 JavaThread "Sweeper thread" daemon [_thread_in_vm, id=29036, stack(0x0000006998000000,0x0000006998100000)]
  0x0000018cb56d6420 JavaThread "Common-Cleaner" daemon [_thread_blocked, id=22756, stack(0x0000006998100000,0x0000006998200000)]
  0x0000018cb5802ad0 JavaThread "Notification Thread" daemon [_thread_blocked, id=28884, stack(0x0000006998200000,0x0000006998300000)]
  0x0000018cbb7c7580 JavaThread "Daemon health stats" [_thread_blocked, id=9824, stack(0x0000006998a00000,0x0000006998b00000)]
  0x0000018cbba91a00 JavaThread "Incoming local TCP Connector on port 37684" [_thread_in_native, id=23336, stack(0x0000006998500000,0x0000006998600000)]
  0x0000018cbbf3a4f0 JavaThread "Daemon periodic checks" [_thread_blocked, id=10828, stack(0x0000006998b00000,0x0000006998c00000)]
  0x0000018cbc48cf20 JavaThread "Cache worker for journal cache (C:\Users\zamal\.gradle\caches\journal-1)" [_thread_blocked, id=21680, stack(0x0000006999900000,0x0000006999a00000)]
  0x0000018cbc48bff0 JavaThread "File lock request listener" [_thread_in_native, id=25880, stack(0x0000006999a00000,0x0000006999b00000)]
  0x0000018cbc48c500 JavaThread "Cache worker for file hash cache (C:\Users\zamal\.gradle\caches\8.7\fileHashes)" [_thread_blocked, id=31064, stack(0x0000006999b00000,0x0000006999c00000)]
  0x0000018cbc18a420 JavaThread "File watcher server" daemon [_thread_in_native, id=31244, stack(0x0000006999f00000,0x000000699a000000)]
  0x0000018cbc18ae40 JavaThread "File watcher consumer" daemon [_thread_blocked, id=27640, stack(0x000000699a000000,0x000000699a100000)]
  0x0000018cbcd6c960 JavaThread "Cache worker for file content cache (C:\Users\zamal\.gradle\caches\8.7\fileContent)" [_thread_blocked, id=16380, stack(0x000000699a400000,0x000000699a500000)]
  0x0000018cbcd6d890 JavaThread "jar transforms" [_thread_blocked, id=5548, stack(0x000000699a500000,0x000000699a600000)]
  0x0000018cbcd6b010 JavaThread "Memory manager" [_thread_blocked, id=30564, stack(0x000000699a700000,0x000000699a800000)]
  0x0000018cbc1435d0 JavaThread "jar transforms Thread 2" [_thread_blocked, id=28680, stack(0x000000699de00000,0x000000699df00000)]
  0x0000018cbc146d80 JavaThread "jar transforms Thread 3" [_thread_blocked, id=14728, stack(0x000000699df00000,0x000000699e000000)]
  0x0000018cbc147cb0 JavaThread "jar transforms Thread 4" [_thread_blocked, id=28108, stack(0x000000699e100000,0x000000699e200000)]
  0x0000018cbc140d50 JavaThread "jar transforms Thread 5" [_thread_blocked, id=32440, stack(0x0000006999d00000,0x0000006999e00000)]
  0x0000018cbaaee5c0 JavaThread "jar transforms Thread 6" [_thread_blocked, id=31508, stack(0x000000699f400000,0x000000699f500000)]
  0x0000018cbaae9ee0 JavaThread "jar transforms Thread 7" [_thread_blocked, id=19092, stack(0x000000699f500000,0x000000699f600000)]
  0x0000018cbaaeb320 JavaThread "jar transforms Thread 8" [_thread_blocked, id=16188, stack(0x000000699f600000,0x000000699f700000)]
  0x0000018cbaaeb830 JavaThread "jar transforms Thread 9" [_thread_blocked, id=3160, stack(0x000000699f700000,0x000000699f800000)]
  0x0000018cc03857a0 JavaThread "jar transforms Thread 10" [_thread_blocked, id=7708, stack(0x00000069a0e00000,0x00000069a0f00000)]
  0x0000018cc6929a70 JavaThread "jar transforms Thread 11" [_thread_blocked, id=1460, stack(0x00000069a0f00000,0x00000069a1000000)]
  0x0000018cc69258a0 JavaThread "jar transforms Thread 12" [_thread_blocked, id=28752, stack(0x00000069a1e00000,0x00000069a1f00000)]
  0x0000018cc001f010 JavaThread "pool-12-thread-1" [_thread_blocked, id=5352, stack(0x00000069a4000000,0x00000069a4100000)]
  0x0000018cbdee9d20 JavaThread "pool-15-thread-1" [_thread_blocked, id=31624, stack(0x00000069a4800000,0x00000069a4900000)]
  0x0000018cc73425e0 JavaThread "Daemon Thread 8" [_thread_blocked, id=30588, stack(0x0000006996e00000,0x0000006996f00000)]
  0x0000018cc64dae50 JavaThread "Handler for socket connection from /127.0.0.1:37684 to /127.0.0.1:41326" [_thread_in_native, id=25400, stack(0x0000006996f00000,0x0000006997000000)]
  0x0000018cc64d9a10 JavaThread "Cancel handler" [_thread_blocked, id=19156, stack(0x0000006997000000,0x0000006997100000)]
  0x0000018cc64d76a0 JavaThread "Daemon worker Thread 8" [_thread_blocked, id=25388, stack(0x0000006998400000,0x0000006998500000)]
  0x0000018cc0021890 JavaThread "Asynchronous log dispatcher for DefaultDaemonConnection: socket connection from /127.0.0.1:37684 to /127.0.0.1:41326" [_thread_blocked, id=20420, stack(0x0000006998c00000,0x0000006998d00000)]
  0x0000018cc001fa30 JavaThread "Stdin handler" [_thread_blocked, id=21248, stack(0x0000006998d00000,0x0000006998e00000)]
  0x0000018cc00227c0 JavaThread "Daemon client event forwarder" [_thread_blocked, id=31768, stack(0x0000006998e00000,0x0000006998f00000)]
  0x0000018cc0020960 JavaThread "Cache worker for file hash cache (C:\Users\zamal\Documents\mobileabsensi\android\.gradle\8.7\fileHashes)" [_thread_blocked, id=9568, stack(0x0000006998f00000,0x0000006999000000)]
  0x0000018cc0020e70 JavaThread "Cache worker for checksums cache (C:\Users\zamal\Documents\mobileabsensi\android\.gradle\8.7\checksums)" [_thread_blocked, id=12268, stack(0x0000006999000000,0x0000006999100000)]
  0x0000018cc00222b0 JavaThread "Cache worker for cache directory md-supplier (C:\Users\zamal\.gradle\caches\8.7\md-supplier)" [_thread_blocked, id=32064, stack(0x0000006999100000,0x0000006999200000)]
  0x0000018cc001f520 JavaThread "Cache worker for cache directory md-rule (C:\Users\zamal\.gradle\caches\8.7\md-rule)" [_thread_blocked, id=18292, stack(0x0000006999c00000,0x0000006999d00000)]
  0x0000018cc001ff40 JavaThread "Cache worker for Build Output Cleanup Cache (C:\Users\zamal\Documents\flutter\packages\flutter_tools\gradle\.gradle\buildOutputCleanup)" [_thread_blocked, id=23436, stack(0x0000006999e00000,0x0000006999f00000)]
  0x0000018cc0021380 JavaThread "included builds" [_thread_blocked, id=16824, stack(0x000000699a100000,0x000000699a200000)]
  0x0000018cc0482f70 JavaThread "Execution worker" [_thread_blocked, id=31404, stack(0x000000699a200000,0x000000699a300000)]
  0x0000018cc0486720 JavaThread "Execution worker Thread 2" [_thread_blocked, id=11340, stack(0x000000699a300000,0x000000699a400000)]
  0x0000018cc0486210 JavaThread "Execution worker Thread 3" [_thread_blocked, id=26332, stack(0x000000699a600000,0x000000699a700000)]
  0x0000018cc0483480 JavaThread "Execution worker Thread 4" [_thread_blocked, id=7664, stack(0x000000699a800000,0x000000699a900000)]
  0x0000018cc0483990 JavaThread "Execution worker Thread 5" [_thread_blocked, id=26456, stack(0x000000699a900000,0x000000699aa00000)]
  0x0000018cc04843b0 JavaThread "Execution worker Thread 6" [_thread_blocked, id=15320, stack(0x000000699aa00000,0x000000699ab00000)]
  0x0000018cc04848c0 JavaThread "Execution worker Thread 7" [_thread_in_Java, id=30956, stack(0x000000699ab00000,0x000000699ac00000)]
  0x0000018cc0484dd0 JavaThread "Execution worker Thread 8" [_thread_blocked, id=31560, stack(0x000000699ac00000,0x000000699ad00000)]
  0x0000018cc04857f0 JavaThread "Execution worker Thread 9" [_thread_blocked, id=12152, stack(0x000000699ad00000,0x000000699ae00000)]
  0x0000018cc0485d00 JavaThread "Execution worker Thread 10" [_thread_blocked, id=14240, stack(0x000000699ae00000,0x000000699af00000)]
  0x0000018cc8feeea0 JavaThread "Execution worker Thread 11" [_thread_blocked, id=26172, stack(0x000000699af00000,0x000000699b000000)]
  0x0000018cbe499580 JavaThread "Cache worker for execution history cache (C:\Users\zamal\Documents\flutter\packages\flutter_tools\gradle\.gradle\8.7\executionHistory)" [_thread_blocked, id=30208, stack(0x000000699b000000,0x000000699b100000)]
  0x0000018cbe49aed0 JavaThread "Unconstrained build operations" [_thread_blocked, id=30328, stack(0x000000699b100000,0x000000699b200000)]
  0x0000018cbe497c30 JavaThread "Unconstrained build operations Thread 2" [_thread_blocked, id=32676, stack(0x000000699b200000,0x000000699b300000)]
  0x0000018cbe498140 JavaThread "Unconstrained build operations Thread 3" [_thread_blocked, id=26180, stack(0x000000699b300000,0x000000699b400000)]
  0x0000018cbe498b60 JavaThread "Unconstrained build operations Thread 4" [_thread_blocked, id=15516, stack(0x000000699b400000,0x000000699b500000)]
  0x0000018cbe499fa0 JavaThread "Unconstrained build operations Thread 5" [_thread_blocked, id=27736, stack(0x000000699b500000,0x000000699b600000)]
  0x0000018cbe499070 JavaThread "Unconstrained build operations Thread 6" [_thread_blocked, id=25592, stack(0x000000699b600000,0x000000699b700000)]
  0x0000018cbe499a90 JavaThread "Unconstrained build operations Thread 7" [_thread_blocked, id=11684, stack(0x000000699b700000,0x000000699b800000)]
  0x0000018cbe49a4b0 JavaThread "Unconstrained build operations Thread 8" [_thread_blocked, id=31952, stack(0x000000699b800000,0x000000699b900000)]
  0x0000018cbe49a9c0 JavaThread "Unconstrained build operations Thread 9" [_thread_blocked, id=29600, stack(0x000000699b900000,0x000000699ba00000)]
  0x0000018ccd58bec0 JavaThread "Unconstrained build operations Thread 10" [_thread_blocked, id=11780, stack(0x000000699ba00000,0x000000699bb00000)]
  0x0000018cc032afc0 JavaThread "Unconstrained build operations Thread 11" [_thread_blocked, id=25028, stack(0x000000699bc00000,0x000000699bd00000)]
  0x0000018cc032bef0 JavaThread "Unconstrained build operations Thread 12" [_thread_blocked, id=32448, stack(0x000000699c600000,0x000000699c700000)]
  0x0000018cc032a5a0 JavaThread "Unconstrained build operations Thread 13" [_thread_blocked, id=30492, stack(0x000000699c700000,0x000000699c800000)]
  0x0000018cc0329b80 JavaThread "Unconstrained build operations Thread 14" [_thread_blocked, id=22880, stack(0x000000699c800000,0x000000699c900000)]
  0x0000018cc032b4d0 JavaThread "Unconstrained build operations Thread 15" [_thread_blocked, id=28792, stack(0x000000699c900000,0x000000699ca00000)]
  0x0000018cc0021da0 JavaThread "Unconstrained build operations Thread 16" [_thread_blocked, id=10244, stack(0x000000699ca00000,0x000000699cb00000)]
  0x0000018cbdb33490 JavaThread "Unconstrained build operations Thread 17" [_thread_blocked, id=26348, stack(0x000000699cb00000,0x000000699cc00000)]
  0x0000018cbdb35800 JavaThread "Unconstrained build operations Thread 18" [_thread_blocked, id=22560, stack(0x000000699cc00000,0x000000699cd00000)]
  0x0000018cbdb34de0 JavaThread "Unconstrained build operations Thread 19" [_thread_blocked, id=19572, stack(0x000000699cd00000,0x000000699ce00000)]
  0x0000018cbdb32050 JavaThread "Unconstrained build operations Thread 20" [_thread_blocked, id=27588, stack(0x000000699ce00000,0x000000699cf00000)]
  0x0000018cbdb339a0 JavaThread "Unconstrained build operations Thread 21" [_thread_blocked, id=23216, stack(0x000000699cf00000,0x000000699d000000)]
  0x0000018cbdb32560 JavaThread "Cache worker for Build Output Cleanup Cache (C:\Users\zamal\Documents\mobileabsensi\android\.gradle\buildOutputCleanup)" [_thread_blocked, id=30016, stack(0x000000699d000000,0x000000699d100000)]
  0x0000018ccd58b9b0 JavaThread "Unconstrained build operations Thread 22" [_thread_blocked, id=26776, stack(0x000000699bb00000,0x000000699bc00000)]
  0x0000018ccd58cdf0 JavaThread "Unconstrained build operations Thread 23" [_thread_blocked, id=30020, stack(0x000000699be00000,0x000000699bf00000)]
  0x0000018ccd58af90 JavaThread "Unconstrained build operations Thread 24" [_thread_blocked, id=28044, stack(0x000000699c200000,0x000000699c300000)]
  0x0000018ccd58b4a0 JavaThread "Unconstrained build operations Thread 25" [_thread_blocked, id=13576, stack(0x000000699c300000,0x000000699c400000)]
  0x0000018ccd58d300 JavaThread "Unconstrained build operations Thread 26" [_thread_blocked, id=29220, stack(0x000000699c400000,0x000000699c500000)]
  0x0000018ccd58d810 JavaThread "Unconstrained build operations Thread 27" [_thread_blocked, id=1148, stack(0x000000699c500000,0x000000699c600000)]
  0x0000018ccd58a060 JavaThread "Unconstrained build operations Thread 28" [_thread_blocked, id=15644, stack(0x000000699d200000,0x000000699d300000)]
  0x0000018cca6c0760 JavaThread "Unconstrained build operations Thread 29" [_thread_blocked, id=20176, stack(0x000000699d300000,0x000000699d400000)]
  0x0000018cca6c0c70 JavaThread "Unconstrained build operations Thread 30" [_thread_blocked, id=14420, stack(0x000000699d400000,0x000000699d500000)]
  0x0000018cc80297d0 JavaThread "Unconstrained build operations Thread 31" [_thread_blocked, id=12412, stack(0x000000699d500000,0x000000699d600000)]
  0x0000018cc802b630 JavaThread "Unconstrained build operations Thread 32" [_thread_blocked, id=32384, stack(0x000000699d600000,0x000000699d700000)]
  0x0000018cc802c050 JavaThread "Kotlin DSL Writer" [_thread_blocked, id=15276, stack(0x000000699d800000,0x000000699d900000)]
  0x0000018cc7ac09b0 JavaThread "Unconstrained build operations Thread 33" [_thread_blocked, id=26008, stack(0x000000699d900000,0x000000699da00000)]
  0x0000018cc0329160 JavaThread "Unconstrained build operations Thread 34" [_thread_blocked, id=31864, stack(0x000000699da00000,0x000000699db00000)]
  0x0000018cc032a090 JavaThread "Unconstrained build operations Thread 35" [_thread_blocked, id=8308, stack(0x000000699db00000,0x000000699dc00000)]
  0x0000018cc032aab0 JavaThread "Unconstrained build operations Thread 36" [_thread_blocked, id=28092, stack(0x000000699dc00000,0x000000699dd00000)]
  0x0000018cc0329670 JavaThread "Unconstrained build operations Thread 37" [_thread_blocked, id=32252, stack(0x000000699dd00000,0x000000699de00000)]
  0x0000018cbc865440 JavaThread "Unconstrained build operations Thread 38" [_thread_blocked, id=30236, stack(0x000000699e000000,0x000000699e100000)]
  0x0000018cbc866370 JavaThread "Unconstrained build operations Thread 39" [_thread_blocked, id=18072, stack(0x000000699e200000,0x000000699e300000)]
  0x0000018cbdb348d0 JavaThread "Unconstrained build operations Thread 40" [_thread_blocked, id=24816, stack(0x000000699e300000,0x000000699e400000)]
  0x0000018cbdb33eb0 JavaThread "Unconstrained build operations Thread 41" [_thread_blocked, id=20368, stack(0x000000699e400000,0x000000699e500000)]
  0x0000018cbdb32a70 JavaThread "Unconstrained build operations Thread 42" [_thread_blocked, id=30200, stack(0x000000699e500000,0x000000699e600000)]
  0x0000018cbdb32f80 JavaThread "Unconstrained build operations Thread 43" [_thread_blocked, id=27868, stack(0x000000699e600000,0x000000699e700000)]
  0x0000018cc8fedf70 JavaThread "Unconstrained build operations Thread 44" [_thread_blocked, id=15436, stack(0x000000699d700000,0x000000699d800000)]
  0x0000018cc8fee480 JavaThread "Unconstrained build operations Thread 45" [_thread_blocked, id=30468, stack(0x000000699e700000,0x000000699e800000)]
  0x0000018cc8ff02e0 JavaThread "Unconstrained build operations Thread 46" [_thread_blocked, id=15264, stack(0x000000699ea00000,0x000000699eb00000)]
  0x0000018cc8feda60 JavaThread "Unconstrained build operations Thread 47" [_thread_blocked, id=10548, stack(0x000000699eb00000,0x000000699ec00000)]
  0x0000018cc8fef8c0 JavaThread "Unconstrained build operations Thread 48" [_thread_in_Java, id=12848, stack(0x000000699ec00000,0x000000699ed00000)]
  0x0000018cc8fee990 JavaThread "Unconstrained build operations Thread 49" [_thread_blocked, id=32636, stack(0x000000699ed00000,0x000000699ee00000)]
  0x0000018cc8fed550 JavaThread "Unconstrained build operations Thread 50" [_thread_blocked, id=15888, stack(0x000000699ee00000,0x000000699ef00000)]
  0x0000018cc8fef3b0 JavaThread "Unconstrained build operations Thread 51" [_thread_in_Java, id=27848, stack(0x000000699f100000,0x000000699f200000)]
  0x0000018cc8fefdd0 JavaThread "Unconstrained build operations Thread 52" [_thread_blocked, id=6160, stack(0x000000699f200000,0x000000699f300000)]
  0x0000018cc8ff07f0 JavaThread "Unconstrained build operations Thread 53" [_thread_blocked, id=31060, stack(0x000000699f300000,0x000000699f400000)]
  0x0000018cc8fed040 JavaThread "Unconstrained build operations Thread 54" [_thread_in_Java, id=15824, stack(0x000000699f800000,0x000000699f900000)]
  0x0000018cc64d8ae0 JavaThread "Unconstrained build operations Thread 55" [_thread_in_vm, id=18348, stack(0x000000699f900000,0x000000699fa00000)]
  0x0000018cdf8800d0 JavaThread "Unconstrained build operations Thread 56" [_thread_blocked, id=28740, stack(0x000000699fa00000,0x000000699fb00000)]
  0x0000018cdf880af0 JavaThread "Unconstrained build operations Thread 57" [_thread_blocked, id=1520, stack(0x000000699fb00000,0x000000699fc00000)]
  0x0000018cdf883370 JavaThread "Unconstrained build operations Thread 58" [_thread_blocked, id=3256, stack(0x000000699fc00000,0x000000699fd00000)]
  0x0000018cbabcd740 JavaThread "Unconstrained build operations Thread 59" [_thread_blocked, id=22648, stack(0x000000699fd00000,0x000000699fe00000)]
  0x0000018cbabccd20 JavaThread "Unconstrained build operations Thread 60" [_thread_in_vm, id=22868, stack(0x000000699fe00000,0x000000699ff00000)]
  0x0000018cbabcaec0 JavaThread "Unconstrained build operations Thread 61" [_thread_in_Java, id=17308, stack(0x000000699ff00000,0x00000069a0000000)]
  0x0000018cc802ac10 JavaThread "Unconstrained build operations Thread 62" [_thread_blocked, id=28328, stack(0x00000069a0000000,0x00000069a0100000)]
  0x0000018cc802bb40 JavaThread "Unconstrained build operations Thread 63" [_thread_blocked, id=13552, stack(0x00000069a0100000,0x00000069a0200000)]
  0x0000018cc802c560 JavaThread "Unconstrained build operations Thread 64" [_thread_blocked, id=26116, stack(0x00000069a0200000,0x00000069a0300000)]
  0x0000018cc802ca70 JavaThread "Unconstrained build operations Thread 65" [_thread_blocked, id=23868, stack(0x00000069a0300000,0x00000069a0400000)]
  0x0000018cc802cf80 JavaThread "Unconstrained build operations Thread 66" [_thread_in_vm, id=31544, stack(0x00000069a0400000,0x00000069a0500000)]
  0x0000018cc01d6630 JavaThread "Unconstrained build operations Thread 67" [_thread_blocked, id=23032, stack(0x00000069a0500000,0x00000069a0600000)]
  0x0000018cc01d7050 JavaThread "Unconstrained build operations Thread 68" [_thread_blocked, id=25892, stack(0x00000069a0600000,0x00000069a0700000)]
  0x0000018cc01d7560 JavaThread "Unconstrained build operations Thread 69" [_thread_in_Java, id=1144, stack(0x00000069a0700000,0x00000069a0800000)]
  0x0000018cc01d5c10 JavaThread "Unconstrained build operations Thread 70" [_thread_blocked, id=32000, stack(0x00000069a0800000,0x00000069a0900000)]
  0x0000018cc01d6120 JavaThread "Unconstrained build operations Thread 71" [_thread_in_Java, id=26856, stack(0x00000069a0900000,0x00000069a0a00000)]
  0x0000018cd8b74580 JavaThread "Unconstrained build operations Thread 72" [_thread_blocked, id=24400, stack(0x00000069a0a00000,0x00000069a0b00000)]
  0x0000018cc7354590 JavaThread "Unconstrained build operations Thread 73" [_thread_blocked, id=9856, stack(0x000000699f000000,0x000000699f100000)]
  0x0000018cdfc57be0 JavaThread "Unconstrained build operations Thread 74" [_thread_blocked, id=32756, stack(0x00000069a0b00000,0x00000069a0c00000)]
  0x0000018cdfc58600 JavaThread "Unconstrained build operations Thread 75" [_thread_blocked, id=17124, stack(0x00000069a0c00000,0x00000069a0d00000)]
  0x0000018cdfc55d80 JavaThread "Unconstrained build operations Thread 76" [_thread_blocked, id=22024, stack(0x00000069a0d00000,0x00000069a0e00000)]
  0x0000018cdfc59530 JavaThread "Unconstrained build operations Thread 77" [_thread_blocked, id=13892, stack(0x00000069a1000000,0x00000069a1100000)]
  0x0000018cdfc571c0 JavaThread "Unconstrained build operations Thread 78" [_thread_blocked, id=24936, stack(0x00000069a1100000,0x00000069a1200000)]
  0x0000018cdfc576d0 JavaThread "Unconstrained build operations Thread 79" [_thread_blocked, id=4184, stack(0x00000069a1200000,0x00000069a1300000)]
  0x0000018cdfc58b10 JavaThread "Unconstrained build operations Thread 80" [_thread_blocked, id=29944, stack(0x00000069a1300000,0x00000069a1400000)]
  0x0000018cdfc580f0 JavaThread "Unconstrained build operations Thread 81" [_thread_blocked, id=4432, stack(0x00000069a1400000,0x00000069a1500000)]
  0x0000018cdfc59020 JavaThread "Unconstrained build operations Thread 82" [_thread_blocked, id=2888, stack(0x00000069a1500000,0x00000069a1600000)]
  0x0000018cdfc56290 JavaThread "Unconstrained build operations Thread 83" [_thread_blocked, id=29380, stack(0x00000069a1600000,0x00000069a1700000)]
  0x0000018cccf25cd0 JavaThread "Unconstrained build operations Thread 84" [_thread_blocked, id=29040, stack(0x000000699d100000,0x000000699d200000)]
  0x0000018cccf27b30 JavaThread "Unconstrained build operations Thread 85" [_thread_blocked, id=31288, stack(0x00000069a1700000,0x00000069a1800000)]
  0x0000018cccf257c0 JavaThread "Unconstrained build operations Thread 86" [_thread_blocked, id=8000, stack(0x00000069a1800000,0x00000069a1900000)]
  0x0000018cccf266f0 JavaThread "Unconstrained build operations Thread 87" [_thread_blocked, id=1992, stack(0x00000069a1900000,0x00000069a1a00000)]
  0x0000018cccf24890 JavaThread "Unconstrained build operations Thread 88" [_thread_blocked, id=6864, stack(0x00000069a1a00000,0x00000069a1b00000)]
  0x0000018cccf261e0 JavaThread "Unconstrained build operations Thread 89" [_thread_blocked, id=21692, stack(0x00000069a1b00000,0x00000069a1c00000)]
  0x0000018cccf24da0 JavaThread "Unconstrained build operations Thread 90" [_thread_blocked, id=5712, stack(0x00000069a1c00000,0x00000069a1d00000)]
  0x0000018cccf28040 JavaThread "Unconstrained build operations Thread 91" [_thread_blocked, id=12460, stack(0x00000069a1d00000,0x00000069a1e00000)]
  0x0000018cccf27110 JavaThread "Unconstrained build operations Thread 92" [_thread_blocked, id=30500, stack(0x00000069a1f00000,0x00000069a2000000)]
  0x0000018ce05d5f50 JavaThread "Unconstrained build operations Thread 93" [_thread_blocked, id=15316, stack(0x00000069a2000000,0x00000069a2100000)]
  0x0000018ce05d6460 JavaThread "Unconstrained build operations Thread 94" [_thread_blocked, id=18940, stack(0x00000069a2100000,0x00000069a2200000)]
  0x0000018cdfc56cb0 JavaThread "Unconstrained build operations Thread 95" [_thread_blocked, id=11016, stack(0x00000069a2200000,0x00000069a2300000)]
  0x0000018cccb83fd0 JavaThread "Unconstrained build operations Thread 96" [_thread_blocked, id=14648, stack(0x00000069a2300000,0x00000069a2400000)]
  0x0000018cccb835b0 JavaThread "Unconstrained build operations Thread 97" [_thread_blocked, id=14852, stack(0x00000069a2400000,0x00000069a2500000)]
  0x0000018cccb849f0 JavaThread "Unconstrained build operations Thread 98" [_thread_blocked, id=18192, stack(0x00000069a2500000,0x00000069a2600000)]
  0x0000018cccb83ac0 JavaThread "Unconstrained build operations Thread 99" [_thread_blocked, id=30412, stack(0x00000069a2600000,0x00000069a2700000)]
  0x0000018cccb830a0 JavaThread "Unconstrained build operations Thread 100" [_thread_blocked, id=15080, stack(0x00000069a2700000,0x00000069a2800000)]
  0x0000018cccb844e0 JavaThread "Unconstrained build operations Thread 101" [_thread_blocked, id=25812, stack(0x00000069a2800000,0x00000069a2900000)]
  0x0000018ce04b4d00 JavaThread "Unconstrained build operations Thread 102" [_thread_blocked, id=29576, stack(0x00000069a2900000,0x00000069a2a00000)]
  0x0000018ce04b6140 JavaThread "Unconstrained build operations Thread 103" [_thread_blocked, id=16624, stack(0x00000069a2a00000,0x00000069a2b00000)]
  0x0000018ce04b84b0 JavaThread "Unconstrained build operations Thread 104" [_thread_blocked, id=18604, stack(0x00000069a2b00000,0x00000069a2c00000)]
  0x0000018ce04b5210 JavaThread "Unconstrained build operations Thread 105" [_thread_blocked, id=17804, stack(0x00000069a2c00000,0x00000069a2d00000)]
  0x0000018cc7048010 JavaThread "Unconstrained build operations Thread 106" [_thread_blocked, id=19312, stack(0x00000069a2d00000,0x00000069a2e00000)]
  0x0000018cc70466c0 JavaThread "Unconstrained build operations Thread 107" [_thread_blocked, id=2472, stack(0x00000069a2e00000,0x00000069a2f00000)]
  0x0000018cc70470e0 JavaThread "Unconstrained build operations Thread 108" [_thread_blocked, id=26032, stack(0x00000069a2f00000,0x00000069a3000000)]
  0x0000018cc556e110 JavaThread "Unconstrained build operations Thread 109" [_thread_blocked, id=29152, stack(0x00000069a3000000,0x00000069a3100000)]
  0x0000018cc556ccd0 JavaThread "Unconstrained build operations Thread 110" [_thread_blocked, id=30220, stack(0x00000069a3100000,0x00000069a3200000)]
  0x0000018cc556e620 JavaThread "Unconstrained build operations Thread 111" [_thread_blocked, id=29312, stack(0x00000069a3200000,0x00000069a3300000)]
  0x0000018cc7353b70 JavaThread "Unconstrained build operations Thread 112" [_thread_blocked, id=20180, stack(0x00000069a3300000,0x00000069a3400000)]
  0x0000018cc7354080 JavaThread "Unconstrained build operations Thread 113" [_thread_blocked, id=8416, stack(0x00000069a3400000,0x00000069a3500000)]
  0x0000018cc7e09d00 JavaThread "Unconstrained build operations Thread 114" [_thread_blocked, id=15812, stack(0x00000069a3500000,0x00000069a3600000)]
  0x0000018cc7e07990 JavaThread "Unconstrained build operations Thread 115" [_thread_blocked, id=31088, stack(0x00000069a3600000,0x00000069a3700000)]
  0x0000018cc7e097f0 JavaThread "Unconstrained build operations Thread 116" [_thread_blocked, id=20620, stack(0x00000069a4100000,0x00000069a4200000)]
  0x0000018cbdee8df0 JavaThread "Unconstrained build operations Thread 117" [_thread_blocked, id=27272, stack(0x00000069a4200000,0x00000069a4300000)]
  0x0000018cbdee9300 JavaThread "Unconstrained build operations Thread 118" [_thread_blocked, id=28652, stack(0x00000069a4300000,0x00000069a4400000)]
  0x0000018cbdeeb160 JavaThread "Unconstrained build operations Thread 119" [_thread_blocked, id=26344, stack(0x00000069a4400000,0x00000069a4500000)]
  0x0000018cbdee7ec0 JavaThread "Unconstrained build operations Thread 120" [_thread_blocked, id=11292, stack(0x00000069a4500000,0x00000069a4600000)]
  0x0000018cdf8805e0 JavaThread "pool-18-thread-1" [_thread_blocked, id=19000, stack(0x00000069a4700000,0x00000069a4800000)]
  0x0000018cdf881f30 JavaThread "build event listener" [_thread_blocked, id=27856, stack(0x00000069a4900000,0x00000069a4a00000)]
  0x0000018cc7abf570 JavaThread "Cache worker for execution history cache (C:\Users\zamal\Documents\mobileabsensi\android\.gradle\8.7\executionHistory)" [_thread_blocked, id=752, stack(0x000000699ef00000,0x000000699f000000)]
  0x0000018cbc866880 JavaThread "WorkerExecutor Queue Thread 2" [_thread_blocked, id=23196, stack(0x00000069a4c00000,0x00000069a4d00000)]
  0x0000018cc556f040 JavaThread "WorkerExecutor Queue Thread 3" [_thread_blocked, id=30728, stack(0x00000069a4d00000,0x00000069a4e00000)]
  0x0000018cc7e07ea0 JavaThread "WorkerExecutor Queue Thread 4" [_thread_blocked, id=10136, stack(0x00000069a4e00000,0x00000069a4f00000)]
  0x0000018ce0d377c0 JavaThread "WorkerExecutor Queue Thread 5" [_thread_blocked, id=25996, stack(0x00000069a4f00000,0x00000069a5000000)]
  0x0000018cc7e06f70 JavaThread "WorkerExecutor Queue Thread 6" [_thread_blocked, id=32520, stack(0x00000069a5000000,0x00000069a5100000)]
  0x0000018cc7e083b0 JavaThread "WorkerExecutor Queue Thread 8" [_thread_blocked, id=25720, stack(0x00000069a5200000,0x00000069a5300000)]
  0x0000018ce0d35e70 JavaThread "WorkerExecutor Queue Thread 9" [_thread_blocked, id=11952, stack(0x00000069a5300000,0x00000069a5400000)]
  0x0000018cc7e0a210 JavaThread "WorkerExecutor Queue Thread 10" [_thread_blocked, id=29120, stack(0x00000069a5400000,0x00000069a5500000)]
  0x0000018ce0d381e0 JavaThread "WorkerExecutor Queue Thread 12" [_thread_blocked, id=19780, stack(0x00000069a5600000,0x00000069a5700000)]
  0x0000018cc7e092e0 JavaThread "WorkerExecutor Queue Thread 14" [_thread_blocked, id=29896, stack(0x00000069a4b00000,0x00000069a4c00000)]
  0x0000018cbbfbfcb0 JavaThread "WorkerExecutor Queue Thread 15" [_thread_blocked, id=20280, stack(0x00000069a5100000,0x00000069a5200000)]
  0x0000018cc7e07480 JavaThread "Cache worker for Java compile cache (C:\Users\zamal\.gradle\caches\8.7\javaCompile)" [_thread_blocked, id=27452, stack(0x00000069a5700000,0x00000069a5800000)]
  0x0000018ce0d36da0 JavaThread "Build operations" [_thread_blocked, id=20928, stack(0x00000069a5800000,0x00000069a5900000)]
  0x0000018ce0d372b0 JavaThread "Build operations Thread 2" [_thread_blocked, id=32048, stack(0x00000069a5900000,0x00000069a5a00000)]
  0x0000018ce0d36380 JavaThread "Build operations Thread 3" [_thread_blocked, id=11300, stack(0x00000069a5a00000,0x00000069a5b00000)]
  0x0000018ce0d36890 JavaThread "Build operations Thread 4" [_thread_blocked, id=27260, stack(0x00000069a5b00000,0x00000069a5c00000)]
  0x0000018ce0d39110 JavaThread "Build operations Thread 5" [_thread_blocked, id=9760, stack(0x00000069a5c00000,0x00000069a5d00000)]
  0x0000018ce0d37cd0 JavaThread "Build operations Thread 6" [_thread_blocked, id=25192, stack(0x00000069a5d00000,0x00000069a5e00000)]
  0x0000018ce0d386f0 JavaThread "Build operations Thread 7" [_thread_blocked, id=4380, stack(0x00000069a5e00000,0x00000069a5f00000)]
  0x0000018ce0d38c00 JavaThread "Build operations Thread 8" [_thread_blocked, id=25604, stack(0x00000069a5f00000,0x00000069a6000000)]
  0x0000018ce0d35960 JavaThread "Build operations Thread 9" [_thread_blocked, id=13644, stack(0x00000069a6000000,0x00000069a6100000)]
  0x0000018ce0b29ee0 JavaThread "Build operations Thread 10" [_thread_blocked, id=30380, stack(0x00000069a6100000,0x00000069a6200000)]
  0x0000018ce0b28fb0 JavaThread "Build operations Thread 11" [_thread_blocked, id=25920, stack(0x00000069a6200000,0x00000069a6300000)]
  0x0000018cbdee9810 JavaThread "pool-19-thread-1" [_thread_blocked, id=23796, stack(0x00000069a6300000,0x00000069a6400000)]
  0x0000018ce398a090 JavaThread "stderr" [_thread_in_native, id=23668, stack(0x00000069a6400000,0x00000069a6500000)]
  0x0000018ce3989160 JavaThread "stdout" [_thread_in_native, id=29108, stack(0x00000069a6500000,0x00000069a6600000)]
  0x0000018cdf87fbc0 JavaThread "stderr" [_thread_in_native, id=29856, stack(0x00000069a6600000,0x00000069a6700000)]
  0x0000018cdf882950 JavaThread "stdout" [_thread_in_native, id=32400, stack(0x00000069a6700000,0x00000069a6800000)]
  0x0000018cd8b77820 JavaThread "stderr" [_thread_in_native, id=21404, stack(0x00000069a6800000,0x00000069a6900000)]
  0x0000018cd8b76e00 JavaThread "stdout" [_thread_in_native, id=23444, stack(0x00000069a6900000,0x00000069a6a00000)]
  0x0000018cc7ac1df0 JavaThread "Build operations Thread 12" [_thread_blocked, id=3892, stack(0x00000069a6a00000,0x00000069a6b00000)]
  0x0000018ce0b299d0 JavaThread "RMI Scheduler(0)" daemon [_thread_blocked, id=19512, stack(0x000000699bf00000,0x000000699c000000)]
  0x0000018ce0b28080 JavaThread "RMI GC Daemon" daemon [_thread_blocked, id=31904, stack(0x000000699e900000,0x000000699ea00000)]
  0x0000018cd8c349c0 JavaThread "RMI TCP Accept-0" daemon [_thread_in_native, id=7640, stack(0x00000069a4a00000,0x00000069a4b00000)]
  0x0000018cd8c353e0 JavaThread "RMI Reaper" [_thread_blocked, id=19616, stack(0x00000069a6b00000,0x00000069a6c00000)]
  0x0000018ce0b2b830 JavaThread "RMI TCP Connection(idle)" daemon [_thread_blocked, id=1140, stack(0x00000069a6c00000,0x00000069a6d00000)]
  0x0000018cc7ac04a0 JavaThread "WorkerExecutor Queue Thread 16" [_thread_blocked, id=25144, stack(0x00000069a5500000,0x00000069a5600000)]
  0x0000018cbc864a20 JavaThread "RMI TCP Connection(idle)" daemon [_thread_blocked, id=26540, stack(0x00000069a7200000,0x00000069a7300000)]
  0x0000018cd8c344b0 JavaThread "RMI TCP Connection(idle)" daemon [_thread_blocked, id=29224, stack(0x000000699c000000,0x000000699c100000)]
  0x0000018cbc866d90 JavaThread "RMI TCP Connection(idle)" daemon [_thread_blocked, id=10680, stack(0x00000069a7300000,0x00000069a7400000)]
  0x0000018cdf881000 JavaThread "RMI TCP Connection(idle)" daemon [_thread_blocked, id=25860, stack(0x00000069a7500000,0x00000069a7600000)]
  0x0000018cbbcbf6c0 JavaThread "Exec process Thread 12" [_thread_blocked, id=26524, stack(0x000000699bd00000,0x000000699be00000)]
  0x0000018cd8c33fa0 JavaThread "Exec process Thread 13" [_thread_blocked, id=8928, stack(0x000000699e800000,0x000000699e900000)]
  0x0000018cd8c358f0 JavaThread "Exec process Thread 14" [_thread_blocked, id=25760, stack(0x00000069a7000000,0x00000069a7100000)]
  0x0000018cd8b759c0 JavaThread "RMI TCP Connection(6)-127.0.0.1" daemon [_thread_in_native, id=3804, stack(0x00000069a7400000,0x00000069a7500000)]
=>0x0000018ccfb52190 JavaThread "C2 CompilerThread1" daemon [_thread_in_native, id=16996, stack(0x000000699c100000,0x000000699c200000)]
  0x0000018ccfb516f0 JavaThread "C2 CompilerThread2" daemon [_thread_in_native, id=14524, stack(0x00000069a6d00000,0x00000069a6e00000)]

Other Threads:
  0x0000018cb53ce900 VMThread "VM Thread" [stack: 0x0000006997700000,0x0000006997800000] [id=22076]
  0x0000018cb5861a20 WatcherThread [stack: 0x0000006998300000,0x0000006998400000] [id=2956]
  0x0000018c9657f830 GCTaskThread "GC Thread#0" [stack: 0x0000006997200000,0x0000006997300000] [id=14304]
  0x0000018cbb3aeb10 GCTaskThread "GC Thread#1" [stack: 0x0000006998600000,0x0000006998700000] [id=31716]
  0x0000018cbb3aedd0 GCTaskThread "GC Thread#2" [stack: 0x0000006998700000,0x0000006998800000] [id=27504]
  0x0000018cbaa9d190 GCTaskThread "GC Thread#3" [stack: 0x0000006998800000,0x0000006998900000] [id=31044]
  0x0000018cba9e19d0 GCTaskThread "GC Thread#4" [stack: 0x0000006998900000,0x0000006998a00000] [id=32420]
  0x0000018cba9dcf50 GCTaskThread "GC Thread#5" [stack: 0x0000006999200000,0x0000006999300000] [id=25836]
  0x0000018cba9dc710 GCTaskThread "GC Thread#6" [stack: 0x0000006999300000,0x0000006999400000] [id=8356]
  0x0000018cba9dd210 GCTaskThread "GC Thread#7" [stack: 0x0000006999400000,0x0000006999500000] [id=23588]
  0x0000018cba9dc9d0 GCTaskThread "GC Thread#8" [stack: 0x0000006999500000,0x0000006999600000] [id=28916]
  0x0000018cba9dbc10 GCTaskThread "GC Thread#9" [stack: 0x0000006999600000,0x0000006999700000] [id=8556]
  0x0000018c96590780 ConcurrentGCThread "G1 Main Marker" [stack: 0x0000006997300000,0x0000006997400000] [id=18032]
  0x0000018c965911a0 ConcurrentGCThread "G1 Conc#0" [stack: 0x0000006997400000,0x0000006997500000] [id=14412]
  0x0000018cba9dc190 ConcurrentGCThread "G1 Conc#1" [stack: 0x0000006999700000,0x0000006999800000] [id=30204]
  0x0000018cba9dcc90 ConcurrentGCThread "G1 Conc#2" [stack: 0x0000006999800000,0x0000006999900000] [id=18264]
  0x0000018cb5287650 ConcurrentGCThread "G1 Refine#0" [stack: 0x0000006997500000,0x0000006997600000] [id=16044]
  0x0000018cbbc21720 ConcurrentGCThread "G1 Refine#1" [stack: 0x00000069a3700000,0x00000069a3800000] [id=29204]
  0x0000018cbd415300 ConcurrentGCThread "G1 Refine#2" [stack: 0x00000069a3800000,0x00000069a3900000] [id=28164]
  0x0000018cbf59f8a0 ConcurrentGCThread "G1 Refine#3" [stack: 0x00000069a3900000,0x00000069a3a00000] [id=21356]
  0x0000018cc78c7b00 ConcurrentGCThread "G1 Refine#4" [stack: 0x00000069a3a00000,0x00000069a3b00000] [id=26028]
  0x0000018cc96b09f0 ConcurrentGCThread "G1 Refine#5" [stack: 0x00000069a3b00000,0x00000069a3c00000] [id=32236]
  0x0000018cbe819290 ConcurrentGCThread "G1 Refine#6" [stack: 0x00000069a3c00000,0x00000069a3d00000] [id=31576]
  0x0000018cbe819b60 ConcurrentGCThread "G1 Refine#7" [stack: 0x00000069a3d00000,0x00000069a3e00000] [id=19028]
  0x0000018cbd414a30 ConcurrentGCThread "G1 Refine#8" [stack: 0x00000069a3e00000,0x00000069a3f00000] [id=21420]
  0x0000018cbbc1f410 ConcurrentGCThread "G1 Refine#9" [stack: 0x00000069a3f00000,0x00000069a4000000] [id=19560]
  0x0000018cb5287f90 ConcurrentGCThread "G1 Service" [stack: 0x0000006997600000,0x0000006997700000] [id=12016]

Threads with active compile tasks:
C2 CompilerThread0  2464474 68754 %     4       com.android.tools.r8.ir.regalloc.b::b @ 2453 (4458 bytes)
C2 CompilerThread1  2464474 68574       4       com.android.tools.r8.internal.Jt::a (595 bytes)
C2 CompilerThread2  2464474 68569       4       com.android.tools.r8.ir.regalloc.b::a (1862 bytes)

VM state: not at safepoint (normal execution)

VM Mutex/Monitor currently owned by a thread:  ([mutex/lock_event])
[0x0000018c9650ce70] CompiledIC_lock - owner thread: 0x0000018cb55bd2a0

Heap address: 0x0000000700000000, size: 4096 MB, Compressed Oops mode: Zero based, Oop shift amount: 3

CDS archive(s) not mapped
Compressed class space mapped at: 0x0000000800000000-0x0000000840000000, reserved size: 1073741824
Narrow klass base: 0x0000000800000000, Narrow klass shift: 0, Narrow klass range: 0x40000000

GC Precious Log:
 CPUs: 12 total, 12 available
 Memory: 15688M
 Large Page Support: Disabled
 NUMA Support: Disabled
 Compressed Oops: Enabled (Zero based)
 Heap Region Size: 2M
 Heap Min Capacity: 8M
 Heap Initial Capacity: 246M
 Heap Max Capacity: 4G
 Pre-touch: Disabled
 Parallel Workers: 10
 Concurrent Workers: 3
 Concurrent Refinement Workers: 10
 Periodic GC: Disabled

Heap:
 garbage-first heap   total 2539520K, used 1151940K [0x0000000700000000, 0x0000000800000000)
  region size 2048K, 209 young (428032K), 33 survivors (67584K)
 Metaspace       used 318846K, committed 323072K, reserved 1376256K
  class space    used 41513K, committed 43264K, reserved 1048576K

Heap Regions: E=young(eden), S=young(survivor), O=old, HS=humongous(starts), HC=humongous(continues), CS=collection set, F=free, OA=open archive, CA=closed archive, TAMS=top-at-mark-start (previous, next)
|   0|0x0000000700000000, 0x0000000700200000, 0x0000000700200000|100%|HS|  |TAMS 0x0000000700200000, 0x0000000700000000| Complete 
|   1|0x0000000700200000, 0x0000000700400000, 0x0000000700400000|100%|HC|  |TAMS 0x0000000700400000, 0x0000000700200000| Complete 
|   2|0x0000000700400000, 0x0000000700600000, 0x0000000700600000|100%| O|  |TAMS 0x0000000700600000, 0x0000000700400000| Untracked 
|   3|0x0000000700600000, 0x0000000700800000, 0x0000000700800000|100%| O|  |TAMS 0x0000000700800000, 0x0000000700600000| Untracked 
|   4|0x0000000700800000, 0x0000000700a00000, 0x0000000700a00000|100%| O|  |TAMS 0x0000000700a00000, 0x0000000700800000| Untracked 
|   5|0x0000000700a00000, 0x0000000700c00000, 0x0000000700c00000|100%| O|  |TAMS 0x0000000700c00000, 0x0000000700a00000| Untracked 
|   6|0x0000000700c00000, 0x0000000700e00000, 0x0000000700e00000|100%| O|  |TAMS 0x0000000700e00000, 0x0000000700c00000| Untracked 
|   7|0x0000000700e00000, 0x0000000701000000, 0x0000000701000000|100%| O|  |TAMS 0x0000000701000000, 0x0000000700e00000| Untracked 
|   8|0x0000000701000000, 0x0000000701200000, 0x0000000701200000|100%| O|  |TAMS 0x0000000701200000, 0x0000000701000000| Untracked 
|   9|0x0000000701200000, 0x0000000701400000, 0x0000000701400000|100%| O|  |TAMS 0x0000000701400000, 0x0000000701200000| Untracked 
|  10|0x0000000701400000, 0x0000000701600000, 0x0000000701600000|100%| O|  |TAMS 0x0000000701600000, 0x0000000701400000| Untracked 
|  11|0x0000000701600000, 0x0000000701800000, 0x0000000701800000|100%| O|  |TAMS 0x0000000701800000, 0x0000000701600000| Untracked 
|  12|0x0000000701800000, 0x0000000701a00000, 0x0000000701a00000|100%| O|  |TAMS 0x0000000701a00000, 0x0000000701800000| Untracked 
|  13|0x0000000701a00000, 0x0000000701c00000, 0x0000000701c00000|100%| O|  |TAMS 0x0000000701c00000, 0x0000000701a00000| Untracked 
|  14|0x0000000701c00000, 0x0000000701e00000, 0x0000000701e00000|100%| O|  |TAMS 0x0000000701e00000, 0x0000000701c00000| Untracked 
|  15|0x0000000701e00000, 0x0000000702000000, 0x0000000702000000|100%| O|  |TAMS 0x0000000702000000, 0x0000000701e00000| Untracked 
|  16|0x0000000702000000, 0x0000000702200000, 0x0000000702200000|100%| O|  |TAMS 0x0000000702200000, 0x0000000702000000| Untracked 
|  17|0x0000000702200000, 0x0000000702400000, 0x0000000702400000|100%| O|  |TAMS 0x0000000702400000, 0x0000000702200000| Untracked 
|  18|0x0000000702400000, 0x0000000702600000, 0x0000000702600000|100%| O|  |TAMS 0x0000000702600000, 0x0000000702400000| Untracked 
|  19|0x0000000702600000, 0x0000000702800000, 0x0000000702800000|100%| O|  |TAMS 0x0000000702800000, 0x0000000702600000| Untracked 
|  20|0x0000000702800000, 0x0000000702a00000, 0x0000000702a00000|100%| O|  |TAMS 0x0000000702a00000, 0x0000000702800000| Untracked 
|  21|0x0000000702a00000, 0x0000000702c00000, 0x0000000702c00000|100%|HS|  |TAMS 0x0000000702c00000, 0x0000000702a00000| Complete 
|  22|0x0000000702c00000, 0x0000000702e00000, 0x0000000702e00000|100%| O|  |TAMS 0x0000000702e00000, 0x0000000702c00000| Untracked 
|  23|0x0000000702e00000, 0x0000000703000000, 0x0000000703000000|100%| O|  |TAMS 0x0000000703000000, 0x0000000702e00000| Untracked 
|  24|0x0000000703000000, 0x0000000703000000, 0x0000000703200000|  0%| F|  |TAMS 0x0000000703000000, 0x0000000703000000| Untracked 
|  25|0x0000000703200000, 0x0000000703400000, 0x0000000703400000|100%|HS|  |TAMS 0x0000000703400000, 0x0000000703200000| Complete 
|  26|0x0000000703400000, 0x0000000703600000, 0x0000000703600000|100%|HC|  |TAMS 0x0000000703600000, 0x0000000703400000| Complete 
|  27|0x0000000703600000, 0x0000000703800000, 0x0000000703800000|100%| O|  |TAMS 0x0000000703800000, 0x0000000703600000| Untracked 
|  28|0x0000000703800000, 0x0000000703a00000, 0x0000000703a00000|100%| O|  |TAMS 0x0000000703a00000, 0x0000000703800000| Untracked 
|  29|0x0000000703a00000, 0x0000000703c00000, 0x0000000703c00000|100%| O|  |TAMS 0x0000000703c00000, 0x0000000703a00000| Untracked 
|  30|0x0000000703c00000, 0x0000000703e00000, 0x0000000703e00000|100%| O|  |TAMS 0x0000000703e00000, 0x0000000703c00000| Untracked 
|  31|0x0000000703e00000, 0x0000000704000000, 0x0000000704000000|100%| O|  |TAMS 0x0000000704000000, 0x0000000703e00000| Untracked 
|  32|0x0000000704000000, 0x0000000704000000, 0x0000000704200000|  0%| F|  |TAMS 0x0000000704000000, 0x0000000704000000| Untracked 
|  33|0x0000000704200000, 0x0000000704400000, 0x0000000704400000|100%| O|  |TAMS 0x0000000704400000, 0x0000000704200000| Untracked 
|  34|0x0000000704400000, 0x0000000704600000, 0x0000000704600000|100%| O|  |TAMS 0x0000000704600000, 0x0000000704400000| Untracked 
|  35|0x0000000704600000, 0x0000000704800000, 0x0000000704800000|100%| O|  |TAMS 0x0000000704800000, 0x0000000704600000| Untracked 
|  36|0x0000000704800000, 0x0000000704a00000, 0x0000000704a00000|100%| O|  |TAMS 0x0000000704a00000, 0x0000000704800000| Untracked 
|  37|0x0000000704a00000, 0x0000000704c00000, 0x0000000704c00000|100%|HS|  |TAMS 0x0000000704c00000, 0x0000000704a00000| Complete 
|  38|0x0000000704c00000, 0x0000000704e00000, 0x0000000704e00000|100%|HS|  |TAMS 0x0000000704e00000, 0x0000000704c00000| Complete 
|  39|0x0000000704e00000, 0x0000000705000000, 0x0000000705000000|100%|HC|  |TAMS 0x0000000705000000, 0x0000000704e00000| Complete 
|  40|0x0000000705000000, 0x0000000705200000, 0x0000000705200000|100%| O|  |TAMS 0x0000000705200000, 0x0000000705000000| Untracked 
|  41|0x0000000705200000, 0x0000000705400000, 0x0000000705400000|100%| O|  |TAMS 0x0000000705400000, 0x0000000705200000| Untracked 
|  42|0x0000000705400000, 0x0000000705600000, 0x0000000705600000|100%|HS|  |TAMS 0x0000000705600000, 0x0000000705400000| Complete 
|  43|0x0000000705600000, 0x0000000705800000, 0x0000000705800000|100%| O|  |TAMS 0x0000000705800000, 0x0000000705600000| Untracked 
|  44|0x0000000705800000, 0x0000000705a00000, 0x0000000705a00000|100%| O|  |TAMS 0x0000000705a00000, 0x0000000705800000| Untracked 
|  45|0x0000000705a00000, 0x0000000705c00000, 0x0000000705c00000|100%| O|  |TAMS 0x0000000705c00000, 0x0000000705a00000| Untracked 
|  46|0x0000000705c00000, 0x0000000705e00000, 0x0000000705e00000|100%| O|  |TAMS 0x0000000705e00000, 0x0000000705c00000| Untracked 
|  47|0x0000000705e00000, 0x0000000706000000, 0x0000000706000000|100%|HS|  |TAMS 0x0000000706000000, 0x0000000705e00000| Complete 
|  48|0x0000000706000000, 0x0000000706200000, 0x0000000706200000|100%|HC|  |TAMS 0x0000000706200000, 0x0000000706000000| Complete 
|  49|0x0000000706200000, 0x0000000706400000, 0x0000000706400000|100%| O|  |TAMS 0x0000000706400000, 0x0000000706200000| Untracked 
|  50|0x0000000706400000, 0x0000000706600000, 0x0000000706600000|100%| O|  |TAMS 0x0000000706600000, 0x0000000706400000| Untracked 
|  51|0x0000000706600000, 0x0000000706800000, 0x0000000706800000|100%| O|  |TAMS 0x0000000706800000, 0x0000000706600000| Untracked 
|  52|0x0000000706800000, 0x0000000706a00000, 0x0000000706a00000|100%|HS|  |TAMS 0x0000000706a00000, 0x0000000706800000| Complete 
|  53|0x0000000706a00000, 0x0000000706c00000, 0x0000000706c00000|100%|HC|  |TAMS 0x0000000706c00000, 0x0000000706a00000| Complete 
|  54|0x0000000706c00000, 0x0000000706e00000, 0x0000000706e00000|100%|HS|  |TAMS 0x0000000706e00000, 0x0000000706c00000| Complete 
|  55|0x0000000706e00000, 0x0000000707000000, 0x0000000707000000|100%| O|  |TAMS 0x0000000707000000, 0x0000000706e00000| Untracked 
|  56|0x0000000707000000, 0x0000000707200000, 0x0000000707200000|100%| O|  |TAMS 0x0000000707200000, 0x0000000707000000| Untracked 
|  57|0x0000000707200000, 0x0000000707400000, 0x0000000707400000|100%| O|  |TAMS 0x0000000707400000, 0x0000000707200000| Untracked 
|  58|0x0000000707400000, 0x0000000707600000, 0x0000000707600000|100%| O|  |TAMS 0x0000000707600000, 0x0000000707400000| Untracked 
|  59|0x0000000707600000, 0x0000000707800000, 0x0000000707800000|100%| O|  |TAMS 0x0000000707800000, 0x0000000707600000| Untracked 
|  60|0x0000000707800000, 0x0000000707a00000, 0x0000000707a00000|100%| O|  |TAMS 0x0000000707a00000, 0x0000000707800000| Untracked 
|  61|0x0000000707a00000, 0x0000000707c00000, 0x0000000707c00000|100%| O|  |TAMS 0x0000000707c00000, 0x0000000707a00000| Untracked 
|  62|0x0000000707c00000, 0x0000000707e00000, 0x0000000707e00000|100%| O|  |TAMS 0x0000000707e00000, 0x0000000707c00000| Untracked 
|  63|0x0000000707e00000, 0x0000000708000000, 0x0000000708000000|100%| O|  |TAMS 0x0000000708000000, 0x0000000707e00000| Untracked 
|  64|0x0000000708000000, 0x0000000708200000, 0x0000000708200000|100%| O|  |TAMS 0x0000000708200000, 0x0000000708000000| Untracked 
|  65|0x0000000708200000, 0x0000000708400000, 0x0000000708400000|100%| O|  |TAMS 0x0000000708400000, 0x0000000708200000| Untracked 
|  66|0x0000000708400000, 0x0000000708600000, 0x0000000708600000|100%| O|  |TAMS 0x0000000708600000, 0x0000000708400000| Untracked 
|  67|0x0000000708600000, 0x0000000708800000, 0x0000000708800000|100%| O|  |TAMS 0x0000000708800000, 0x0000000708600000| Untracked 
|  68|0x0000000708800000, 0x0000000708a00000, 0x0000000708a00000|100%| O|  |TAMS 0x0000000708a00000, 0x0000000708800000| Untracked 
|  69|0x0000000708a00000, 0x0000000708c00000, 0x0000000708c00000|100%| O|  |TAMS 0x0000000708c00000, 0x0000000708a00000| Untracked 
|  70|0x0000000708c00000, 0x0000000708e00000, 0x0000000708e00000|100%| O|  |TAMS 0x0000000708c00000, 0x0000000708c00000| Untracked 
|  71|0x0000000708e00000, 0x0000000709000000, 0x0000000709000000|100%| O|  |TAMS 0x0000000709000000, 0x0000000708e00000| Untracked 
|  72|0x0000000709000000, 0x0000000709200000, 0x0000000709200000|100%| O|  |TAMS 0x0000000709200000, 0x0000000709000000| Untracked 
|  73|0x0000000709200000, 0x0000000709400000, 0x0000000709400000|100%| O|  |TAMS 0x0000000709400000, 0x0000000709200000| Untracked 
|  74|0x0000000709400000, 0x0000000709600000, 0x0000000709600000|100%| O|  |TAMS 0x0000000709600000, 0x0000000709400000| Untracked 
|  75|0x0000000709600000, 0x0000000709800000, 0x0000000709800000|100%| O|  |TAMS 0x0000000709800000, 0x0000000709600000| Untracked 
|  76|0x0000000709800000, 0x0000000709a00000, 0x0000000709a00000|100%| O|  |TAMS 0x0000000709a00000, 0x0000000709800000| Untracked 
|  77|0x0000000709a00000, 0x0000000709c00000, 0x0000000709c00000|100%| O|  |TAMS 0x0000000709c00000, 0x0000000709a00000| Untracked 
|  78|0x0000000709c00000, 0x0000000709e00000, 0x0000000709e00000|100%| O|  |TAMS 0x0000000709e00000, 0x0000000709c00000| Untracked 
|  79|0x0000000709e00000, 0x0000000709e00000, 0x000000070a000000|  0%| F|  |TAMS 0x0000000709e00000, 0x0000000709e00000| Untracked 
|  80|0x000000070a000000, 0x000000070a200000, 0x000000070a200000|100%| O|  |TAMS 0x000000070a200000, 0x000000070a000000| Untracked 
|  81|0x000000070a200000, 0x000000070a400000, 0x000000070a400000|100%| O|  |TAMS 0x000000070a400000, 0x000000070a200000| Untracked 
|  82|0x000000070a400000, 0x000000070a600000, 0x000000070a600000|100%| O|  |TAMS 0x000000070a600000, 0x000000070a400000| Untracked 
|  83|0x000000070a600000, 0x000000070a800000, 0x000000070a800000|100%|HS|  |TAMS 0x000000070a800000, 0x000000070a600000| Complete 
|  84|0x000000070a800000, 0x000000070aa00000, 0x000000070aa00000|100%|HS|  |TAMS 0x000000070aa00000, 0x000000070a800000| Complete 
|  85|0x000000070aa00000, 0x000000070ac00000, 0x000000070ac00000|100%| O|  |TAMS 0x000000070ac00000, 0x000000070aa00000| Untracked 
|  86|0x000000070ac00000, 0x000000070ae00000, 0x000000070ae00000|100%| O|  |TAMS 0x000000070ae00000, 0x000000070ac00000| Untracked 
|  87|0x000000070ae00000, 0x000000070b000000, 0x000000070b000000|100%| O|  |TAMS 0x000000070b000000, 0x000000070ae00000| Untracked 
|  88|0x000000070b000000, 0x000000070b200000, 0x000000070b200000|100%| O|  |TAMS 0x000000070b200000, 0x000000070b000000| Untracked 
|  89|0x000000070b200000, 0x000000070b400000, 0x000000070b400000|100%| O|  |TAMS 0x000000070b400000, 0x000000070b200000| Untracked 
|  90|0x000000070b400000, 0x000000070b600000, 0x000000070b600000|100%| O|  |TAMS 0x000000070b600000, 0x000000070b400000| Untracked 
|  91|0x000000070b600000, 0x000000070b800000, 0x000000070b800000|100%| O|  |TAMS 0x000000070b800000, 0x000000070b600000| Untracked 
|  92|0x000000070b800000, 0x000000070ba00000, 0x000000070ba00000|100%| O|  |TAMS 0x000000070ba00000, 0x000000070b800000| Untracked 
|  93|0x000000070ba00000, 0x000000070bc00000, 0x000000070bc00000|100%| O|  |TAMS 0x000000070bc00000, 0x000000070ba00000| Untracked 
|  94|0x000000070bc00000, 0x000000070be00000, 0x000000070be00000|100%| O|  |TAMS 0x000000070be00000, 0x000000070bc00000| Untracked 
|  95|0x000000070be00000, 0x000000070c000000, 0x000000070c000000|100%| O|  |TAMS 0x000000070c000000, 0x000000070be00000| Untracked 
|  96|0x000000070c000000, 0x000000070c200000, 0x000000070c200000|100%| O|  |TAMS 0x000000070c200000, 0x000000070c000000| Untracked 
|  97|0x000000070c200000, 0x000000070c400000, 0x000000070c400000|100%| O|  |TAMS 0x000000070c400000, 0x000000070c200000| Untracked 
|  98|0x000000070c400000, 0x000000070c600000, 0x000000070c600000|100%| O|  |TAMS 0x000000070c600000, 0x000000070c400000| Untracked 
|  99|0x000000070c600000, 0x000000070c800000, 0x000000070c800000|100%| O|  |TAMS 0x000000070c800000, 0x000000070c600000| Untracked 
| 100|0x000000070c800000, 0x000000070ca00000, 0x000000070ca00000|100%| O|  |TAMS 0x000000070ca00000, 0x000000070c800000| Untracked 
| 101|0x000000070ca00000, 0x000000070cc00000, 0x000000070cc00000|100%| O|  |TAMS 0x000000070cc00000, 0x000000070ca00000| Untracked 
| 102|0x000000070cc00000, 0x000000070ce00000, 0x000000070ce00000|100%|HS|  |TAMS 0x000000070ce00000, 0x000000070cc00000| Complete 
| 103|0x000000070ce00000, 0x000000070d000000, 0x000000070d000000|100%|HC|  |TAMS 0x000000070d000000, 0x000000070ce00000| Complete 
| 104|0x000000070d000000, 0x000000070d200000, 0x000000070d200000|100%| O|  |TAMS 0x000000070d200000, 0x000000070d000000| Untracked 
| 105|0x000000070d200000, 0x000000070d400000, 0x000000070d400000|100%| O|  |TAMS 0x000000070d400000, 0x000000070d200000| Untracked 
| 106|0x000000070d400000, 0x000000070d600000, 0x000000070d600000|100%| O|  |TAMS 0x000000070d600000, 0x000000070d400000| Untracked 
| 107|0x000000070d600000, 0x000000070d800000, 0x000000070d800000|100%| O|  |TAMS 0x000000070d800000, 0x000000070d600000| Untracked 
| 108|0x000000070d800000, 0x000000070da00000, 0x000000070da00000|100%| O|  |TAMS 0x000000070da00000, 0x000000070d800000| Untracked 
| 109|0x000000070da00000, 0x000000070dc00000, 0x000000070dc00000|100%| O|  |TAMS 0x000000070dc00000, 0x000000070da00000| Untracked 
| 110|0x000000070dc00000, 0x000000070de00000, 0x000000070de00000|100%| O|  |TAMS 0x000000070de00000, 0x000000070dc00000| Untracked 
| 111|0x000000070de00000, 0x000000070e000000, 0x000000070e000000|100%| O|  |TAMS 0x000000070e000000, 0x000000070de00000| Untracked 
| 112|0x000000070e000000, 0x000000070e200000, 0x000000070e200000|100%| O|  |TAMS 0x000000070e200000, 0x000000070e000000| Untracked 
| 113|0x000000070e200000, 0x000000070e400000, 0x000000070e400000|100%| O|  |TAMS 0x000000070e400000, 0x000000070e200000| Untracked 
| 114|0x000000070e400000, 0x000000070e600000, 0x000000070e600000|100%| O|  |TAMS 0x000000070e600000, 0x000000070e400000| Untracked 
| 115|0x000000070e600000, 0x000000070e800000, 0x000000070e800000|100%| O|  |TAMS 0x000000070e800000, 0x000000070e600000| Untracked 
| 116|0x000000070e800000, 0x000000070ea00000, 0x000000070ea00000|100%|HS|  |TAMS 0x000000070ea00000, 0x000000070e800000| Complete 
| 117|0x000000070ea00000, 0x000000070ec00000, 0x000000070ec00000|100%|HS|  |TAMS 0x000000070ec00000, 0x000000070ea00000| Complete 
| 118|0x000000070ec00000, 0x000000070ee00000, 0x000000070ee00000|100%|HC|  |TAMS 0x000000070ee00000, 0x000000070ec00000| Complete 
| 119|0x000000070ee00000, 0x000000070f000000, 0x000000070f000000|100%| O|  |TAMS 0x000000070f000000, 0x000000070ee00000| Untracked 
| 120|0x000000070f000000, 0x000000070f200000, 0x000000070f200000|100%| O|  |TAMS 0x000000070f200000, 0x000000070f000000| Untracked 
| 121|0x000000070f200000, 0x000000070f400000, 0x000000070f400000|100%| O|  |TAMS 0x000000070f400000, 0x000000070f200000| Untracked 
| 122|0x000000070f400000, 0x000000070f600000, 0x000000070f600000|100%| O|  |TAMS 0x000000070f600000, 0x000000070f400000| Untracked 
| 123|0x000000070f600000, 0x000000070f800000, 0x000000070f800000|100%| O|  |TAMS 0x000000070f800000, 0x000000070f600000| Untracked 
| 124|0x000000070f800000, 0x000000070fa00000, 0x000000070fa00000|100%| O|  |TAMS 0x000000070fa00000, 0x000000070f800000| Untracked 
| 125|0x000000070fa00000, 0x000000070fc00000, 0x000000070fc00000|100%|HS|  |TAMS 0x000000070fc00000, 0x000000070fa00000| Complete 
| 126|0x000000070fc00000, 0x000000070fe00000, 0x000000070fe00000|100%|HC|  |TAMS 0x000000070fe00000, 0x000000070fc00000| Complete 
| 127|0x000000070fe00000, 0x0000000710000000, 0x0000000710000000|100%| O|  |TAMS 0x0000000710000000, 0x000000070fe00000| Untracked 
| 128|0x0000000710000000, 0x0000000710200000, 0x0000000710200000|100%| O|  |TAMS 0x0000000710200000, 0x0000000710000000| Untracked 
| 129|0x0000000710200000, 0x0000000710400000, 0x0000000710400000|100%| O|  |TAMS 0x0000000710400000, 0x0000000710200000| Untracked 
| 130|0x0000000710400000, 0x0000000710600000, 0x0000000710600000|100%| O|  |TAMS 0x0000000710600000, 0x0000000710400000| Untracked 
| 131|0x0000000710600000, 0x0000000710800000, 0x0000000710800000|100%| O|  |TAMS 0x0000000710800000, 0x0000000710600000| Untracked 
| 132|0x0000000710800000, 0x0000000710a00000, 0x0000000710a00000|100%| O|  |TAMS 0x0000000710a00000, 0x0000000710800000| Untracked 
| 133|0x0000000710a00000, 0x0000000710c00000, 0x0000000710c00000|100%| O|  |TAMS 0x0000000710c00000, 0x0000000710a00000| Untracked 
| 134|0x0000000710c00000, 0x0000000710e00000, 0x0000000710e00000|100%| O|  |TAMS 0x0000000710e00000, 0x0000000710c00000| Untracked 
| 135|0x0000000710e00000, 0x0000000711000000, 0x0000000711000000|100%| O|  |TAMS 0x0000000711000000, 0x0000000710e00000| Untracked 
| 136|0x0000000711000000, 0x0000000711200000, 0x0000000711200000|100%| O|  |TAMS 0x0000000711200000, 0x0000000711000000| Untracked 
| 137|0x0000000711200000, 0x0000000711400000, 0x0000000711400000|100%| O|  |TAMS 0x0000000711400000, 0x0000000711200000| Untracked 
| 138|0x0000000711400000, 0x0000000711600000, 0x0000000711600000|100%| O|  |TAMS 0x0000000711600000, 0x0000000711400000| Untracked 
| 139|0x0000000711600000, 0x0000000711800000, 0x0000000711800000|100%| O|  |TAMS 0x0000000711800000, 0x0000000711600000| Untracked 
| 140|0x0000000711800000, 0x0000000711a00000, 0x0000000711a00000|100%| O|  |TAMS 0x0000000711a00000, 0x0000000711800000| Untracked 
| 141|0x0000000711a00000, 0x0000000711c00000, 0x0000000711c00000|100%| O|  |TAMS 0x0000000711a00000, 0x0000000711a00000| Untracked 
| 142|0x0000000711c00000, 0x0000000711e00000, 0x0000000711e00000|100%| O|  |TAMS 0x0000000711e00000, 0x0000000711c00000| Untracked 
| 143|0x0000000711e00000, 0x0000000712000000, 0x0000000712000000|100%| O|  |TAMS 0x0000000712000000, 0x0000000711e00000| Untracked 
| 144|0x0000000712000000, 0x0000000712200000, 0x0000000712200000|100%| O|  |TAMS 0x0000000712200000, 0x0000000712000000| Untracked 
| 145|0x0000000712200000, 0x0000000712400000, 0x0000000712400000|100%| O|  |TAMS 0x0000000712400000, 0x0000000712200000| Untracked 
| 146|0x0000000712400000, 0x0000000712600000, 0x0000000712600000|100%| O|  |TAMS 0x0000000712600000, 0x0000000712400000| Untracked 
| 147|0x0000000712600000, 0x0000000712800000, 0x0000000712800000|100%| O|  |TAMS 0x0000000712800000, 0x0000000712600000| Untracked 
| 148|0x0000000712800000, 0x0000000712a00000, 0x0000000712a00000|100%| O|  |TAMS 0x0000000712a00000, 0x0000000712800000| Untracked 
| 149|0x0000000712a00000, 0x0000000712c00000, 0x0000000712c00000|100%| O|  |TAMS 0x0000000712c00000, 0x0000000712a00000| Untracked 
| 150|0x0000000712c00000, 0x0000000712e00000, 0x0000000712e00000|100%| O|  |TAMS 0x0000000712e00000, 0x0000000712c00000| Untracked 
| 151|0x0000000712e00000, 0x0000000713000000, 0x0000000713000000|100%| O|  |TAMS 0x0000000713000000, 0x0000000712e00000| Untracked 
| 152|0x0000000713000000, 0x0000000713200000, 0x0000000713200000|100%| O|  |TAMS 0x0000000713200000, 0x0000000713000000| Untracked 
| 153|0x0000000713200000, 0x0000000713400000, 0x0000000713400000|100%| O|  |TAMS 0x0000000713400000, 0x0000000713200000| Untracked 
| 154|0x0000000713400000, 0x0000000713600000, 0x0000000713600000|100%| O|  |TAMS 0x0000000713600000, 0x0000000713400000| Untracked 
| 155|0x0000000713600000, 0x0000000713800000, 0x0000000713800000|100%| O|  |TAMS 0x0000000713600000, 0x0000000713600000| Untracked 
| 156|0x0000000713800000, 0x0000000713a00000, 0x0000000713a00000|100%|HS|  |TAMS 0x0000000713a00000, 0x0000000713800000| Complete 
| 157|0x0000000713a00000, 0x0000000713a00000, 0x0000000713c00000|  0%| F|  |TAMS 0x0000000713a00000, 0x0000000713a00000| Untracked 
| 158|0x0000000713c00000, 0x0000000713e00000, 0x0000000713e00000|100%| O|  |TAMS 0x0000000713e00000, 0x0000000713c00000| Untracked 
| 159|0x0000000713e00000, 0x0000000714000000, 0x0000000714000000|100%| O|  |TAMS 0x0000000714000000, 0x0000000713e00000| Untracked 
| 160|0x0000000714000000, 0x0000000714200000, 0x0000000714200000|100%| O|  |TAMS 0x0000000714200000, 0x0000000714000000| Untracked 
| 161|0x0000000714200000, 0x0000000714400000, 0x0000000714400000|100%|HS|  |TAMS 0x0000000714400000, 0x0000000714200000| Complete 
| 162|0x0000000714400000, 0x0000000714600000, 0x0000000714600000|100%| O|  |TAMS 0x0000000714600000, 0x0000000714400000| Untracked 
| 163|0x0000000714600000, 0x0000000714600000, 0x0000000714800000|  0%| F|  |TAMS 0x0000000714600000, 0x0000000714600000| Untracked 
| 164|0x0000000714800000, 0x0000000714a00000, 0x0000000714a00000|100%| O|  |TAMS 0x0000000714a00000, 0x0000000714800000| Untracked 
| 165|0x0000000714a00000, 0x0000000714c00000, 0x0000000714c00000|100%| O|  |TAMS 0x0000000714c00000, 0x0000000714a00000| Untracked 
| 166|0x0000000714c00000, 0x0000000714e00000, 0x0000000714e00000|100%| O|  |TAMS 0x0000000714c00000, 0x0000000714c00000| Untracked 
| 167|0x0000000714e00000, 0x0000000715000000, 0x0000000715000000|100%| O|  |TAMS 0x0000000715000000, 0x0000000714e00000| Untracked 
| 168|0x0000000715000000, 0x0000000715200000, 0x0000000715200000|100%| O|  |TAMS 0x0000000715200000, 0x0000000715000000| Untracked 
| 169|0x0000000715200000, 0x0000000715400000, 0x0000000715400000|100%| O|  |TAMS 0x0000000715400000, 0x0000000715200000| Untracked 
| 170|0x0000000715400000, 0x0000000715600000, 0x0000000715600000|100%| O|  |TAMS 0x0000000715600000, 0x0000000715400000| Untracked 
| 171|0x0000000715600000, 0x0000000715800000, 0x0000000715800000|100%| O|  |TAMS 0x0000000715800000, 0x0000000715600000| Untracked 
| 172|0x0000000715800000, 0x0000000715a00000, 0x0000000715a00000|100%| O|  |TAMS 0x0000000715a00000, 0x0000000715800000| Untracked 
| 173|0x0000000715a00000, 0x0000000715c00000, 0x0000000715c00000|100%| O|  |TAMS 0x0000000715c00000, 0x0000000715a00000| Untracked 
| 174|0x0000000715c00000, 0x0000000715e00000, 0x0000000715e00000|100%| O|  |TAMS 0x0000000715e00000, 0x0000000715c00000| Untracked 
| 175|0x0000000715e00000, 0x0000000716000000, 0x0000000716000000|100%| O|  |TAMS 0x0000000716000000, 0x0000000715e00000| Untracked 
| 176|0x0000000716000000, 0x0000000716200000, 0x0000000716200000|100%| O|  |TAMS 0x0000000716200000, 0x0000000716000000| Untracked 
| 177|0x0000000716200000, 0x0000000716400000, 0x0000000716400000|100%| O|  |TAMS 0x0000000716200000, 0x0000000716200000| Untracked 
| 178|0x0000000716400000, 0x0000000716600000, 0x0000000716600000|100%| O|  |TAMS 0x0000000716600000, 0x0000000716400000| Untracked 
| 179|0x0000000716600000, 0x0000000716800000, 0x0000000716800000|100%| O|  |TAMS 0x0000000716800000, 0x0000000716600000| Untracked 
| 180|0x0000000716800000, 0x0000000716a00000, 0x0000000716a00000|100%| O|  |TAMS 0x0000000716a00000, 0x0000000716800000| Untracked 
| 181|0x0000000716a00000, 0x0000000716c00000, 0x0000000716c00000|100%| O|  |TAMS 0x0000000716c00000, 0x0000000716a00000| Untracked 
| 182|0x0000000716c00000, 0x0000000716e00000, 0x0000000716e00000|100%| O|  |TAMS 0x0000000716e00000, 0x0000000716c00000| Untracked 
| 183|0x0000000716e00000, 0x0000000717000000, 0x0000000717000000|100%| O|  |TAMS 0x0000000717000000, 0x0000000716e00000| Untracked 
| 184|0x0000000717000000, 0x0000000717200000, 0x0000000717200000|100%| O|  |TAMS 0x0000000717200000, 0x0000000717000000| Untracked 
| 185|0x0000000717200000, 0x0000000717400000, 0x0000000717400000|100%| O|  |TAMS 0x0000000717400000, 0x0000000717200000| Untracked 
| 186|0x0000000717400000, 0x0000000717600000, 0x0000000717600000|100%| O|  |TAMS 0x0000000717600000, 0x0000000717400000| Untracked 
| 187|0x0000000717600000, 0x0000000717800000, 0x0000000717800000|100%|HS|  |TAMS 0x0000000717800000, 0x0000000717600000| Complete 
| 188|0x0000000717800000, 0x0000000717a00000, 0x0000000717a00000|100%|HC|  |TAMS 0x0000000717a00000, 0x0000000717800000| Complete 
| 189|0x0000000717a00000, 0x0000000717c00000, 0x0000000717c00000|100%| O|  |TAMS 0x0000000717c00000, 0x0000000717a00000| Untracked 
| 190|0x0000000717c00000, 0x0000000717e00000, 0x0000000717e00000|100%| O|  |TAMS 0x0000000717e00000, 0x0000000717c00000| Untracked 
| 191|0x0000000717e00000, 0x0000000718000000, 0x0000000718000000|100%| O|  |TAMS 0x0000000718000000, 0x0000000717e00000| Untracked 
| 192|0x0000000718000000, 0x0000000718200000, 0x0000000718200000|100%| O|  |TAMS 0x0000000718200000, 0x0000000718000000| Untracked 
| 193|0x0000000718200000, 0x0000000718400000, 0x0000000718400000|100%| O|  |TAMS 0x0000000718400000, 0x0000000718200000| Untracked 
| 194|0x0000000718400000, 0x0000000718600000, 0x0000000718600000|100%| O|  |TAMS 0x0000000718600000, 0x0000000718400000| Untracked 
| 195|0x0000000718600000, 0x0000000718800000, 0x0000000718800000|100%| O|  |TAMS 0x0000000718800000, 0x0000000718600000| Untracked 
| 196|0x0000000718800000, 0x0000000718a00000, 0x0000000718a00000|100%| O|  |TAMS 0x0000000718a00000, 0x0000000718800000| Untracked 
| 197|0x0000000718a00000, 0x0000000718c00000, 0x0000000718c00000|100%| O|  |TAMS 0x0000000718c00000, 0x0000000718a00000| Untracked 
| 198|0x0000000718c00000, 0x0000000718e00000, 0x0000000718e00000|100%| O|  |TAMS 0x0000000718e00000, 0x0000000718c00000| Untracked 
| 199|0x0000000718e00000, 0x0000000718e00000, 0x0000000719000000|  0%| F|  |TAMS 0x0000000718e00000, 0x0000000718e00000| Untracked 
| 200|0x0000000719000000, 0x0000000719200000, 0x0000000719200000|100%| O|  |TAMS 0x0000000719200000, 0x0000000719000000| Untracked 
| 201|0x0000000719200000, 0x0000000719400000, 0x0000000719400000|100%| O|  |TAMS 0x0000000719200000, 0x0000000719200000| Untracked 
| 202|0x0000000719400000, 0x0000000719600000, 0x0000000719600000|100%| O|  |TAMS 0x0000000719400000, 0x0000000719400000| Untracked 
| 203|0x0000000719600000, 0x0000000719800000, 0x0000000719800000|100%| O|  |TAMS 0x0000000719800000, 0x0000000719600000| Untracked 
| 204|0x0000000719800000, 0x0000000719a00000, 0x0000000719a00000|100%| O|  |TAMS 0x0000000719800000, 0x0000000719800000| Untracked 
| 205|0x0000000719a00000, 0x0000000719c00000, 0x0000000719c00000|100%| O|  |TAMS 0x0000000719c00000, 0x0000000719a00000| Untracked 
| 206|0x0000000719c00000, 0x0000000719e00000, 0x0000000719e00000|100%| O|  |TAMS 0x0000000719e00000, 0x0000000719c00000| Untracked 
| 207|0x0000000719e00000, 0x0000000719e00000, 0x000000071a000000|  0%| F|  |TAMS 0x0000000719e00000, 0x0000000719e00000| Untracked 
| 208|0x000000071a000000, 0x000000071a200000, 0x000000071a200000|100%| O|  |TAMS 0x000000071a200000, 0x000000071a000000| Untracked 
| 209|0x000000071a200000, 0x000000071a400000, 0x000000071a400000|100%| O|  |TAMS 0x000000071a400000, 0x000000071a200000| Untracked 
| 210|0x000000071a400000, 0x000000071a600000, 0x000000071a600000|100%| O|  |TAMS 0x000000071a600000, 0x000000071a400000| Untracked 
| 211|0x000000071a600000, 0x000000071a600000, 0x000000071a800000|  0%| F|  |TAMS 0x000000071a600000, 0x000000071a600000| Untracked 
| 212|0x000000071a800000, 0x000000071aa00000, 0x000000071aa00000|100%| O|  |TAMS 0x000000071aa00000, 0x000000071a800000| Untracked 
| 213|0x000000071aa00000, 0x000000071ac00000, 0x000000071ac00000|100%| O|  |TAMS 0x000000071ac00000, 0x000000071aa00000| Untracked 
| 214|0x000000071ac00000, 0x000000071ae00000, 0x000000071ae00000|100%| O|  |TAMS 0x000000071ae00000, 0x000000071ac00000| Untracked 
| 215|0x000000071ae00000, 0x000000071b000000, 0x000000071b000000|100%| O|  |TAMS 0x000000071b000000, 0x000000071ae00000| Untracked 
| 216|0x000000071b000000, 0x000000071b200000, 0x000000071b200000|100%| O|  |TAMS 0x000000071b200000, 0x000000071b000000| Untracked 
| 217|0x000000071b200000, 0x000000071b400000, 0x000000071b400000|100%| O|  |TAMS 0x000000071b400000, 0x000000071b200000| Untracked 
| 218|0x000000071b400000, 0x000000071b600000, 0x000000071b600000|100%| O|  |TAMS 0x000000071b600000, 0x000000071b400000| Untracked 
| 219|0x000000071b600000, 0x000000071b800000, 0x000000071b800000|100%| O|  |TAMS 0x000000071b800000, 0x000000071b600000| Untracked 
| 220|0x000000071b800000, 0x000000071ba00000, 0x000000071ba00000|100%| O|  |TAMS 0x000000071ba00000, 0x000000071b800000| Untracked 
| 221|0x000000071ba00000, 0x000000071bc00000, 0x000000071bc00000|100%| O|  |TAMS 0x000000071bc00000, 0x000000071ba00000| Untracked 
| 222|0x000000071bc00000, 0x000000071be00000, 0x000000071be00000|100%| O|  |TAMS 0x000000071be00000, 0x000000071bc00000| Untracked 
| 223|0x000000071be00000, 0x000000071c000000, 0x000000071c000000|100%| O|  |TAMS 0x000000071c000000, 0x000000071be00000| Untracked 
| 224|0x000000071c000000, 0x000000071c200000, 0x000000071c200000|100%| O|  |TAMS 0x000000071c200000, 0x000000071c000000| Untracked 
| 225|0x000000071c200000, 0x000000071c400000, 0x000000071c400000|100%| O|  |TAMS 0x000000071c400000, 0x000000071c200000| Untracked 
| 226|0x000000071c400000, 0x000000071c600000, 0x000000071c600000|100%| O|  |TAMS 0x000000071c600000, 0x000000071c400000| Untracked 
| 227|0x000000071c600000, 0x000000071c800000, 0x000000071c800000|100%| O|  |TAMS 0x000000071c800000, 0x000000071c600000| Untracked 
| 228|0x000000071c800000, 0x000000071ca00000, 0x000000071ca00000|100%| O|  |TAMS 0x000000071ca00000, 0x000000071c800000| Untracked 
| 229|0x000000071ca00000, 0x000000071cc00000, 0x000000071cc00000|100%| O|  |TAMS 0x000000071cc00000, 0x000000071ca00000| Untracked 
| 230|0x000000071cc00000, 0x000000071ce00000, 0x000000071ce00000|100%| O|  |TAMS 0x000000071ce00000, 0x000000071cc00000| Untracked 
| 231|0x000000071ce00000, 0x000000071d000000, 0x000000071d000000|100%| O|  |TAMS 0x000000071d000000, 0x000000071ce00000| Untracked 
| 232|0x000000071d000000, 0x000000071d200000, 0x000000071d200000|100%| O|  |TAMS 0x000000071d200000, 0x000000071d000000| Untracked 
| 233|0x000000071d200000, 0x000000071d400000, 0x000000071d400000|100%| O|  |TAMS 0x000000071d400000, 0x000000071d200000| Untracked 
| 234|0x000000071d400000, 0x000000071d600000, 0x000000071d600000|100%| O|  |TAMS 0x000000071d600000, 0x000000071d400000| Untracked 
| 235|0x000000071d600000, 0x000000071d800000, 0x000000071d800000|100%| O|  |TAMS 0x000000071d800000, 0x000000071d600000| Untracked 
| 236|0x000000071d800000, 0x000000071da00000, 0x000000071da00000|100%| O|  |TAMS 0x000000071da00000, 0x000000071d800000| Untracked 
| 237|0x000000071da00000, 0x000000071dc00000, 0x000000071dc00000|100%| O|  |TAMS 0x000000071dc00000, 0x000000071da00000| Untracked 
| 238|0x000000071dc00000, 0x000000071de00000, 0x000000071de00000|100%| O|  |TAMS 0x000000071de00000, 0x000000071dc00000| Untracked 
| 239|0x000000071de00000, 0x000000071e000000, 0x000000071e000000|100%| O|  |TAMS 0x000000071e000000, 0x000000071de00000| Untracked 
| 240|0x000000071e000000, 0x000000071e200000, 0x000000071e200000|100%| O|  |TAMS 0x000000071e200000, 0x000000071e000000| Untracked 
| 241|0x000000071e200000, 0x000000071e400000, 0x000000071e400000|100%| O|  |TAMS 0x000000071e400000, 0x000000071e200000| Untracked 
| 242|0x000000071e400000, 0x000000071e600000, 0x000000071e600000|100%| O|  |TAMS 0x000000071e600000, 0x000000071e400000| Untracked 
| 243|0x000000071e600000, 0x000000071e800000, 0x000000071e800000|100%| O|  |TAMS 0x000000071e800000, 0x000000071e600000| Untracked 
| 244|0x000000071e800000, 0x000000071ea00000, 0x000000071ea00000|100%| O|  |TAMS 0x000000071ea00000, 0x000000071e800000| Untracked 
| 245|0x000000071ea00000, 0x000000071ec00000, 0x000000071ec00000|100%| O|  |TAMS 0x000000071ec00000, 0x000000071ea00000| Untracked 
| 246|0x000000071ec00000, 0x000000071ee00000, 0x000000071ee00000|100%| O|  |TAMS 0x000000071ee00000, 0x000000071ec00000| Untracked 
| 247|0x000000071ee00000, 0x000000071f000000, 0x000000071f000000|100%| O|  |TAMS 0x000000071f000000, 0x000000071ee00000| Untracked 
| 248|0x000000071f000000, 0x000000071f000000, 0x000000071f200000|  0%| F|  |TAMS 0x000000071f000000, 0x000000071f000000| Untracked 
| 249|0x000000071f200000, 0x000000071f400000, 0x000000071f400000|100%| O|  |TAMS 0x000000071f200000, 0x000000071f200000| Untracked 
| 250|0x000000071f400000, 0x000000071f600000, 0x000000071f600000|100%| O|  |TAMS 0x000000071f600000, 0x000000071f400000| Untracked 
| 251|0x000000071f600000, 0x000000071f800000, 0x000000071f800000|100%| O|  |TAMS 0x000000071f800000, 0x000000071f600000| Untracked 
| 252|0x000000071f800000, 0x000000071f800000, 0x000000071fa00000|  0%| F|  |TAMS 0x000000071f800000, 0x000000071f800000| Untracked 
| 253|0x000000071fa00000, 0x000000071fc00000, 0x000000071fc00000|100%| O|  |TAMS 0x000000071fc00000, 0x000000071fa00000| Untracked 
| 254|0x000000071fc00000, 0x000000071fe00000, 0x000000071fe00000|100%| O|  |TAMS 0x000000071fe00000, 0x000000071fc00000| Untracked 
| 255|0x000000071fe00000, 0x0000000720000000, 0x0000000720000000|100%| O|  |TAMS 0x0000000720000000, 0x000000071fe00000| Untracked 
| 256|0x0000000720000000, 0x0000000720200000, 0x0000000720200000|100%| O|  |TAMS 0x0000000720200000, 0x0000000720000000| Untracked 
| 257|0x0000000720200000, 0x0000000720400000, 0x0000000720400000|100%| O|  |TAMS 0x0000000720400000, 0x0000000720200000| Untracked 
| 258|0x0000000720400000, 0x0000000720600000, 0x0000000720600000|100%| O|  |TAMS 0x0000000720600000, 0x0000000720400000| Untracked 
| 259|0x0000000720600000, 0x0000000720800000, 0x0000000720800000|100%| O|  |TAMS 0x0000000720800000, 0x0000000720600000| Untracked 
| 260|0x0000000720800000, 0x0000000720a00000, 0x0000000720a00000|100%| O|  |TAMS 0x0000000720a00000, 0x0000000720800000| Untracked 
| 261|0x0000000720a00000, 0x0000000720c00000, 0x0000000720c00000|100%| O|  |TAMS 0x0000000720c00000, 0x0000000720a00000| Untracked 
| 262|0x0000000720c00000, 0x0000000720e00000, 0x0000000720e00000|100%| O|  |TAMS 0x0000000720e00000, 0x0000000720c00000| Untracked 
| 263|0x0000000720e00000, 0x0000000721000000, 0x0000000721000000|100%| O|  |TAMS 0x0000000720ede200, 0x0000000720e00000| Untracked 
| 264|0x0000000721000000, 0x0000000721200000, 0x0000000721200000|100%| O|  |TAMS 0x0000000721000000, 0x0000000721000000| Untracked 
| 265|0x0000000721200000, 0x0000000721400000, 0x0000000721400000|100%| O|  |TAMS 0x0000000721200000, 0x0000000721200000| Untracked 
| 266|0x0000000721400000, 0x0000000721600000, 0x0000000721600000|100%| O|  |TAMS 0x0000000721400000, 0x0000000721400000| Untracked 
| 267|0x0000000721600000, 0x0000000721800000, 0x0000000721800000|100%| O|  |TAMS 0x0000000721800000, 0x0000000721600000| Untracked 
| 268|0x0000000721800000, 0x0000000721a00000, 0x0000000721a00000|100%| O|  |TAMS 0x0000000721a00000, 0x0000000721800000| Untracked 
| 269|0x0000000721a00000, 0x0000000721c00000, 0x0000000721c00000|100%| O|  |TAMS 0x0000000721c00000, 0x0000000721a00000| Untracked 
| 270|0x0000000721c00000, 0x0000000721e00000, 0x0000000721e00000|100%| O|  |TAMS 0x0000000721e00000, 0x0000000721c00000| Untracked 
| 271|0x0000000721e00000, 0x0000000722000000, 0x0000000722000000|100%| O|  |TAMS 0x0000000722000000, 0x0000000721e00000| Untracked 
| 272|0x0000000722000000, 0x0000000722200000, 0x0000000722200000|100%| O|  |TAMS 0x0000000722200000, 0x0000000722000000| Untracked 
| 273|0x0000000722200000, 0x0000000722400000, 0x0000000722400000|100%| O|  |TAMS 0x0000000722400000, 0x0000000722200000| Untracked 
| 274|0x0000000722400000, 0x0000000722600000, 0x0000000722600000|100%| O|  |TAMS 0x0000000722600000, 0x0000000722400000| Untracked 
| 275|0x0000000722600000, 0x0000000722800000, 0x0000000722800000|100%| O|  |TAMS 0x0000000722800000, 0x0000000722600000| Untracked 
| 276|0x0000000722800000, 0x0000000722a00000, 0x0000000722a00000|100%| O|  |TAMS 0x0000000722a00000, 0x0000000722800000| Untracked 
| 277|0x0000000722a00000, 0x0000000722c00000, 0x0000000722c00000|100%| O|  |TAMS 0x0000000722c00000, 0x0000000722a00000| Untracked 
| 278|0x0000000722c00000, 0x0000000722e00000, 0x0000000722e00000|100%| O|  |TAMS 0x0000000722e00000, 0x0000000722c00000| Untracked 
| 279|0x0000000722e00000, 0x0000000723000000, 0x0000000723000000|100%| O|  |TAMS 0x0000000723000000, 0x0000000722e00000| Untracked 
| 280|0x0000000723000000, 0x0000000723200000, 0x0000000723200000|100%| O|  |TAMS 0x0000000723200000, 0x0000000723000000| Untracked 
| 281|0x0000000723200000, 0x0000000723400000, 0x0000000723400000|100%| O|  |TAMS 0x0000000723400000, 0x0000000723200000| Untracked 
| 282|0x0000000723400000, 0x0000000723600000, 0x0000000723600000|100%| O|  |TAMS 0x0000000723600000, 0x0000000723400000| Untracked 
| 283|0x0000000723600000, 0x0000000723800000, 0x0000000723800000|100%| O|  |TAMS 0x0000000723800000, 0x0000000723600000| Untracked 
| 284|0x0000000723800000, 0x0000000723a00000, 0x0000000723a00000|100%| O|  |TAMS 0x0000000723a00000, 0x0000000723800000| Untracked 
| 285|0x0000000723a00000, 0x0000000723c00000, 0x0000000723c00000|100%| O|  |TAMS 0x0000000723c00000, 0x0000000723a00000| Untracked 
| 286|0x0000000723c00000, 0x0000000723e00000, 0x0000000723e00000|100%| O|  |TAMS 0x0000000723e00000, 0x0000000723c00000| Untracked 
| 287|0x0000000723e00000, 0x0000000724000000, 0x0000000724000000|100%| O|  |TAMS 0x0000000724000000, 0x0000000723e00000| Untracked 
| 288|0x0000000724000000, 0x0000000724200000, 0x0000000724200000|100%| O|  |TAMS 0x0000000724000000, 0x0000000724000000| Untracked 
| 289|0x0000000724200000, 0x0000000724400000, 0x0000000724400000|100%| O|  |TAMS 0x0000000724200000, 0x0000000724200000| Untracked 
| 290|0x0000000724400000, 0x0000000724600000, 0x0000000724600000|100%| O|  |TAMS 0x0000000724400000, 0x0000000724400000| Untracked 
| 291|0x0000000724600000, 0x0000000724800000, 0x0000000724800000|100%| O|  |TAMS 0x0000000724600000, 0x0000000724600000| Untracked 
| 292|0x0000000724800000, 0x0000000724a00000, 0x0000000724a00000|100%| O|  |TAMS 0x0000000724800000, 0x0000000724800000| Untracked 
| 293|0x0000000724a00000, 0x0000000724c00000, 0x0000000724c00000|100%| O|  |TAMS 0x0000000724a00000, 0x0000000724a00000| Untracked 
| 294|0x0000000724c00000, 0x0000000724e00000, 0x0000000724e00000|100%| O|  |TAMS 0x0000000724e00000, 0x0000000724c00000| Untracked 
| 295|0x0000000724e00000, 0x0000000725000000, 0x0000000725000000|100%| O|  |TAMS 0x0000000725000000, 0x0000000724e00000| Untracked 
| 296|0x0000000725000000, 0x0000000725200000, 0x0000000725200000|100%| O|  |TAMS 0x0000000725200000, 0x0000000725000000| Untracked 
| 297|0x0000000725200000, 0x0000000725400000, 0x0000000725400000|100%| O|  |TAMS 0x0000000725400000, 0x0000000725200000| Untracked 
| 298|0x0000000725400000, 0x0000000725600000, 0x0000000725600000|100%| O|  |TAMS 0x0000000725600000, 0x0000000725400000| Untracked 
| 299|0x0000000725600000, 0x0000000725800000, 0x0000000725800000|100%| O|  |TAMS 0x0000000725800000, 0x0000000725600000| Untracked 
| 300|0x0000000725800000, 0x0000000725a00000, 0x0000000725a00000|100%| O|  |TAMS 0x0000000725a00000, 0x0000000725800000| Untracked 
| 301|0x0000000725a00000, 0x0000000725c00000, 0x0000000725c00000|100%| O|  |TAMS 0x0000000725c00000, 0x0000000725a00000| Untracked 
| 302|0x0000000725c00000, 0x0000000725e00000, 0x0000000725e00000|100%| O|  |TAMS 0x0000000725c00000, 0x0000000725c00000| Untracked 
| 303|0x0000000725e00000, 0x0000000726000000, 0x0000000726000000|100%| O|  |TAMS 0x0000000725e00000, 0x0000000725e00000| Untracked 
| 304|0x0000000726000000, 0x0000000726200000, 0x0000000726200000|100%| O|  |TAMS 0x0000000726000000, 0x0000000726000000| Untracked 
| 305|0x0000000726200000, 0x0000000726400000, 0x0000000726400000|100%| O|  |TAMS 0x0000000726200000, 0x0000000726200000| Untracked 
| 306|0x0000000726400000, 0x0000000726600000, 0x0000000726600000|100%| O|  |TAMS 0x0000000726400000, 0x0000000726400000| Untracked 
| 307|0x0000000726600000, 0x0000000726800000, 0x0000000726800000|100%| O|  |TAMS 0x0000000726600000, 0x0000000726600000| Untracked 
| 308|0x0000000726800000, 0x0000000726a00000, 0x0000000726a00000|100%| O|  |TAMS 0x0000000726800000, 0x0000000726800000| Untracked 
| 309|0x0000000726a00000, 0x0000000726c00000, 0x0000000726c00000|100%| O|  |TAMS 0x0000000726a00000, 0x0000000726a00000| Untracked 
| 310|0x0000000726c00000, 0x0000000726e00000, 0x0000000726e00000|100%| O|  |TAMS 0x0000000726c00000, 0x0000000726c00000| Untracked 
| 311|0x0000000726e00000, 0x0000000727000000, 0x0000000727000000|100%| O|  |TAMS 0x0000000726e00000, 0x0000000726e00000| Untracked 
| 312|0x0000000727000000, 0x0000000727200000, 0x0000000727200000|100%| O|  |TAMS 0x0000000727000000, 0x0000000727000000| Untracked 
| 313|0x0000000727200000, 0x0000000727400000, 0x0000000727400000|100%| O|  |TAMS 0x0000000727200000, 0x0000000727200000| Untracked 
| 314|0x0000000727400000, 0x0000000727600000, 0x0000000727600000|100%| O|  |TAMS 0x0000000727400000, 0x0000000727400000| Untracked 
| 315|0x0000000727600000, 0x0000000727800000, 0x0000000727800000|100%| O|  |TAMS 0x0000000727600000, 0x0000000727600000| Untracked 
| 316|0x0000000727800000, 0x0000000727a00000, 0x0000000727a00000|100%| O|  |TAMS 0x0000000727800000, 0x0000000727800000| Untracked 
| 317|0x0000000727a00000, 0x0000000727c00000, 0x0000000727c00000|100%| O|  |TAMS 0x0000000727a00000, 0x0000000727a00000| Untracked 
| 318|0x0000000727c00000, 0x0000000727e00000, 0x0000000727e00000|100%| O|  |TAMS 0x0000000727c00000, 0x0000000727c00000| Untracked 
| 319|0x0000000727e00000, 0x0000000728000000, 0x0000000728000000|100%| O|  |TAMS 0x0000000727e00000, 0x0000000727e00000| Untracked 
| 320|0x0000000728000000, 0x0000000728200000, 0x0000000728200000|100%| O|  |TAMS 0x0000000728000000, 0x0000000728000000| Untracked 
| 321|0x0000000728200000, 0x0000000728400000, 0x0000000728400000|100%| O|  |TAMS 0x0000000728200000, 0x0000000728200000| Untracked 
| 322|0x0000000728400000, 0x0000000728600000, 0x0000000728600000|100%| O|  |TAMS 0x0000000728400000, 0x0000000728400000| Untracked 
| 323|0x0000000728600000, 0x0000000728800000, 0x0000000728800000|100%| O|  |TAMS 0x0000000728600000, 0x0000000728600000| Untracked 
| 324|0x0000000728800000, 0x0000000728a00000, 0x0000000728a00000|100%|HS|  |TAMS 0x0000000728800000, 0x0000000728800000| Complete 
| 325|0x0000000728a00000, 0x0000000728c00000, 0x0000000728c00000|100%|HC|  |TAMS 0x0000000728a00000, 0x0000000728a00000| Complete 
| 326|0x0000000728c00000, 0x0000000728e00000, 0x0000000728e00000|100%|HC|  |TAMS 0x0000000728c00000, 0x0000000728c00000| Complete 
| 327|0x0000000728e00000, 0x0000000729000000, 0x0000000729000000|100%|HC|  |TAMS 0x0000000728e00000, 0x0000000728e00000| Complete 
| 328|0x0000000729000000, 0x0000000729200000, 0x0000000729200000|100%| O|  |TAMS 0x0000000729000000, 0x0000000729000000| Untracked 
| 329|0x0000000729200000, 0x0000000729400000, 0x0000000729400000|100%| O|  |TAMS 0x0000000729200000, 0x0000000729200000| Untracked 
| 330|0x0000000729400000, 0x0000000729600000, 0x0000000729600000|100%| O|  |TAMS 0x0000000729400000, 0x0000000729400000| Untracked 
| 331|0x0000000729600000, 0x0000000729800000, 0x0000000729800000|100%| O|  |TAMS 0x0000000729600000, 0x0000000729600000| Untracked 
| 332|0x0000000729800000, 0x0000000729a00000, 0x0000000729a00000|100%| O|  |TAMS 0x0000000729800000, 0x0000000729800000| Untracked 
| 333|0x0000000729a00000, 0x0000000729c00000, 0x0000000729c00000|100%| O|  |TAMS 0x0000000729a00000, 0x0000000729a00000| Untracked 
| 334|0x0000000729c00000, 0x0000000729e00000, 0x0000000729e00000|100%| O|  |TAMS 0x0000000729c00000, 0x0000000729c00000| Untracked 
| 335|0x0000000729e00000, 0x000000072a000000, 0x000000072a000000|100%| O|  |TAMS 0x0000000729e00000, 0x0000000729e00000| Untracked 
| 336|0x000000072a000000, 0x000000072a200000, 0x000000072a200000|100%| O|  |TAMS 0x000000072a000000, 0x000000072a000000| Untracked 
| 337|0x000000072a200000, 0x000000072a400000, 0x000000072a400000|100%| O|  |TAMS 0x000000072a200000, 0x000000072a200000| Untracked 
| 338|0x000000072a400000, 0x000000072a600000, 0x000000072a600000|100%| O|  |TAMS 0x000000072a400000, 0x000000072a400000| Untracked 
| 339|0x000000072a600000, 0x000000072a800000, 0x000000072a800000|100%| O|  |TAMS 0x000000072a600000, 0x000000072a600000| Untracked 
| 340|0x000000072a800000, 0x000000072aa00000, 0x000000072aa00000|100%| O|  |TAMS 0x000000072a800000, 0x000000072a800000| Untracked 
| 341|0x000000072aa00000, 0x000000072ac00000, 0x000000072ac00000|100%| O|  |TAMS 0x000000072aa00000, 0x000000072aa00000| Untracked 
| 342|0x000000072ac00000, 0x000000072ae00000, 0x000000072ae00000|100%| O|  |TAMS 0x000000072ac00000, 0x000000072ac00000| Untracked 
| 343|0x000000072ae00000, 0x000000072b000000, 0x000000072b000000|100%| O|  |TAMS 0x000000072ae00000, 0x000000072ae00000| Untracked 
| 344|0x000000072b000000, 0x000000072b200000, 0x000000072b200000|100%| O|  |TAMS 0x000000072b000000, 0x000000072b000000| Untracked 
| 345|0x000000072b200000, 0x000000072b400000, 0x000000072b400000|100%| O|  |TAMS 0x000000072b200000, 0x000000072b200000| Untracked 
| 346|0x000000072b400000, 0x000000072b600000, 0x000000072b600000|100%| O|  |TAMS 0x000000072b400000, 0x000000072b400000| Untracked 
| 347|0x000000072b600000, 0x000000072b800000, 0x000000072b800000|100%| O|  |TAMS 0x000000072b600000, 0x000000072b600000| Untracked 
| 348|0x000000072b800000, 0x000000072ba00000, 0x000000072ba00000|100%| O|  |TAMS 0x000000072b800000, 0x000000072b800000| Untracked 
| 349|0x000000072ba00000, 0x000000072bc00000, 0x000000072bc00000|100%| O|  |TAMS 0x000000072ba00000, 0x000000072ba00000| Untracked 
| 350|0x000000072bc00000, 0x000000072be00000, 0x000000072be00000|100%| O|  |TAMS 0x000000072bc00000, 0x000000072bc00000| Untracked 
| 351|0x000000072be00000, 0x000000072c000000, 0x000000072c000000|100%| O|  |TAMS 0x000000072be00000, 0x000000072be00000| Untracked 
| 352|0x000000072c000000, 0x000000072c200000, 0x000000072c200000|100%| O|  |TAMS 0x000000072c000000, 0x000000072c000000| Untracked 
| 353|0x000000072c200000, 0x000000072c400000, 0x000000072c400000|100%| O|  |TAMS 0x000000072c200000, 0x000000072c200000| Untracked 
| 354|0x000000072c400000, 0x000000072c600000, 0x000000072c600000|100%| O|  |TAMS 0x000000072c400000, 0x000000072c400000| Untracked 
| 355|0x000000072c600000, 0x000000072c800000, 0x000000072c800000|100%| O|  |TAMS 0x000000072c600000, 0x000000072c600000| Untracked 
| 356|0x000000072c800000, 0x000000072ca00000, 0x000000072ca00000|100%| O|  |TAMS 0x000000072c800000, 0x000000072c800000| Untracked 
| 357|0x000000072ca00000, 0x000000072cc00000, 0x000000072cc00000|100%| O|  |TAMS 0x000000072ca00000, 0x000000072ca00000| Untracked 
| 358|0x000000072cc00000, 0x000000072ce00000, 0x000000072ce00000|100%| O|  |TAMS 0x000000072cc00000, 0x000000072cc00000| Untracked 
| 359|0x000000072ce00000, 0x000000072d000000, 0x000000072d000000|100%| O|  |TAMS 0x000000072ce00000, 0x000000072ce00000| Untracked 
| 360|0x000000072d000000, 0x000000072d200000, 0x000000072d200000|100%| O|  |TAMS 0x000000072d000000, 0x000000072d000000| Untracked 
| 361|0x000000072d200000, 0x000000072d400000, 0x000000072d400000|100%| O|  |TAMS 0x000000072d200000, 0x000000072d200000| Untracked 
| 362|0x000000072d400000, 0x000000072d600000, 0x000000072d600000|100%| O|  |TAMS 0x000000072d400000, 0x000000072d400000| Untracked 
| 363|0x000000072d600000, 0x000000072d800000, 0x000000072d800000|100%| O|  |TAMS 0x000000072d600000, 0x000000072d600000| Untracked 
| 364|0x000000072d800000, 0x000000072da00000, 0x000000072da00000|100%| O|  |TAMS 0x000000072d800000, 0x000000072d800000| Untracked 
| 365|0x000000072da00000, 0x000000072db00000, 0x000000072dc00000| 50%| O|  |TAMS 0x000000072da00000, 0x000000072da00000| Untracked 
| 366|0x000000072dc00000, 0x000000072dc00000, 0x000000072de00000|  0%| F|  |TAMS 0x000000072dc00000, 0x000000072dc00000| Untracked 
| 367|0x000000072de00000, 0x000000072de00000, 0x000000072e000000|  0%| F|  |TAMS 0x000000072de00000, 0x000000072de00000| Untracked 
| 368|0x000000072e000000, 0x000000072e000000, 0x000000072e200000|  0%| F|  |TAMS 0x000000072e000000, 0x000000072e000000| Untracked 
| 369|0x000000072e200000, 0x000000072e200000, 0x000000072e400000|  0%| F|  |TAMS 0x000000072e200000, 0x000000072e200000| Untracked 
| 370|0x000000072e400000, 0x000000072e400000, 0x000000072e600000|  0%| F|  |TAMS 0x000000072e400000, 0x000000072e400000| Untracked 
| 371|0x000000072e600000, 0x000000072e600000, 0x000000072e800000|  0%| F|  |TAMS 0x000000072e600000, 0x000000072e600000| Untracked 
| 372|0x000000072e800000, 0x000000072e800000, 0x000000072ea00000|  0%| F|  |TAMS 0x000000072e800000, 0x000000072e800000| Untracked 
| 373|0x000000072ea00000, 0x000000072ea00000, 0x000000072ec00000|  0%| F|  |TAMS 0x000000072ea00000, 0x000000072ea00000| Untracked 
| 374|0x000000072ec00000, 0x000000072ec00000, 0x000000072ee00000|  0%| F|  |TAMS 0x000000072ec00000, 0x000000072ec00000| Untracked 
| 375|0x000000072ee00000, 0x000000072ee00000, 0x000000072f000000|  0%| F|  |TAMS 0x000000072ee00000, 0x000000072ee00000| Untracked 
| 376|0x000000072f000000, 0x000000072f000000, 0x000000072f200000|  0%| F|  |TAMS 0x000000072f000000, 0x000000072f000000| Untracked 
| 377|0x000000072f200000, 0x000000072f200000, 0x000000072f400000|  0%| F|  |TAMS 0x000000072f200000, 0x000000072f200000| Untracked 
| 378|0x000000072f400000, 0x000000072f400000, 0x000000072f600000|  0%| F|  |TAMS 0x000000072f400000, 0x000000072f400000| Untracked 
| 379|0x000000072f600000, 0x000000072f600000, 0x000000072f800000|  0%| F|  |TAMS 0x000000072f600000, 0x000000072f600000| Untracked 
| 380|0x000000072f800000, 0x000000072f800000, 0x000000072fa00000|  0%| F|  |TAMS 0x000000072f800000, 0x000000072f800000| Untracked 
| 381|0x000000072fa00000, 0x000000072fa00000, 0x000000072fc00000|  0%| F|  |TAMS 0x000000072fa00000, 0x000000072fa00000| Untracked 
| 382|0x000000072fc00000, 0x000000072fc00000, 0x000000072fe00000|  0%| F|  |TAMS 0x000000072fc00000, 0x000000072fc00000| Untracked 
| 383|0x000000072fe00000, 0x000000072fe00000, 0x0000000730000000|  0%| F|  |TAMS 0x000000072fe00000, 0x000000072fe00000| Untracked 
| 384|0x0000000730000000, 0x0000000730000000, 0x0000000730200000|  0%| F|  |TAMS 0x0000000730000000, 0x0000000730000000| Untracked 
| 385|0x0000000730200000, 0x0000000730200000, 0x0000000730400000|  0%| F|  |TAMS 0x0000000730200000, 0x0000000730200000| Untracked 
| 386|0x0000000730400000, 0x0000000730400000, 0x0000000730600000|  0%| F|  |TAMS 0x0000000730400000, 0x0000000730400000| Untracked 
| 387|0x0000000730600000, 0x0000000730600000, 0x0000000730800000|  0%| F|  |TAMS 0x0000000730600000, 0x0000000730600000| Untracked 
| 388|0x0000000730800000, 0x0000000730800000, 0x0000000730a00000|  0%| F|  |TAMS 0x0000000730800000, 0x0000000730800000| Untracked 
| 389|0x0000000730a00000, 0x0000000730a00000, 0x0000000730c00000|  0%| F|  |TAMS 0x0000000730a00000, 0x0000000730a00000| Untracked 
| 390|0x0000000730c00000, 0x0000000730c00000, 0x0000000730e00000|  0%| F|  |TAMS 0x0000000730c00000, 0x0000000730c00000| Untracked 
| 391|0x0000000730e00000, 0x0000000730e00000, 0x0000000731000000|  0%| F|  |TAMS 0x0000000730e00000, 0x0000000730e00000| Untracked 
| 392|0x0000000731000000, 0x0000000731000000, 0x0000000731200000|  0%| F|  |TAMS 0x0000000731000000, 0x0000000731000000| Untracked 
| 393|0x0000000731200000, 0x0000000731200000, 0x0000000731400000|  0%| F|  |TAMS 0x0000000731200000, 0x0000000731200000| Untracked 
| 394|0x0000000731400000, 0x0000000731400000, 0x0000000731600000|  0%| F|  |TAMS 0x0000000731400000, 0x0000000731400000| Untracked 
| 395|0x0000000731600000, 0x0000000731600000, 0x0000000731800000|  0%| F|  |TAMS 0x0000000731600000, 0x0000000731600000| Untracked 
| 396|0x0000000731800000, 0x0000000731800000, 0x0000000731a00000|  0%| F|  |TAMS 0x0000000731800000, 0x0000000731800000| Untracked 
| 397|0x0000000731a00000, 0x0000000731a00000, 0x0000000731c00000|  0%| F|  |TAMS 0x0000000731a00000, 0x0000000731a00000| Untracked 
| 398|0x0000000731c00000, 0x0000000731c00000, 0x0000000731e00000|  0%| F|  |TAMS 0x0000000731c00000, 0x0000000731c00000| Untracked 
| 399|0x0000000731e00000, 0x0000000731e00000, 0x0000000732000000|  0%| F|  |TAMS 0x0000000731e00000, 0x0000000731e00000| Untracked 
| 400|0x0000000732000000, 0x0000000732000000, 0x0000000732200000|  0%| F|  |TAMS 0x0000000732000000, 0x0000000732000000| Untracked 
| 401|0x0000000732200000, 0x0000000732200000, 0x0000000732400000|  0%| F|  |TAMS 0x0000000732200000, 0x0000000732200000| Untracked 
| 402|0x0000000732400000, 0x0000000732400000, 0x0000000732600000|  0%| F|  |TAMS 0x0000000732400000, 0x0000000732400000| Untracked 
| 403|0x0000000732600000, 0x0000000732600000, 0x0000000732800000|  0%| F|  |TAMS 0x0000000732600000, 0x0000000732600000| Untracked 
| 404|0x0000000732800000, 0x0000000732800000, 0x0000000732a00000|  0%| F|  |TAMS 0x0000000732800000, 0x0000000732800000| Untracked 
| 405|0x0000000732a00000, 0x0000000732a00000, 0x0000000732c00000|  0%| F|  |TAMS 0x0000000732a00000, 0x0000000732a00000| Untracked 
| 406|0x0000000732c00000, 0x0000000732c00000, 0x0000000732e00000|  0%| F|  |TAMS 0x0000000732c00000, 0x0000000732c00000| Untracked 
| 407|0x0000000732e00000, 0x0000000732e00000, 0x0000000733000000|  0%| F|  |TAMS 0x0000000732e00000, 0x0000000732e00000| Untracked 
| 408|0x0000000733000000, 0x0000000733000000, 0x0000000733200000|  0%| F|  |TAMS 0x0000000733000000, 0x0000000733000000| Untracked 
| 409|0x0000000733200000, 0x0000000733200000, 0x0000000733400000|  0%| F|  |TAMS 0x0000000733200000, 0x0000000733200000| Untracked 
| 410|0x0000000733400000, 0x0000000733400000, 0x0000000733600000|  0%| F|  |TAMS 0x0000000733400000, 0x0000000733400000| Untracked 
| 411|0x0000000733600000, 0x0000000733600000, 0x0000000733800000|  0%| F|  |TAMS 0x0000000733600000, 0x0000000733600000| Untracked 
| 412|0x0000000733800000, 0x0000000733800000, 0x0000000733a00000|  0%| F|  |TAMS 0x0000000733800000, 0x0000000733800000| Untracked 
| 413|0x0000000733a00000, 0x0000000733a00000, 0x0000000733c00000|  0%| F|  |TAMS 0x0000000733a00000, 0x0000000733a00000| Untracked 
| 414|0x0000000733c00000, 0x0000000733c00000, 0x0000000733e00000|  0%| F|  |TAMS 0x0000000733c00000, 0x0000000733c00000| Untracked 
| 415|0x0000000733e00000, 0x0000000733e00000, 0x0000000734000000|  0%| F|  |TAMS 0x0000000733e00000, 0x0000000733e00000| Untracked 
| 416|0x0000000734000000, 0x0000000734000000, 0x0000000734200000|  0%| F|  |TAMS 0x0000000734000000, 0x0000000734000000| Untracked 
| 417|0x0000000734200000, 0x0000000734200000, 0x0000000734400000|  0%| F|  |TAMS 0x0000000734200000, 0x0000000734200000| Untracked 
| 418|0x0000000734400000, 0x0000000734400000, 0x0000000734600000|  0%| F|  |TAMS 0x0000000734400000, 0x0000000734400000| Untracked 
| 419|0x0000000734600000, 0x0000000734600000, 0x0000000734800000|  0%| F|  |TAMS 0x0000000734600000, 0x0000000734600000| Untracked 
| 420|0x0000000734800000, 0x0000000734800000, 0x0000000734a00000|  0%| F|  |TAMS 0x0000000734800000, 0x0000000734800000| Untracked 
| 421|0x0000000734a00000, 0x0000000734a00000, 0x0000000734c00000|  0%| F|  |TAMS 0x0000000734a00000, 0x0000000734a00000| Untracked 
| 422|0x0000000734c00000, 0x0000000734c00000, 0x0000000734e00000|  0%| F|  |TAMS 0x0000000734c00000, 0x0000000734c00000| Untracked 
| 423|0x0000000734e00000, 0x0000000734e00000, 0x0000000735000000|  0%| F|  |TAMS 0x0000000734e00000, 0x0000000734e00000| Untracked 
| 424|0x0000000735000000, 0x0000000735000000, 0x0000000735200000|  0%| F|  |TAMS 0x0000000735000000, 0x0000000735000000| Untracked 
| 425|0x0000000735200000, 0x0000000735200000, 0x0000000735400000|  0%| F|  |TAMS 0x0000000735200000, 0x0000000735200000| Untracked 
| 426|0x0000000735400000, 0x0000000735400000, 0x0000000735600000|  0%| F|  |TAMS 0x0000000735400000, 0x0000000735400000| Untracked 
| 427|0x0000000735600000, 0x0000000735600000, 0x0000000735800000|  0%| F|  |TAMS 0x0000000735600000, 0x0000000735600000| Untracked 
| 428|0x0000000735800000, 0x0000000735800000, 0x0000000735a00000|  0%| F|  |TAMS 0x0000000735800000, 0x0000000735800000| Untracked 
| 429|0x0000000735a00000, 0x0000000735a00000, 0x0000000735c00000|  0%| F|  |TAMS 0x0000000735a00000, 0x0000000735a00000| Untracked 
| 430|0x0000000735c00000, 0x0000000735c00000, 0x0000000735e00000|  0%| F|  |TAMS 0x0000000735c00000, 0x0000000735c00000| Untracked 
| 431|0x0000000735e00000, 0x0000000735e00000, 0x0000000736000000|  0%| F|  |TAMS 0x0000000735e00000, 0x0000000735e00000| Untracked 
| 432|0x0000000736000000, 0x0000000736000000, 0x0000000736200000|  0%| F|  |TAMS 0x0000000736000000, 0x0000000736000000| Untracked 
| 433|0x0000000736200000, 0x0000000736200000, 0x0000000736400000|  0%| F|  |TAMS 0x0000000736200000, 0x0000000736200000| Untracked 
| 434|0x0000000736400000, 0x0000000736400000, 0x0000000736600000|  0%| F|  |TAMS 0x0000000736400000, 0x0000000736400000| Untracked 
| 435|0x0000000736600000, 0x0000000736600000, 0x0000000736800000|  0%| F|  |TAMS 0x0000000736600000, 0x0000000736600000| Untracked 
| 436|0x0000000736800000, 0x0000000736800000, 0x0000000736a00000|  0%| F|  |TAMS 0x0000000736800000, 0x0000000736800000| Untracked 
| 437|0x0000000736a00000, 0x0000000736a00000, 0x0000000736c00000|  0%| F|  |TAMS 0x0000000736a00000, 0x0000000736a00000| Untracked 
| 438|0x0000000736c00000, 0x0000000736c00000, 0x0000000736e00000|  0%| F|  |TAMS 0x0000000736c00000, 0x0000000736c00000| Untracked 
| 439|0x0000000736e00000, 0x0000000736e00000, 0x0000000737000000|  0%| F|  |TAMS 0x0000000736e00000, 0x0000000736e00000| Untracked 
| 440|0x0000000737000000, 0x0000000737000000, 0x0000000737200000|  0%| F|  |TAMS 0x0000000737000000, 0x0000000737000000| Untracked 
| 441|0x0000000737200000, 0x0000000737200000, 0x0000000737400000|  0%| F|  |TAMS 0x0000000737200000, 0x0000000737200000| Untracked 
| 442|0x0000000737400000, 0x0000000737400000, 0x0000000737600000|  0%| F|  |TAMS 0x0000000737400000, 0x0000000737400000| Untracked 
| 443|0x0000000737600000, 0x0000000737600000, 0x0000000737800000|  0%| F|  |TAMS 0x0000000737600000, 0x0000000737600000| Untracked 
| 444|0x0000000737800000, 0x0000000737800000, 0x0000000737a00000|  0%| F|  |TAMS 0x0000000737800000, 0x0000000737800000| Untracked 
| 445|0x0000000737a00000, 0x0000000737a00000, 0x0000000737c00000|  0%| F|  |TAMS 0x0000000737a00000, 0x0000000737a00000| Untracked 
| 446|0x0000000737c00000, 0x0000000737c00000, 0x0000000737e00000|  0%| F|  |TAMS 0x0000000737c00000, 0x0000000737c00000| Untracked 
| 447|0x0000000737e00000, 0x0000000737e00000, 0x0000000738000000|  0%| F|  |TAMS 0x0000000737e00000, 0x0000000737e00000| Untracked 
| 448|0x0000000738000000, 0x0000000738000000, 0x0000000738200000|  0%| F|  |TAMS 0x0000000738000000, 0x0000000738000000| Untracked 
| 449|0x0000000738200000, 0x0000000738200000, 0x0000000738400000|  0%| F|  |TAMS 0x0000000738200000, 0x0000000738200000| Untracked 
| 450|0x0000000738400000, 0x0000000738400000, 0x0000000738600000|  0%| F|  |TAMS 0x0000000738400000, 0x0000000738400000| Untracked 
| 451|0x0000000738600000, 0x0000000738600000, 0x0000000738800000|  0%| F|  |TAMS 0x0000000738600000, 0x0000000738600000| Untracked 
| 452|0x0000000738800000, 0x0000000738800000, 0x0000000738a00000|  0%| F|  |TAMS 0x0000000738800000, 0x0000000738800000| Untracked 
| 453|0x0000000738a00000, 0x0000000738a00000, 0x0000000738c00000|  0%| F|  |TAMS 0x0000000738a00000, 0x0000000738a00000| Untracked 
| 454|0x0000000738c00000, 0x0000000738c00000, 0x0000000738e00000|  0%| F|  |TAMS 0x0000000738c00000, 0x0000000738c00000| Untracked 
| 455|0x0000000738e00000, 0x0000000738e00000, 0x0000000739000000|  0%| F|  |TAMS 0x0000000738e00000, 0x0000000738e00000| Untracked 
| 456|0x0000000739000000, 0x0000000739000000, 0x0000000739200000|  0%| F|  |TAMS 0x0000000739000000, 0x0000000739000000| Untracked 
| 457|0x0000000739200000, 0x0000000739200000, 0x0000000739400000|  0%| F|  |TAMS 0x0000000739200000, 0x0000000739200000| Untracked 
| 458|0x0000000739400000, 0x0000000739400000, 0x0000000739600000|  0%| F|  |TAMS 0x0000000739400000, 0x0000000739400000| Untracked 
| 459|0x0000000739600000, 0x0000000739600000, 0x0000000739800000|  0%| F|  |TAMS 0x0000000739600000, 0x0000000739600000| Untracked 
| 460|0x0000000739800000, 0x0000000739800000, 0x0000000739a00000|  0%| F|  |TAMS 0x0000000739800000, 0x0000000739800000| Untracked 
| 461|0x0000000739a00000, 0x0000000739a00000, 0x0000000739c00000|  0%| F|  |TAMS 0x0000000739a00000, 0x0000000739a00000| Untracked 
| 462|0x0000000739c00000, 0x0000000739c00000, 0x0000000739e00000|  0%| F|  |TAMS 0x0000000739c00000, 0x0000000739c00000| Untracked 
| 463|0x0000000739e00000, 0x0000000739e00000, 0x000000073a000000|  0%| F|  |TAMS 0x0000000739e00000, 0x0000000739e00000| Untracked 
| 464|0x000000073a000000, 0x000000073a000000, 0x000000073a200000|  0%| F|  |TAMS 0x000000073a000000, 0x000000073a000000| Untracked 
| 465|0x000000073a200000, 0x000000073a200000, 0x000000073a400000|  0%| F|  |TAMS 0x000000073a200000, 0x000000073a200000| Untracked 
| 466|0x000000073a400000, 0x000000073a400000, 0x000000073a600000|  0%| F|  |TAMS 0x000000073a400000, 0x000000073a400000| Untracked 
| 467|0x000000073a600000, 0x000000073a600000, 0x000000073a800000|  0%| F|  |TAMS 0x000000073a600000, 0x000000073a600000| Untracked 
| 468|0x000000073a800000, 0x000000073a800000, 0x000000073aa00000|  0%| F|  |TAMS 0x000000073a800000, 0x000000073a800000| Untracked 
| 469|0x000000073aa00000, 0x000000073aa00000, 0x000000073ac00000|  0%| F|  |TAMS 0x000000073aa00000, 0x000000073aa00000| Untracked 
| 470|0x000000073ac00000, 0x000000073ac00000, 0x000000073ae00000|  0%| F|  |TAMS 0x000000073ac00000, 0x000000073ac00000| Untracked 
| 471|0x000000073ae00000, 0x000000073ae00000, 0x000000073b000000|  0%| F|  |TAMS 0x000000073ae00000, 0x000000073ae00000| Untracked 
| 472|0x000000073b000000, 0x000000073b000000, 0x000000073b200000|  0%| F|  |TAMS 0x000000073b000000, 0x000000073b000000| Untracked 
| 473|0x000000073b200000, 0x000000073b200000, 0x000000073b400000|  0%| F|  |TAMS 0x000000073b200000, 0x000000073b200000| Untracked 
| 474|0x000000073b400000, 0x000000073b400000, 0x000000073b600000|  0%| F|  |TAMS 0x000000073b400000, 0x000000073b400000| Untracked 
| 475|0x000000073b600000, 0x000000073b600000, 0x000000073b800000|  0%| F|  |TAMS 0x000000073b600000, 0x000000073b600000| Untracked 
| 476|0x000000073b800000, 0x000000073b800000, 0x000000073ba00000|  0%| F|  |TAMS 0x000000073b800000, 0x000000073b800000| Untracked 
| 477|0x000000073ba00000, 0x000000073ba00000, 0x000000073bc00000|  0%| F|  |TAMS 0x000000073ba00000, 0x000000073ba00000| Untracked 
| 478|0x000000073bc00000, 0x000000073bc00000, 0x000000073be00000|  0%| F|  |TAMS 0x000000073bc00000, 0x000000073bc00000| Untracked 
| 479|0x000000073be00000, 0x000000073be00000, 0x000000073c000000|  0%| F|  |TAMS 0x000000073be00000, 0x000000073be00000| Untracked 
| 480|0x000000073c000000, 0x000000073c000000, 0x000000073c200000|  0%| F|  |TAMS 0x000000073c000000, 0x000000073c000000| Untracked 
| 481|0x000000073c200000, 0x000000073c200000, 0x000000073c400000|  0%| F|  |TAMS 0x000000073c200000, 0x000000073c200000| Untracked 
| 482|0x000000073c400000, 0x000000073c400000, 0x000000073c600000|  0%| F|  |TAMS 0x000000073c400000, 0x000000073c400000| Untracked 
| 483|0x000000073c600000, 0x000000073c600000, 0x000000073c800000|  0%| F|  |TAMS 0x000000073c600000, 0x000000073c600000| Untracked 
| 484|0x000000073c800000, 0x000000073c800000, 0x000000073ca00000|  0%| F|  |TAMS 0x000000073c800000, 0x000000073c800000| Untracked 
| 485|0x000000073ca00000, 0x000000073ca00000, 0x000000073cc00000|  0%| F|  |TAMS 0x000000073ca00000, 0x000000073ca00000| Untracked 
| 486|0x000000073cc00000, 0x000000073cc00000, 0x000000073ce00000|  0%| F|  |TAMS 0x000000073cc00000, 0x000000073cc00000| Untracked 
| 487|0x000000073ce00000, 0x000000073ce00000, 0x000000073d000000|  0%| F|  |TAMS 0x000000073ce00000, 0x000000073ce00000| Untracked 
| 488|0x000000073d000000, 0x000000073d000000, 0x000000073d200000|  0%| F|  |TAMS 0x000000073d000000, 0x000000073d000000| Untracked 
| 489|0x000000073d200000, 0x000000073d200000, 0x000000073d400000|  0%| F|  |TAMS 0x000000073d200000, 0x000000073d200000| Untracked 
| 490|0x000000073d400000, 0x000000073d400000, 0x000000073d600000|  0%| F|  |TAMS 0x000000073d400000, 0x000000073d400000| Untracked 
| 491|0x000000073d600000, 0x000000073d600000, 0x000000073d800000|  0%| F|  |TAMS 0x000000073d600000, 0x000000073d600000| Untracked 
| 492|0x000000073d800000, 0x000000073d800000, 0x000000073da00000|  0%| F|  |TAMS 0x000000073d800000, 0x000000073d800000| Untracked 
| 493|0x000000073da00000, 0x000000073da00000, 0x000000073dc00000|  0%| F|  |TAMS 0x000000073da00000, 0x000000073da00000| Untracked 
| 494|0x000000073dc00000, 0x000000073dc00000, 0x000000073de00000|  0%| F|  |TAMS 0x000000073dc00000, 0x000000073dc00000| Untracked 
| 495|0x000000073de00000, 0x000000073de00000, 0x000000073e000000|  0%| F|  |TAMS 0x000000073de00000, 0x000000073de00000| Untracked 
| 496|0x000000073e000000, 0x000000073e000000, 0x000000073e200000|  0%| F|  |TAMS 0x000000073e000000, 0x000000073e000000| Untracked 
| 497|0x000000073e200000, 0x000000073e200000, 0x000000073e400000|  0%| F|  |TAMS 0x000000073e200000, 0x000000073e200000| Untracked 
| 498|0x000000073e400000, 0x000000073e400000, 0x000000073e600000|  0%| F|  |TAMS 0x000000073e400000, 0x000000073e400000| Untracked 
| 499|0x000000073e600000, 0x000000073e600000, 0x000000073e800000|  0%| F|  |TAMS 0x000000073e600000, 0x000000073e600000| Untracked 
| 500|0x000000073e800000, 0x000000073e800000, 0x000000073ea00000|  0%| F|  |TAMS 0x000000073e800000, 0x000000073e800000| Untracked 
| 501|0x000000073ea00000, 0x000000073ea00000, 0x000000073ec00000|  0%| F|  |TAMS 0x000000073ea00000, 0x000000073ea00000| Untracked 
| 502|0x000000073ec00000, 0x000000073ec00000, 0x000000073ee00000|  0%| F|  |TAMS 0x000000073ec00000, 0x000000073ec00000| Untracked 
| 503|0x000000073ee00000, 0x000000073ee00000, 0x000000073f000000|  0%| F|  |TAMS 0x000000073ee00000, 0x000000073ee00000| Untracked 
| 504|0x000000073f000000, 0x000000073f000000, 0x000000073f200000|  0%| F|  |TAMS 0x000000073f000000, 0x000000073f000000| Untracked 
| 505|0x000000073f200000, 0x000000073f200000, 0x000000073f400000|  0%| F|  |TAMS 0x000000073f200000, 0x000000073f200000| Untracked 
| 506|0x000000073f400000, 0x000000073f400000, 0x000000073f600000|  0%| F|  |TAMS 0x000000073f400000, 0x000000073f400000| Untracked 
| 507|0x000000073f600000, 0x000000073f600000, 0x000000073f800000|  0%| F|  |TAMS 0x000000073f600000, 0x000000073f600000| Untracked 
| 508|0x000000073f800000, 0x000000073f800000, 0x000000073fa00000|  0%| F|  |TAMS 0x000000073f800000, 0x000000073f800000| Untracked 
| 509|0x000000073fa00000, 0x000000073fa00000, 0x000000073fc00000|  0%| F|  |TAMS 0x000000073fa00000, 0x000000073fa00000| Untracked 
| 510|0x000000073fc00000, 0x000000073fc00000, 0x000000073fe00000|  0%| F|  |TAMS 0x000000073fc00000, 0x000000073fc00000| Untracked 
| 511|0x000000073fe00000, 0x000000073fe00000, 0x0000000740000000|  0%| F|  |TAMS 0x000000073fe00000, 0x000000073fe00000| Untracked 
| 512|0x0000000740000000, 0x0000000740000000, 0x0000000740200000|  0%| F|  |TAMS 0x0000000740000000, 0x0000000740000000| Untracked 
| 513|0x0000000740200000, 0x0000000740200000, 0x0000000740400000|  0%| F|  |TAMS 0x0000000740200000, 0x0000000740200000| Untracked 
| 514|0x0000000740400000, 0x0000000740400000, 0x0000000740600000|  0%| F|  |TAMS 0x0000000740400000, 0x0000000740400000| Untracked 
| 515|0x0000000740600000, 0x0000000740600000, 0x0000000740800000|  0%| F|  |TAMS 0x0000000740600000, 0x0000000740600000| Untracked 
| 516|0x0000000740800000, 0x0000000740800000, 0x0000000740a00000|  0%| F|  |TAMS 0x0000000740800000, 0x0000000740800000| Untracked 
| 517|0x0000000740a00000, 0x0000000740a00000, 0x0000000740c00000|  0%| F|  |TAMS 0x0000000740a00000, 0x0000000740a00000| Untracked 
| 518|0x0000000740c00000, 0x0000000740c00000, 0x0000000740e00000|  0%| F|  |TAMS 0x0000000740c00000, 0x0000000740c00000| Untracked 
| 519|0x0000000740e00000, 0x0000000740e00000, 0x0000000741000000|  0%| F|  |TAMS 0x0000000740e00000, 0x0000000740e00000| Untracked 
| 520|0x0000000741000000, 0x0000000741000000, 0x0000000741200000|  0%| F|  |TAMS 0x0000000741000000, 0x0000000741000000| Untracked 
| 521|0x0000000741200000, 0x0000000741200000, 0x0000000741400000|  0%| F|  |TAMS 0x0000000741200000, 0x0000000741200000| Untracked 
| 522|0x0000000741400000, 0x0000000741400000, 0x0000000741600000|  0%| F|  |TAMS 0x0000000741400000, 0x0000000741400000| Untracked 
| 523|0x0000000741600000, 0x0000000741600000, 0x0000000741800000|  0%| F|  |TAMS 0x0000000741600000, 0x0000000741600000| Untracked 
| 524|0x0000000741800000, 0x0000000741800000, 0x0000000741a00000|  0%| F|  |TAMS 0x0000000741800000, 0x0000000741800000| Untracked 
| 525|0x0000000741a00000, 0x0000000741a00000, 0x0000000741c00000|  0%| F|  |TAMS 0x0000000741a00000, 0x0000000741a00000| Untracked 
| 526|0x0000000741c00000, 0x0000000741df1370, 0x0000000741e00000| 97%| S|CS|TAMS 0x0000000741c00000, 0x0000000741c00000| Complete 
| 527|0x0000000741e00000, 0x0000000742000000, 0x0000000742000000|100%| S|CS|TAMS 0x0000000741e00000, 0x0000000741e00000| Complete 
| 528|0x0000000742000000, 0x0000000742200000, 0x0000000742200000|100%| S|CS|TAMS 0x0000000742000000, 0x0000000742000000| Complete 
| 529|0x0000000742200000, 0x0000000742400000, 0x0000000742400000|100%| S|CS|TAMS 0x0000000742200000, 0x0000000742200000| Complete 
| 530|0x0000000742400000, 0x0000000742600000, 0x0000000742600000|100%| S|CS|TAMS 0x0000000742400000, 0x0000000742400000| Complete 
| 531|0x0000000742600000, 0x0000000742800000, 0x0000000742800000|100%| S|CS|TAMS 0x0000000742600000, 0x0000000742600000| Complete 
| 532|0x0000000742800000, 0x0000000742a00000, 0x0000000742a00000|100%| S|CS|TAMS 0x0000000742800000, 0x0000000742800000| Complete 
| 533|0x0000000742a00000, 0x0000000742c00000, 0x0000000742c00000|100%| S|CS|TAMS 0x0000000742a00000, 0x0000000742a00000| Complete 
| 534|0x0000000742c00000, 0x0000000742e00000, 0x0000000742e00000|100%| S|CS|TAMS 0x0000000742c00000, 0x0000000742c00000| Complete 
| 535|0x0000000742e00000, 0x0000000743000000, 0x0000000743000000|100%| S|CS|TAMS 0x0000000742e00000, 0x0000000742e00000| Complete 
| 536|0x0000000743000000, 0x0000000743200000, 0x0000000743200000|100%| S|CS|TAMS 0x0000000743000000, 0x0000000743000000| Complete 
| 537|0x0000000743200000, 0x0000000743400000, 0x0000000743400000|100%| S|CS|TAMS 0x0000000743200000, 0x0000000743200000| Complete 
| 538|0x0000000743400000, 0x0000000743600000, 0x0000000743600000|100%| S|CS|TAMS 0x0000000743400000, 0x0000000743400000| Complete 
| 539|0x0000000743600000, 0x0000000743800000, 0x0000000743800000|100%| S|CS|TAMS 0x0000000743600000, 0x0000000743600000| Complete 
| 540|0x0000000743800000, 0x0000000743a00000, 0x0000000743a00000|100%| S|CS|TAMS 0x0000000743800000, 0x0000000743800000| Complete 
| 541|0x0000000743a00000, 0x0000000743c00000, 0x0000000743c00000|100%| S|CS|TAMS 0x0000000743a00000, 0x0000000743a00000| Complete 
| 542|0x0000000743c00000, 0x0000000743e00000, 0x0000000743e00000|100%| S|CS|TAMS 0x0000000743c00000, 0x0000000743c00000| Complete 
| 543|0x0000000743e00000, 0x0000000744000000, 0x0000000744000000|100%| S|CS|TAMS 0x0000000743e00000, 0x0000000743e00000| Complete 
| 544|0x0000000744000000, 0x0000000744200000, 0x0000000744200000|100%| S|CS|TAMS 0x0000000744000000, 0x0000000744000000| Complete 
| 545|0x0000000744200000, 0x0000000744400000, 0x0000000744400000|100%| S|CS|TAMS 0x0000000744200000, 0x0000000744200000| Complete 
| 546|0x0000000744400000, 0x0000000744600000, 0x0000000744600000|100%| S|CS|TAMS 0x0000000744400000, 0x0000000744400000| Complete 
| 547|0x0000000744600000, 0x0000000744800000, 0x0000000744800000|100%| S|CS|TAMS 0x0000000744600000, 0x0000000744600000| Complete 
| 548|0x0000000744800000, 0x0000000744a00000, 0x0000000744a00000|100%| S|CS|TAMS 0x0000000744800000, 0x0000000744800000| Complete 
| 549|0x0000000744a00000, 0x0000000744c00000, 0x0000000744c00000|100%| S|CS|TAMS 0x0000000744a00000, 0x0000000744a00000| Complete 
| 550|0x0000000744c00000, 0x0000000744c00000, 0x0000000744e00000|  0%| F|  |TAMS 0x0000000744c00000, 0x0000000744c00000| Untracked 
| 551|0x0000000744e00000, 0x0000000744e00000, 0x0000000745000000|  0%| F|  |TAMS 0x0000000744e00000, 0x0000000744e00000| Untracked 
| 552|0x0000000745000000, 0x0000000745000000, 0x0000000745200000|  0%| F|  |TAMS 0x0000000745000000, 0x0000000745000000| Untracked 
| 553|0x0000000745200000, 0x0000000745200000, 0x0000000745400000|  0%| F|  |TAMS 0x0000000745200000, 0x0000000745200000| Untracked 
| 554|0x0000000745400000, 0x0000000745400000, 0x0000000745600000|  0%| F|  |TAMS 0x0000000745400000, 0x0000000745400000| Untracked 
| 555|0x0000000745600000, 0x0000000745600000, 0x0000000745800000|  0%| F|  |TAMS 0x0000000745600000, 0x0000000745600000| Untracked 
| 556|0x0000000745800000, 0x0000000745800000, 0x0000000745a00000|  0%| F|  |TAMS 0x0000000745800000, 0x0000000745800000| Untracked 
| 557|0x0000000745a00000, 0x0000000745a00000, 0x0000000745c00000|  0%| F|  |TAMS 0x0000000745a00000, 0x0000000745a00000| Untracked 
| 558|0x0000000745c00000, 0x0000000745c00000, 0x0000000745e00000|  0%| F|  |TAMS 0x0000000745c00000, 0x0000000745c00000| Untracked 
| 559|0x0000000745e00000, 0x0000000745e00000, 0x0000000746000000|  0%| F|  |TAMS 0x0000000745e00000, 0x0000000745e00000| Untracked 
| 560|0x0000000746000000, 0x0000000746000000, 0x0000000746200000|  0%| F|  |TAMS 0x0000000746000000, 0x0000000746000000| Untracked 
| 561|0x0000000746200000, 0x0000000746200000, 0x0000000746400000|  0%| F|  |TAMS 0x0000000746200000, 0x0000000746200000| Untracked 
| 562|0x0000000746400000, 0x0000000746400000, 0x0000000746600000|  0%| F|  |TAMS 0x0000000746400000, 0x0000000746400000| Untracked 
| 563|0x0000000746600000, 0x0000000746600000, 0x0000000746800000|  0%| F|  |TAMS 0x0000000746600000, 0x0000000746600000| Untracked 
| 564|0x0000000746800000, 0x0000000746800000, 0x0000000746a00000|  0%| F|  |TAMS 0x0000000746800000, 0x0000000746800000| Untracked 
| 565|0x0000000746a00000, 0x0000000746a00000, 0x0000000746c00000|  0%| F|  |TAMS 0x0000000746a00000, 0x0000000746a00000| Untracked 
| 566|0x0000000746c00000, 0x0000000746c00000, 0x0000000746e00000|  0%| F|  |TAMS 0x0000000746c00000, 0x0000000746c00000| Untracked 
| 567|0x0000000746e00000, 0x0000000746e00000, 0x0000000747000000|  0%| F|  |TAMS 0x0000000746e00000, 0x0000000746e00000| Untracked 
| 568|0x0000000747000000, 0x0000000747000000, 0x0000000747200000|  0%| F|  |TAMS 0x0000000747000000, 0x0000000747000000| Untracked 
| 569|0x0000000747200000, 0x0000000747200000, 0x0000000747400000|  0%| F|  |TAMS 0x0000000747200000, 0x0000000747200000| Untracked 
| 570|0x0000000747400000, 0x0000000747400000, 0x0000000747600000|  0%| F|  |TAMS 0x0000000747400000, 0x0000000747400000| Untracked 
| 571|0x0000000747600000, 0x0000000747600000, 0x0000000747800000|  0%| F|  |TAMS 0x0000000747600000, 0x0000000747600000| Untracked 
| 572|0x0000000747800000, 0x0000000747800000, 0x0000000747a00000|  0%| F|  |TAMS 0x0000000747800000, 0x0000000747800000| Untracked 
| 573|0x0000000747a00000, 0x0000000747a00000, 0x0000000747c00000|  0%| F|  |TAMS 0x0000000747a00000, 0x0000000747a00000| Untracked 
| 574|0x0000000747c00000, 0x0000000747c00000, 0x0000000747e00000|  0%| F|  |TAMS 0x0000000747c00000, 0x0000000747c00000| Untracked 
| 575|0x0000000747e00000, 0x0000000747e00000, 0x0000000748000000|  0%| F|  |TAMS 0x0000000747e00000, 0x0000000747e00000| Untracked 
| 576|0x0000000748000000, 0x0000000748000000, 0x0000000748200000|  0%| F|  |TAMS 0x0000000748000000, 0x0000000748000000| Untracked 
| 577|0x0000000748200000, 0x0000000748200000, 0x0000000748400000|  0%| F|  |TAMS 0x0000000748200000, 0x0000000748200000| Untracked 
| 578|0x0000000748400000, 0x0000000748400000, 0x0000000748600000|  0%| F|  |TAMS 0x0000000748400000, 0x0000000748400000| Untracked 
| 579|0x0000000748600000, 0x0000000748800000, 0x0000000748800000|100%| S|CS|TAMS 0x0000000748600000, 0x0000000748600000| Complete 
| 580|0x0000000748800000, 0x0000000748a00000, 0x0000000748a00000|100%| S|CS|TAMS 0x0000000748800000, 0x0000000748800000| Complete 
| 581|0x0000000748a00000, 0x0000000748c00000, 0x0000000748c00000|100%| S|CS|TAMS 0x0000000748a00000, 0x0000000748a00000| Complete 
| 582|0x0000000748c00000, 0x0000000748e00000, 0x0000000748e00000|100%| S|CS|TAMS 0x0000000748c00000, 0x0000000748c00000| Complete 
| 583|0x0000000748e00000, 0x0000000749000000, 0x0000000749000000|100%| S|CS|TAMS 0x0000000748e00000, 0x0000000748e00000| Complete 
| 584|0x0000000749000000, 0x0000000749200000, 0x0000000749200000|100%| S|CS|TAMS 0x0000000749000000, 0x0000000749000000| Complete 
| 585|0x0000000749200000, 0x0000000749400000, 0x0000000749400000|100%| S|CS|TAMS 0x0000000749200000, 0x0000000749200000| Complete 
| 586|0x0000000749400000, 0x0000000749600000, 0x0000000749600000|100%| S|CS|TAMS 0x0000000749400000, 0x0000000749400000| Complete 
| 587|0x0000000749600000, 0x0000000749800000, 0x0000000749800000|100%| S|CS|TAMS 0x0000000749600000, 0x0000000749600000| Complete 
| 588|0x0000000749800000, 0x0000000749800000, 0x0000000749a00000|  0%| F|  |TAMS 0x0000000749800000, 0x0000000749800000| Untracked 
| 589|0x0000000749a00000, 0x0000000749a00000, 0x0000000749c00000|  0%| F|  |TAMS 0x0000000749a00000, 0x0000000749a00000| Untracked 
| 590|0x0000000749c00000, 0x0000000749c00000, 0x0000000749e00000|  0%| F|  |TAMS 0x0000000749c00000, 0x0000000749c00000| Untracked 
| 591|0x0000000749e00000, 0x0000000749e00000, 0x000000074a000000|  0%| F|  |TAMS 0x0000000749e00000, 0x0000000749e00000| Untracked 
| 592|0x000000074a000000, 0x000000074a000000, 0x000000074a200000|  0%| F|  |TAMS 0x000000074a000000, 0x000000074a000000| Untracked 
| 593|0x000000074a200000, 0x000000074a200000, 0x000000074a400000|  0%| F|  |TAMS 0x000000074a200000, 0x000000074a200000| Untracked 
| 594|0x000000074a400000, 0x000000074a400000, 0x000000074a600000|  0%| F|  |TAMS 0x000000074a400000, 0x000000074a400000| Untracked 
| 595|0x000000074a600000, 0x000000074a600000, 0x000000074a800000|  0%| F|  |TAMS 0x000000074a600000, 0x000000074a600000| Untracked 
| 596|0x000000074a800000, 0x000000074a800000, 0x000000074aa00000|  0%| F|  |TAMS 0x000000074a800000, 0x000000074a800000| Untracked 
| 597|0x000000074aa00000, 0x000000074aa00000, 0x000000074ac00000|  0%| F|  |TAMS 0x000000074aa00000, 0x000000074aa00000| Untracked 
| 598|0x000000074ac00000, 0x000000074ac00000, 0x000000074ae00000|  0%| F|  |TAMS 0x000000074ac00000, 0x000000074ac00000| Untracked 
| 599|0x000000074ae00000, 0x000000074ae00000, 0x000000074b000000|  0%| F|  |TAMS 0x000000074ae00000, 0x000000074ae00000| Untracked 
| 600|0x000000074b000000, 0x000000074b000000, 0x000000074b200000|  0%| F|  |TAMS 0x000000074b000000, 0x000000074b000000| Untracked 
| 601|0x000000074b200000, 0x000000074b200000, 0x000000074b400000|  0%| F|  |TAMS 0x000000074b200000, 0x000000074b200000| Untracked 
| 602|0x000000074b400000, 0x000000074b400000, 0x000000074b600000|  0%| F|  |TAMS 0x000000074b400000, 0x000000074b400000| Untracked 
| 603|0x000000074b600000, 0x000000074b600000, 0x000000074b800000|  0%| F|  |TAMS 0x000000074b600000, 0x000000074b600000| Untracked 
| 604|0x000000074b800000, 0x000000074b800000, 0x000000074ba00000|  0%| F|  |TAMS 0x000000074b800000, 0x000000074b800000| Untracked 
| 605|0x000000074ba00000, 0x000000074ba00000, 0x000000074bc00000|  0%| F|  |TAMS 0x000000074ba00000, 0x000000074ba00000| Untracked 
| 606|0x000000074bc00000, 0x000000074bc00000, 0x000000074be00000|  0%| F|  |TAMS 0x000000074bc00000, 0x000000074bc00000| Untracked 
| 607|0x000000074be00000, 0x000000074be00000, 0x000000074c000000|  0%| F|  |TAMS 0x000000074be00000, 0x000000074be00000| Untracked 
| 608|0x000000074c000000, 0x000000074c000000, 0x000000074c200000|  0%| F|  |TAMS 0x000000074c000000, 0x000000074c000000| Untracked 
| 609|0x000000074c200000, 0x000000074c200000, 0x000000074c400000|  0%| F|  |TAMS 0x000000074c200000, 0x000000074c200000| Untracked 
| 610|0x000000074c400000, 0x000000074c400000, 0x000000074c600000|  0%| F|  |TAMS 0x000000074c400000, 0x000000074c400000| Untracked 
| 611|0x000000074c600000, 0x000000074c600000, 0x000000074c800000|  0%| F|  |TAMS 0x000000074c600000, 0x000000074c600000| Untracked 
| 612|0x000000074c800000, 0x000000074c800000, 0x000000074ca00000|  0%| F|  |TAMS 0x000000074c800000, 0x000000074c800000| Untracked 
| 613|0x000000074ca00000, 0x000000074ca00000, 0x000000074cc00000|  0%| F|  |TAMS 0x000000074ca00000, 0x000000074ca00000| Untracked 
| 614|0x000000074cc00000, 0x000000074cc00000, 0x000000074ce00000|  0%| F|  |TAMS 0x000000074cc00000, 0x000000074cc00000| Untracked 
| 615|0x000000074ce00000, 0x000000074ce00000, 0x000000074d000000|  0%| F|  |TAMS 0x000000074ce00000, 0x000000074ce00000| Untracked 
| 616|0x000000074d000000, 0x000000074d000000, 0x000000074d200000|  0%| F|  |TAMS 0x000000074d000000, 0x000000074d000000| Untracked 
| 617|0x000000074d200000, 0x000000074d200000, 0x000000074d400000|  0%| F|  |TAMS 0x000000074d200000, 0x000000074d200000| Untracked 
| 618|0x000000074d400000, 0x000000074d400000, 0x000000074d600000|  0%| F|  |TAMS 0x000000074d400000, 0x000000074d400000| Untracked 
| 619|0x000000074d600000, 0x000000074d600000, 0x000000074d800000|  0%| F|  |TAMS 0x000000074d600000, 0x000000074d600000| Untracked 
| 620|0x000000074d800000, 0x000000074d800000, 0x000000074da00000|  0%| F|  |TAMS 0x000000074d800000, 0x000000074d800000| Untracked 
| 621|0x000000074da00000, 0x000000074da00000, 0x000000074dc00000|  0%| F|  |TAMS 0x000000074da00000, 0x000000074da00000| Untracked 
| 622|0x000000074dc00000, 0x000000074dc00000, 0x000000074de00000|  0%| F|  |TAMS 0x000000074dc00000, 0x000000074dc00000| Untracked 
| 623|0x000000074de00000, 0x000000074de00000, 0x000000074e000000|  0%| F|  |TAMS 0x000000074de00000, 0x000000074de00000| Untracked 
| 624|0x000000074e000000, 0x000000074e000000, 0x000000074e200000|  0%| F|  |TAMS 0x000000074e000000, 0x000000074e000000| Untracked 
| 625|0x000000074e200000, 0x000000074e200000, 0x000000074e400000|  0%| F|  |TAMS 0x000000074e200000, 0x000000074e200000| Untracked 
| 626|0x000000074e400000, 0x000000074e400000, 0x000000074e600000|  0%| F|  |TAMS 0x000000074e400000, 0x000000074e400000| Untracked 
| 627|0x000000074e600000, 0x000000074e600000, 0x000000074e800000|  0%| F|  |TAMS 0x000000074e600000, 0x000000074e600000| Untracked 
| 628|0x000000074e800000, 0x000000074e800000, 0x000000074ea00000|  0%| F|  |TAMS 0x000000074e800000, 0x000000074e800000| Untracked 
| 629|0x000000074ea00000, 0x000000074ea00000, 0x000000074ec00000|  0%| F|  |TAMS 0x000000074ea00000, 0x000000074ea00000| Untracked 
| 630|0x000000074ec00000, 0x000000074ec00000, 0x000000074ee00000|  0%| F|  |TAMS 0x000000074ec00000, 0x000000074ec00000| Untracked 
| 631|0x000000074ee00000, 0x000000074ee00000, 0x000000074f000000|  0%| F|  |TAMS 0x000000074ee00000, 0x000000074ee00000| Untracked 
| 632|0x000000074f000000, 0x000000074f000000, 0x000000074f200000|  0%| F|  |TAMS 0x000000074f000000, 0x000000074f000000| Untracked 
| 633|0x000000074f200000, 0x000000074f200000, 0x000000074f400000|  0%| F|  |TAMS 0x000000074f200000, 0x000000074f200000| Untracked 
| 634|0x000000074f400000, 0x000000074f400000, 0x000000074f600000|  0%| F|  |TAMS 0x000000074f400000, 0x000000074f400000| Untracked 
| 635|0x000000074f600000, 0x000000074f600000, 0x000000074f800000|  0%| F|  |TAMS 0x000000074f600000, 0x000000074f600000| Untracked 
| 636|0x000000074f800000, 0x000000074f800000, 0x000000074fa00000|  0%| F|  |TAMS 0x000000074f800000, 0x000000074f800000| Untracked 
| 637|0x000000074fa00000, 0x000000074fa00000, 0x000000074fc00000|  0%| F|  |TAMS 0x000000074fa00000, 0x000000074fa00000| Untracked 
| 638|0x000000074fc00000, 0x000000074fc00000, 0x000000074fe00000|  0%| F|  |TAMS 0x000000074fc00000, 0x000000074fc00000| Untracked 
| 639|0x000000074fe00000, 0x000000074fe00000, 0x0000000750000000|  0%| F|  |TAMS 0x000000074fe00000, 0x000000074fe00000| Untracked 
| 640|0x0000000750000000, 0x0000000750000000, 0x0000000750200000|  0%| F|  |TAMS 0x0000000750000000, 0x0000000750000000| Untracked 
| 641|0x0000000750200000, 0x0000000750200000, 0x0000000750400000|  0%| F|  |TAMS 0x0000000750200000, 0x0000000750200000| Untracked 
| 642|0x0000000750400000, 0x0000000750400000, 0x0000000750600000|  0%| F|  |TAMS 0x0000000750400000, 0x0000000750400000| Untracked 
| 643|0x0000000750600000, 0x0000000750600000, 0x0000000750800000|  0%| F|  |TAMS 0x0000000750600000, 0x0000000750600000| Untracked 
| 644|0x0000000750800000, 0x0000000750800000, 0x0000000750a00000|  0%| F|  |TAMS 0x0000000750800000, 0x0000000750800000| Untracked 
| 645|0x0000000750a00000, 0x0000000750a00000, 0x0000000750c00000|  0%| F|  |TAMS 0x0000000750a00000, 0x0000000750a00000| Untracked 
| 646|0x0000000750c00000, 0x0000000750c00000, 0x0000000750e00000|  0%| F|  |TAMS 0x0000000750c00000, 0x0000000750c00000| Untracked 
| 647|0x0000000750e00000, 0x0000000750e00000, 0x0000000751000000|  0%| F|  |TAMS 0x0000000750e00000, 0x0000000750e00000| Untracked 
| 648|0x0000000751000000, 0x0000000751000000, 0x0000000751200000|  0%| F|  |TAMS 0x0000000751000000, 0x0000000751000000| Untracked 
| 649|0x0000000751200000, 0x0000000751200000, 0x0000000751400000|  0%| F|  |TAMS 0x0000000751200000, 0x0000000751200000| Untracked 
| 650|0x0000000751400000, 0x0000000751400000, 0x0000000751600000|  0%| F|  |TAMS 0x0000000751400000, 0x0000000751400000| Untracked 
| 651|0x0000000751600000, 0x0000000751600000, 0x0000000751800000|  0%| F|  |TAMS 0x0000000751600000, 0x0000000751600000| Untracked 
| 652|0x0000000751800000, 0x0000000751800000, 0x0000000751a00000|  0%| F|  |TAMS 0x0000000751800000, 0x0000000751800000| Untracked 
| 653|0x0000000751a00000, 0x0000000751a00000, 0x0000000751c00000|  0%| F|  |TAMS 0x0000000751a00000, 0x0000000751a00000| Untracked 
| 654|0x0000000751c00000, 0x0000000751c00000, 0x0000000751e00000|  0%| F|  |TAMS 0x0000000751c00000, 0x0000000751c00000| Untracked 
| 655|0x0000000751e00000, 0x0000000751e00000, 0x0000000752000000|  0%| F|  |TAMS 0x0000000751e00000, 0x0000000751e00000| Untracked 
| 656|0x0000000752000000, 0x0000000752000000, 0x0000000752200000|  0%| F|  |TAMS 0x0000000752000000, 0x0000000752000000| Untracked 
| 657|0x0000000752200000, 0x0000000752200000, 0x0000000752400000|  0%| F|  |TAMS 0x0000000752200000, 0x0000000752200000| Untracked 
| 658|0x0000000752400000, 0x0000000752400000, 0x0000000752600000|  0%| F|  |TAMS 0x0000000752400000, 0x0000000752400000| Untracked 
| 659|0x0000000752600000, 0x0000000752600000, 0x0000000752800000|  0%| F|  |TAMS 0x0000000752600000, 0x0000000752600000| Untracked 
| 660|0x0000000752800000, 0x0000000752800000, 0x0000000752a00000|  0%| F|  |TAMS 0x0000000752800000, 0x0000000752800000| Untracked 
| 661|0x0000000752a00000, 0x0000000752a00000, 0x0000000752c00000|  0%| F|  |TAMS 0x0000000752a00000, 0x0000000752a00000| Untracked 
| 662|0x0000000752c00000, 0x0000000752c00000, 0x0000000752e00000|  0%| F|  |TAMS 0x0000000752c00000, 0x0000000752c00000| Untracked 
| 663|0x0000000752e00000, 0x0000000752e00000, 0x0000000753000000|  0%| F|  |TAMS 0x0000000752e00000, 0x0000000752e00000| Untracked 
| 664|0x0000000753000000, 0x0000000753000000, 0x0000000753200000|  0%| F|  |TAMS 0x0000000753000000, 0x0000000753000000| Untracked 
| 665|0x0000000753200000, 0x0000000753200000, 0x0000000753400000|  0%| F|  |TAMS 0x0000000753200000, 0x0000000753200000| Untracked 
| 666|0x0000000753400000, 0x0000000753400000, 0x0000000753600000|  0%| F|  |TAMS 0x0000000753400000, 0x0000000753400000| Untracked 
| 667|0x0000000753600000, 0x0000000753600000, 0x0000000753800000|  0%| F|  |TAMS 0x0000000753600000, 0x0000000753600000| Untracked 
| 668|0x0000000753800000, 0x0000000753800000, 0x0000000753a00000|  0%| F|  |TAMS 0x0000000753800000, 0x0000000753800000| Untracked 
| 669|0x0000000753a00000, 0x0000000753a00000, 0x0000000753c00000|  0%| F|  |TAMS 0x0000000753a00000, 0x0000000753a00000| Untracked 
| 670|0x0000000753c00000, 0x0000000753c00000, 0x0000000753e00000|  0%| F|  |TAMS 0x0000000753c00000, 0x0000000753c00000| Untracked 
| 671|0x0000000753e00000, 0x0000000753e00000, 0x0000000754000000|  0%| F|  |TAMS 0x0000000753e00000, 0x0000000753e00000| Untracked 
| 672|0x0000000754000000, 0x0000000754000000, 0x0000000754200000|  0%| F|  |TAMS 0x0000000754000000, 0x0000000754000000| Untracked 
| 673|0x0000000754200000, 0x0000000754200000, 0x0000000754400000|  0%| F|  |TAMS 0x0000000754200000, 0x0000000754200000| Untracked 
| 674|0x0000000754400000, 0x0000000754400000, 0x0000000754600000|  0%| F|  |TAMS 0x0000000754400000, 0x0000000754400000| Untracked 
| 675|0x0000000754600000, 0x0000000754600000, 0x0000000754800000|  0%| F|  |TAMS 0x0000000754600000, 0x0000000754600000| Untracked 
| 676|0x0000000754800000, 0x0000000754800000, 0x0000000754a00000|  0%| F|  |TAMS 0x0000000754800000, 0x0000000754800000| Untracked 
| 677|0x0000000754a00000, 0x0000000754a00000, 0x0000000754c00000|  0%| F|  |TAMS 0x0000000754a00000, 0x0000000754a00000| Untracked 
| 678|0x0000000754c00000, 0x0000000754c00000, 0x0000000754e00000|  0%| F|  |TAMS 0x0000000754c00000, 0x0000000754c00000| Untracked 
| 679|0x0000000754e00000, 0x0000000754e00000, 0x0000000755000000|  0%| F|  |TAMS 0x0000000754e00000, 0x0000000754e00000| Untracked 
| 680|0x0000000755000000, 0x0000000755000000, 0x0000000755200000|  0%| F|  |TAMS 0x0000000755000000, 0x0000000755000000| Untracked 
| 681|0x0000000755200000, 0x0000000755200000, 0x0000000755400000|  0%| F|  |TAMS 0x0000000755200000, 0x0000000755200000| Untracked 
| 682|0x0000000755400000, 0x0000000755400000, 0x0000000755600000|  0%| F|  |TAMS 0x0000000755400000, 0x0000000755400000| Untracked 
| 683|0x0000000755600000, 0x0000000755600000, 0x0000000755800000|  0%| F|  |TAMS 0x0000000755600000, 0x0000000755600000| Untracked 
| 684|0x0000000755800000, 0x0000000755800000, 0x0000000755a00000|  0%| F|  |TAMS 0x0000000755800000, 0x0000000755800000| Untracked 
| 685|0x0000000755a00000, 0x0000000755a00000, 0x0000000755c00000|  0%| F|  |TAMS 0x0000000755a00000, 0x0000000755a00000| Untracked 
| 686|0x0000000755c00000, 0x0000000755c00000, 0x0000000755e00000|  0%| F|  |TAMS 0x0000000755c00000, 0x0000000755c00000| Untracked 
| 687|0x0000000755e00000, 0x0000000755e00000, 0x0000000756000000|  0%| F|  |TAMS 0x0000000755e00000, 0x0000000755e00000| Untracked 
| 688|0x0000000756000000, 0x0000000756000000, 0x0000000756200000|  0%| F|  |TAMS 0x0000000756000000, 0x0000000756000000| Untracked 
| 689|0x0000000756200000, 0x0000000756200000, 0x0000000756400000|  0%| F|  |TAMS 0x0000000756200000, 0x0000000756200000| Untracked 
| 690|0x0000000756400000, 0x0000000756400000, 0x0000000756600000|  0%| F|  |TAMS 0x0000000756400000, 0x0000000756400000| Untracked 
| 691|0x0000000756600000, 0x0000000756600000, 0x0000000756800000|  0%| F|  |TAMS 0x0000000756600000, 0x0000000756600000| Untracked 
| 692|0x0000000756800000, 0x0000000756800000, 0x0000000756a00000|  0%| F|  |TAMS 0x0000000756800000, 0x0000000756800000| Untracked 
| 693|0x0000000756a00000, 0x0000000756a00000, 0x0000000756c00000|  0%| F|  |TAMS 0x0000000756a00000, 0x0000000756a00000| Untracked 
| 694|0x0000000756c00000, 0x0000000756c00000, 0x0000000756e00000|  0%| F|  |TAMS 0x0000000756c00000, 0x0000000756c00000| Untracked 
| 695|0x0000000756e00000, 0x0000000756e00000, 0x0000000757000000|  0%| F|  |TAMS 0x0000000756e00000, 0x0000000756e00000| Untracked 
| 696|0x0000000757000000, 0x0000000757000000, 0x0000000757200000|  0%| F|  |TAMS 0x0000000757000000, 0x0000000757000000| Untracked 
| 697|0x0000000757200000, 0x0000000757200000, 0x0000000757400000|  0%| F|  |TAMS 0x0000000757200000, 0x0000000757200000| Untracked 
| 698|0x0000000757400000, 0x0000000757400000, 0x0000000757600000|  0%| F|  |TAMS 0x0000000757400000, 0x0000000757400000| Untracked 
| 699|0x0000000757600000, 0x0000000757600000, 0x0000000757800000|  0%| F|  |TAMS 0x0000000757600000, 0x0000000757600000| Untracked 
| 700|0x0000000757800000, 0x0000000757800000, 0x0000000757a00000|  0%| F|  |TAMS 0x0000000757800000, 0x0000000757800000| Untracked 
| 701|0x0000000757a00000, 0x0000000757a00000, 0x0000000757c00000|  0%| F|  |TAMS 0x0000000757a00000, 0x0000000757a00000| Untracked 
| 702|0x0000000757c00000, 0x0000000757c00000, 0x0000000757e00000|  0%| F|  |TAMS 0x0000000757c00000, 0x0000000757c00000| Untracked 
| 703|0x0000000757e00000, 0x0000000757e00000, 0x0000000758000000|  0%| F|  |TAMS 0x0000000757e00000, 0x0000000757e00000| Untracked 
| 704|0x0000000758000000, 0x0000000758000000, 0x0000000758200000|  0%| F|  |TAMS 0x0000000758000000, 0x0000000758000000| Untracked 
| 705|0x0000000758200000, 0x0000000758200000, 0x0000000758400000|  0%| F|  |TAMS 0x0000000758200000, 0x0000000758200000| Untracked 
| 706|0x0000000758400000, 0x0000000758400000, 0x0000000758600000|  0%| F|  |TAMS 0x0000000758400000, 0x0000000758400000| Untracked 
| 707|0x0000000758600000, 0x0000000758600000, 0x0000000758800000|  0%| F|  |TAMS 0x0000000758600000, 0x0000000758600000| Untracked 
| 708|0x0000000758800000, 0x0000000758800000, 0x0000000758a00000|  0%| F|  |TAMS 0x0000000758800000, 0x0000000758800000| Untracked 
| 709|0x0000000758a00000, 0x0000000758a00000, 0x0000000758c00000|  0%| F|  |TAMS 0x0000000758a00000, 0x0000000758a00000| Untracked 
| 710|0x0000000758c00000, 0x0000000758c00000, 0x0000000758e00000|  0%| F|  |TAMS 0x0000000758c00000, 0x0000000758c00000| Untracked 
| 711|0x0000000758e00000, 0x0000000758e00000, 0x0000000759000000|  0%| F|  |TAMS 0x0000000758e00000, 0x0000000758e00000| Untracked 
| 712|0x0000000759000000, 0x0000000759000000, 0x0000000759200000|  0%| F|  |TAMS 0x0000000759000000, 0x0000000759000000| Untracked 
| 713|0x0000000759200000, 0x0000000759200000, 0x0000000759400000|  0%| F|  |TAMS 0x0000000759200000, 0x0000000759200000| Untracked 
| 714|0x0000000759400000, 0x0000000759400000, 0x0000000759600000|  0%| F|  |TAMS 0x0000000759400000, 0x0000000759400000| Untracked 
| 715|0x0000000759600000, 0x0000000759600000, 0x0000000759800000|  0%| F|  |TAMS 0x0000000759600000, 0x0000000759600000| Untracked 
| 716|0x0000000759800000, 0x0000000759800000, 0x0000000759a00000|  0%| F|  |TAMS 0x0000000759800000, 0x0000000759800000| Untracked 
| 717|0x0000000759a00000, 0x0000000759a00000, 0x0000000759c00000|  0%| F|  |TAMS 0x0000000759a00000, 0x0000000759a00000| Untracked 
| 718|0x0000000759c00000, 0x0000000759c00000, 0x0000000759e00000|  0%| F|  |TAMS 0x0000000759c00000, 0x0000000759c00000| Untracked 
| 719|0x0000000759e00000, 0x0000000759e00000, 0x000000075a000000|  0%| F|  |TAMS 0x0000000759e00000, 0x0000000759e00000| Untracked 
| 720|0x000000075a000000, 0x000000075a000000, 0x000000075a200000|  0%| F|  |TAMS 0x000000075a000000, 0x000000075a000000| Untracked 
| 721|0x000000075a200000, 0x000000075a200000, 0x000000075a400000|  0%| F|  |TAMS 0x000000075a200000, 0x000000075a200000| Untracked 
| 722|0x000000075a400000, 0x000000075a400000, 0x000000075a600000|  0%| F|  |TAMS 0x000000075a400000, 0x000000075a400000| Untracked 
| 723|0x000000075a600000, 0x000000075a600000, 0x000000075a800000|  0%| F|  |TAMS 0x000000075a600000, 0x000000075a600000| Untracked 
| 724|0x000000075a800000, 0x000000075a800000, 0x000000075aa00000|  0%| F|  |TAMS 0x000000075a800000, 0x000000075a800000| Untracked 
| 725|0x000000075aa00000, 0x000000075aa00000, 0x000000075ac00000|  0%| F|  |TAMS 0x000000075aa00000, 0x000000075aa00000| Untracked 
| 726|0x000000075ac00000, 0x000000075ac00000, 0x000000075ae00000|  0%| F|  |TAMS 0x000000075ac00000, 0x000000075ac00000| Untracked 
| 727|0x000000075ae00000, 0x000000075ae00000, 0x000000075b000000|  0%| F|  |TAMS 0x000000075ae00000, 0x000000075ae00000| Untracked 
| 728|0x000000075b000000, 0x000000075b000000, 0x000000075b200000|  0%| F|  |TAMS 0x000000075b000000, 0x000000075b000000| Untracked 
| 729|0x000000075b200000, 0x000000075b200000, 0x000000075b400000|  0%| F|  |TAMS 0x000000075b200000, 0x000000075b200000| Untracked 
| 730|0x000000075b400000, 0x000000075b400000, 0x000000075b600000|  0%| F|  |TAMS 0x000000075b400000, 0x000000075b400000| Untracked 
| 731|0x000000075b600000, 0x000000075b600000, 0x000000075b800000|  0%| F|  |TAMS 0x000000075b600000, 0x000000075b600000| Untracked 
| 732|0x000000075b800000, 0x000000075b800000, 0x000000075ba00000|  0%| F|  |TAMS 0x000000075b800000, 0x000000075b800000| Untracked 
| 733|0x000000075ba00000, 0x000000075ba00000, 0x000000075bc00000|  0%| F|  |TAMS 0x000000075ba00000, 0x000000075ba00000| Untracked 
| 734|0x000000075bc00000, 0x000000075bc00000, 0x000000075be00000|  0%| F|  |TAMS 0x000000075bc00000, 0x000000075bc00000| Untracked 
| 735|0x000000075be00000, 0x000000075be00000, 0x000000075c000000|  0%| F|  |TAMS 0x000000075be00000, 0x000000075be00000| Untracked 
| 736|0x000000075c000000, 0x000000075c000000, 0x000000075c200000|  0%| F|  |TAMS 0x000000075c000000, 0x000000075c000000| Untracked 
| 737|0x000000075c200000, 0x000000075c200000, 0x000000075c400000|  0%| F|  |TAMS 0x000000075c200000, 0x000000075c200000| Untracked 
| 738|0x000000075c400000, 0x000000075c400000, 0x000000075c600000|  0%| F|  |TAMS 0x000000075c400000, 0x000000075c400000| Untracked 
| 739|0x000000075c600000, 0x000000075c600000, 0x000000075c800000|  0%| F|  |TAMS 0x000000075c600000, 0x000000075c600000| Untracked 
| 740|0x000000075c800000, 0x000000075c800000, 0x000000075ca00000|  0%| F|  |TAMS 0x000000075c800000, 0x000000075c800000| Untracked 
| 741|0x000000075ca00000, 0x000000075ca00000, 0x000000075cc00000|  0%| F|  |TAMS 0x000000075ca00000, 0x000000075ca00000| Untracked 
| 742|0x000000075cc00000, 0x000000075cc00000, 0x000000075ce00000|  0%| F|  |TAMS 0x000000075cc00000, 0x000000075cc00000| Untracked 
| 743|0x000000075ce00000, 0x000000075ce00000, 0x000000075d000000|  0%| F|  |TAMS 0x000000075ce00000, 0x000000075ce00000| Untracked 
| 744|0x000000075d000000, 0x000000075d000000, 0x000000075d200000|  0%| F|  |TAMS 0x000000075d000000, 0x000000075d000000| Untracked 
| 745|0x000000075d200000, 0x000000075d200000, 0x000000075d400000|  0%| F|  |TAMS 0x000000075d200000, 0x000000075d200000| Untracked 
| 746|0x000000075d400000, 0x000000075d400000, 0x000000075d600000|  0%| F|  |TAMS 0x000000075d400000, 0x000000075d400000| Untracked 
| 747|0x000000075d600000, 0x000000075d600000, 0x000000075d800000|  0%| F|  |TAMS 0x000000075d600000, 0x000000075d600000| Untracked 
| 748|0x000000075d800000, 0x000000075d800000, 0x000000075da00000|  0%| F|  |TAMS 0x000000075d800000, 0x000000075d800000| Untracked 
| 749|0x000000075da00000, 0x000000075da00000, 0x000000075dc00000|  0%| F|  |TAMS 0x000000075da00000, 0x000000075da00000| Untracked 
| 750|0x000000075dc00000, 0x000000075dc00000, 0x000000075de00000|  0%| F|  |TAMS 0x000000075dc00000, 0x000000075dc00000| Untracked 
| 751|0x000000075de00000, 0x000000075de00000, 0x000000075e000000|  0%| F|  |TAMS 0x000000075de00000, 0x000000075de00000| Untracked 
| 752|0x000000075e000000, 0x000000075e000000, 0x000000075e200000|  0%| F|  |TAMS 0x000000075e000000, 0x000000075e000000| Untracked 
| 753|0x000000075e200000, 0x000000075e200000, 0x000000075e400000|  0%| F|  |TAMS 0x000000075e200000, 0x000000075e200000| Untracked 
| 754|0x000000075e400000, 0x000000075e400000, 0x000000075e600000|  0%| F|  |TAMS 0x000000075e400000, 0x000000075e400000| Untracked 
| 755|0x000000075e600000, 0x000000075e600000, 0x000000075e800000|  0%| F|  |TAMS 0x000000075e600000, 0x000000075e600000| Untracked 
| 756|0x000000075e800000, 0x000000075e800000, 0x000000075ea00000|  0%| F|  |TAMS 0x000000075e800000, 0x000000075e800000| Untracked 
| 757|0x000000075ea00000, 0x000000075ea00000, 0x000000075ec00000|  0%| F|  |TAMS 0x000000075ea00000, 0x000000075ea00000| Untracked 
| 758|0x000000075ec00000, 0x000000075ec00000, 0x000000075ee00000|  0%| F|  |TAMS 0x000000075ec00000, 0x000000075ec00000| Untracked 
| 759|0x000000075ee00000, 0x000000075ee00000, 0x000000075f000000|  0%| F|  |TAMS 0x000000075ee00000, 0x000000075ee00000| Untracked 
| 760|0x000000075f000000, 0x000000075f000000, 0x000000075f200000|  0%| F|  |TAMS 0x000000075f000000, 0x000000075f000000| Untracked 
| 761|0x000000075f200000, 0x000000075f200000, 0x000000075f400000|  0%| F|  |TAMS 0x000000075f200000, 0x000000075f200000| Untracked 
| 762|0x000000075f400000, 0x000000075f400000, 0x000000075f600000|  0%| F|  |TAMS 0x000000075f400000, 0x000000075f400000| Untracked 
| 763|0x000000075f600000, 0x000000075f600000, 0x000000075f800000|  0%| F|  |TAMS 0x000000075f600000, 0x000000075f600000| Untracked 
| 764|0x000000075f800000, 0x000000075f800000, 0x000000075fa00000|  0%| F|  |TAMS 0x000000075f800000, 0x000000075f800000| Untracked 
| 765|0x000000075fa00000, 0x000000075fa00000, 0x000000075fc00000|  0%| F|  |TAMS 0x000000075fa00000, 0x000000075fa00000| Untracked 
| 766|0x000000075fc00000, 0x000000075fc00000, 0x000000075fe00000|  0%| F|  |TAMS 0x000000075fc00000, 0x000000075fc00000| Untracked 
| 767|0x000000075fe00000, 0x000000075fe00000, 0x0000000760000000|  0%| F|  |TAMS 0x000000075fe00000, 0x000000075fe00000| Untracked 
| 768|0x0000000760000000, 0x0000000760000000, 0x0000000760200000|  0%| F|  |TAMS 0x0000000760000000, 0x0000000760000000| Untracked 
| 769|0x0000000760200000, 0x0000000760200000, 0x0000000760400000|  0%| F|  |TAMS 0x0000000760200000, 0x0000000760200000| Untracked 
| 770|0x0000000760400000, 0x0000000760400000, 0x0000000760600000|  0%| F|  |TAMS 0x0000000760400000, 0x0000000760400000| Untracked 
| 771|0x0000000760600000, 0x0000000760600000, 0x0000000760800000|  0%| F|  |TAMS 0x0000000760600000, 0x0000000760600000| Untracked 
| 772|0x0000000760800000, 0x0000000760800000, 0x0000000760a00000|  0%| F|  |TAMS 0x0000000760800000, 0x0000000760800000| Untracked 
| 773|0x0000000760a00000, 0x0000000760a00000, 0x0000000760c00000|  0%| F|  |TAMS 0x0000000760a00000, 0x0000000760a00000| Untracked 
| 774|0x0000000760c00000, 0x0000000760c00000, 0x0000000760e00000|  0%| F|  |TAMS 0x0000000760c00000, 0x0000000760c00000| Untracked 
| 775|0x0000000760e00000, 0x0000000760e00000, 0x0000000761000000|  0%| F|  |TAMS 0x0000000760e00000, 0x0000000760e00000| Untracked 
| 776|0x0000000761000000, 0x0000000761000000, 0x0000000761200000|  0%| F|  |TAMS 0x0000000761000000, 0x0000000761000000| Untracked 
| 777|0x0000000761200000, 0x0000000761200000, 0x0000000761400000|  0%| F|  |TAMS 0x0000000761200000, 0x0000000761200000| Untracked 
| 778|0x0000000761400000, 0x0000000761400000, 0x0000000761600000|  0%| F|  |TAMS 0x0000000761400000, 0x0000000761400000| Untracked 
| 779|0x0000000761600000, 0x0000000761600000, 0x0000000761800000|  0%| F|  |TAMS 0x0000000761600000, 0x0000000761600000| Untracked 
| 780|0x0000000761800000, 0x0000000761800000, 0x0000000761a00000|  0%| F|  |TAMS 0x0000000761800000, 0x0000000761800000| Untracked 
| 781|0x0000000761a00000, 0x0000000761a00000, 0x0000000761c00000|  0%| F|  |TAMS 0x0000000761a00000, 0x0000000761a00000| Untracked 
| 782|0x0000000761c00000, 0x0000000761c00000, 0x0000000761e00000|  0%| F|  |TAMS 0x0000000761c00000, 0x0000000761c00000| Untracked 
| 783|0x0000000761e00000, 0x0000000761e00000, 0x0000000762000000|  0%| F|  |TAMS 0x0000000761e00000, 0x0000000761e00000| Untracked 
| 784|0x0000000762000000, 0x0000000762000000, 0x0000000762200000|  0%| F|  |TAMS 0x0000000762000000, 0x0000000762000000| Untracked 
| 785|0x0000000762200000, 0x0000000762200000, 0x0000000762400000|  0%| F|  |TAMS 0x0000000762200000, 0x0000000762200000| Untracked 
| 786|0x0000000762400000, 0x0000000762400000, 0x0000000762600000|  0%| F|  |TAMS 0x0000000762400000, 0x0000000762400000| Untracked 
| 787|0x0000000762600000, 0x0000000762600000, 0x0000000762800000|  0%| F|  |TAMS 0x0000000762600000, 0x0000000762600000| Untracked 
| 788|0x0000000762800000, 0x0000000762800000, 0x0000000762a00000|  0%| F|  |TAMS 0x0000000762800000, 0x0000000762800000| Untracked 
| 789|0x0000000762a00000, 0x0000000762a00000, 0x0000000762c00000|  0%| F|  |TAMS 0x0000000762a00000, 0x0000000762a00000| Untracked 
| 790|0x0000000762c00000, 0x0000000762c00000, 0x0000000762e00000|  0%| F|  |TAMS 0x0000000762c00000, 0x0000000762c00000| Untracked 
| 791|0x0000000762e00000, 0x0000000762e00000, 0x0000000763000000|  0%| F|  |TAMS 0x0000000762e00000, 0x0000000762e00000| Untracked 
| 792|0x0000000763000000, 0x0000000763000000, 0x0000000763200000|  0%| F|  |TAMS 0x0000000763000000, 0x0000000763000000| Untracked 
| 793|0x0000000763200000, 0x0000000763200000, 0x0000000763400000|  0%| F|  |TAMS 0x0000000763200000, 0x0000000763200000| Untracked 
| 794|0x0000000763400000, 0x0000000763400000, 0x0000000763600000|  0%| F|  |TAMS 0x0000000763400000, 0x0000000763400000| Untracked 
| 795|0x0000000763600000, 0x0000000763600000, 0x0000000763800000|  0%| F|  |TAMS 0x0000000763600000, 0x0000000763600000| Untracked 
| 796|0x0000000763800000, 0x0000000763800000, 0x0000000763a00000|  0%| F|  |TAMS 0x0000000763800000, 0x0000000763800000| Untracked 
| 797|0x0000000763a00000, 0x0000000763a00000, 0x0000000763c00000|  0%| F|  |TAMS 0x0000000763a00000, 0x0000000763a00000| Untracked 
| 798|0x0000000763c00000, 0x0000000763c00000, 0x0000000763e00000|  0%| F|  |TAMS 0x0000000763c00000, 0x0000000763c00000| Untracked 
| 799|0x0000000763e00000, 0x0000000763e00000, 0x0000000764000000|  0%| F|  |TAMS 0x0000000763e00000, 0x0000000763e00000| Untracked 
| 800|0x0000000764000000, 0x0000000764000000, 0x0000000764200000|  0%| F|  |TAMS 0x0000000764000000, 0x0000000764000000| Untracked 
| 801|0x0000000764200000, 0x0000000764200000, 0x0000000764400000|  0%| F|  |TAMS 0x0000000764200000, 0x0000000764200000| Untracked 
| 802|0x0000000764400000, 0x0000000764400000, 0x0000000764600000|  0%| F|  |TAMS 0x0000000764400000, 0x0000000764400000| Untracked 
| 803|0x0000000764600000, 0x0000000764600000, 0x0000000764800000|  0%| F|  |TAMS 0x0000000764600000, 0x0000000764600000| Untracked 
| 804|0x0000000764800000, 0x0000000764800000, 0x0000000764a00000|  0%| F|  |TAMS 0x0000000764800000, 0x0000000764800000| Untracked 
| 805|0x0000000764a00000, 0x0000000764a00000, 0x0000000764c00000|  0%| F|  |TAMS 0x0000000764a00000, 0x0000000764a00000| Untracked 
| 806|0x0000000764c00000, 0x0000000764c00000, 0x0000000764e00000|  0%| F|  |TAMS 0x0000000764c00000, 0x0000000764c00000| Untracked 
| 807|0x0000000764e00000, 0x0000000764e00000, 0x0000000765000000|  0%| F|  |TAMS 0x0000000764e00000, 0x0000000764e00000| Untracked 
| 808|0x0000000765000000, 0x0000000765000000, 0x0000000765200000|  0%| F|  |TAMS 0x0000000765000000, 0x0000000765000000| Untracked 
| 809|0x0000000765200000, 0x0000000765200000, 0x0000000765400000|  0%| F|  |TAMS 0x0000000765200000, 0x0000000765200000| Untracked 
| 810|0x0000000765400000, 0x0000000765400000, 0x0000000765600000|  0%| F|  |TAMS 0x0000000765400000, 0x0000000765400000| Untracked 
| 811|0x0000000765600000, 0x0000000765600000, 0x0000000765800000|  0%| F|  |TAMS 0x0000000765600000, 0x0000000765600000| Untracked 
| 812|0x0000000765800000, 0x0000000765800000, 0x0000000765a00000|  0%| F|  |TAMS 0x0000000765800000, 0x0000000765800000| Untracked 
| 813|0x0000000765a00000, 0x0000000765a00000, 0x0000000765c00000|  0%| F|  |TAMS 0x0000000765a00000, 0x0000000765a00000| Untracked 
| 814|0x0000000765c00000, 0x0000000765c00000, 0x0000000765e00000|  0%| F|  |TAMS 0x0000000765c00000, 0x0000000765c00000| Untracked 
| 815|0x0000000765e00000, 0x0000000765e00000, 0x0000000766000000|  0%| F|  |TAMS 0x0000000765e00000, 0x0000000765e00000| Untracked 
| 816|0x0000000766000000, 0x0000000766000000, 0x0000000766200000|  0%| F|  |TAMS 0x0000000766000000, 0x0000000766000000| Untracked 
| 817|0x0000000766200000, 0x0000000766200000, 0x0000000766400000|  0%| F|  |TAMS 0x0000000766200000, 0x0000000766200000| Untracked 
| 818|0x0000000766400000, 0x0000000766400000, 0x0000000766600000|  0%| F|  |TAMS 0x0000000766400000, 0x0000000766400000| Untracked 
| 819|0x0000000766600000, 0x0000000766600000, 0x0000000766800000|  0%| F|  |TAMS 0x0000000766600000, 0x0000000766600000| Untracked 
| 820|0x0000000766800000, 0x0000000766800000, 0x0000000766a00000|  0%| F|  |TAMS 0x0000000766800000, 0x0000000766800000| Untracked 
| 821|0x0000000766a00000, 0x0000000766a00000, 0x0000000766c00000|  0%| F|  |TAMS 0x0000000766a00000, 0x0000000766a00000| Untracked 
| 822|0x0000000766c00000, 0x0000000766c00000, 0x0000000766e00000|  0%| F|  |TAMS 0x0000000766c00000, 0x0000000766c00000| Untracked 
| 823|0x0000000766e00000, 0x0000000766e00000, 0x0000000767000000|  0%| F|  |TAMS 0x0000000766e00000, 0x0000000766e00000| Untracked 
| 824|0x0000000767000000, 0x0000000767000000, 0x0000000767200000|  0%| F|  |TAMS 0x0000000767000000, 0x0000000767000000| Untracked 
| 825|0x0000000767200000, 0x0000000767200000, 0x0000000767400000|  0%| F|  |TAMS 0x0000000767200000, 0x0000000767200000| Untracked 
| 826|0x0000000767400000, 0x0000000767400000, 0x0000000767600000|  0%| F|  |TAMS 0x0000000767400000, 0x0000000767400000| Untracked 
| 827|0x0000000767600000, 0x0000000767600000, 0x0000000767800000|  0%| F|  |TAMS 0x0000000767600000, 0x0000000767600000| Untracked 
| 828|0x0000000767800000, 0x0000000767800000, 0x0000000767a00000|  0%| F|  |TAMS 0x0000000767800000, 0x0000000767800000| Untracked 
| 829|0x0000000767a00000, 0x0000000767a00000, 0x0000000767c00000|  0%| F|  |TAMS 0x0000000767a00000, 0x0000000767a00000| Untracked 
| 830|0x0000000767c00000, 0x0000000767c00000, 0x0000000767e00000|  0%| F|  |TAMS 0x0000000767c00000, 0x0000000767c00000| Untracked 
| 831|0x0000000767e00000, 0x0000000767e00000, 0x0000000768000000|  0%| F|  |TAMS 0x0000000767e00000, 0x0000000767e00000| Untracked 
| 832|0x0000000768000000, 0x0000000768000000, 0x0000000768200000|  0%| F|  |TAMS 0x0000000768000000, 0x0000000768000000| Untracked 
| 833|0x0000000768200000, 0x0000000768200000, 0x0000000768400000|  0%| F|  |TAMS 0x0000000768200000, 0x0000000768200000| Untracked 
| 834|0x0000000768400000, 0x0000000768400000, 0x0000000768600000|  0%| F|  |TAMS 0x0000000768400000, 0x0000000768400000| Untracked 
| 835|0x0000000768600000, 0x0000000768600000, 0x0000000768800000|  0%| F|  |TAMS 0x0000000768600000, 0x0000000768600000| Untracked 
| 836|0x0000000768800000, 0x0000000768800000, 0x0000000768a00000|  0%| F|  |TAMS 0x0000000768800000, 0x0000000768800000| Untracked 
| 837|0x0000000768a00000, 0x0000000768a00000, 0x0000000768c00000|  0%| F|  |TAMS 0x0000000768a00000, 0x0000000768a00000| Untracked 
| 838|0x0000000768c00000, 0x0000000768c00000, 0x0000000768e00000|  0%| F|  |TAMS 0x0000000768c00000, 0x0000000768c00000| Untracked 
| 839|0x0000000768e00000, 0x0000000768e00000, 0x0000000769000000|  0%| F|  |TAMS 0x0000000768e00000, 0x0000000768e00000| Untracked 
| 840|0x0000000769000000, 0x0000000769000000, 0x0000000769200000|  0%| F|  |TAMS 0x0000000769000000, 0x0000000769000000| Untracked 
| 841|0x0000000769200000, 0x0000000769200000, 0x0000000769400000|  0%| F|  |TAMS 0x0000000769200000, 0x0000000769200000| Untracked 
| 842|0x0000000769400000, 0x0000000769400000, 0x0000000769600000|  0%| F|  |TAMS 0x0000000769400000, 0x0000000769400000| Untracked 
| 843|0x0000000769600000, 0x0000000769600000, 0x0000000769800000|  0%| F|  |TAMS 0x0000000769600000, 0x0000000769600000| Untracked 
| 844|0x0000000769800000, 0x0000000769800000, 0x0000000769a00000|  0%| F|  |TAMS 0x0000000769800000, 0x0000000769800000| Untracked 
| 845|0x0000000769a00000, 0x0000000769a00000, 0x0000000769c00000|  0%| F|  |TAMS 0x0000000769a00000, 0x0000000769a00000| Untracked 
| 846|0x0000000769c00000, 0x0000000769c00000, 0x0000000769e00000|  0%| F|  |TAMS 0x0000000769c00000, 0x0000000769c00000| Untracked 
| 847|0x0000000769e00000, 0x0000000769e00000, 0x000000076a000000|  0%| F|  |TAMS 0x0000000769e00000, 0x0000000769e00000| Untracked 
| 848|0x000000076a000000, 0x000000076a000000, 0x000000076a200000|  0%| F|  |TAMS 0x000000076a000000, 0x000000076a000000| Untracked 
| 849|0x000000076a200000, 0x000000076a200000, 0x000000076a400000|  0%| F|  |TAMS 0x000000076a200000, 0x000000076a200000| Untracked 
| 850|0x000000076a400000, 0x000000076a400000, 0x000000076a600000|  0%| F|  |TAMS 0x000000076a400000, 0x000000076a400000| Untracked 
| 851|0x000000076a600000, 0x000000076a600000, 0x000000076a800000|  0%| F|  |TAMS 0x000000076a600000, 0x000000076a600000| Untracked 
| 852|0x000000076a800000, 0x000000076a800000, 0x000000076aa00000|  0%| F|  |TAMS 0x000000076a800000, 0x000000076a800000| Untracked 
| 853|0x000000076aa00000, 0x000000076aa00000, 0x000000076ac00000|  0%| F|  |TAMS 0x000000076aa00000, 0x000000076aa00000| Untracked 
| 854|0x000000076ac00000, 0x000000076ac00000, 0x000000076ae00000|  0%| F|  |TAMS 0x000000076ac00000, 0x000000076ac00000| Untracked 
| 855|0x000000076ae00000, 0x000000076ae00000, 0x000000076b000000|  0%| F|  |TAMS 0x000000076ae00000, 0x000000076ae00000| Untracked 
| 856|0x000000076b000000, 0x000000076b000000, 0x000000076b200000|  0%| F|  |TAMS 0x000000076b000000, 0x000000076b000000| Untracked 
| 857|0x000000076b200000, 0x000000076b200000, 0x000000076b400000|  0%| F|  |TAMS 0x000000076b200000, 0x000000076b200000| Untracked 
| 858|0x000000076b400000, 0x000000076b400000, 0x000000076b600000|  0%| F|  |TAMS 0x000000076b400000, 0x000000076b400000| Untracked 
| 859|0x000000076b600000, 0x000000076b600000, 0x000000076b800000|  0%| F|  |TAMS 0x000000076b600000, 0x000000076b600000| Untracked 
| 860|0x000000076b800000, 0x000000076b800000, 0x000000076ba00000|  0%| F|  |TAMS 0x000000076b800000, 0x000000076b800000| Untracked 
| 861|0x000000076ba00000, 0x000000076ba00000, 0x000000076bc00000|  0%| F|  |TAMS 0x000000076ba00000, 0x000000076ba00000| Untracked 
| 862|0x000000076bc00000, 0x000000076bc00000, 0x000000076be00000|  0%| F|  |TAMS 0x000000076bc00000, 0x000000076bc00000| Untracked 
| 863|0x000000076be00000, 0x000000076be00000, 0x000000076c000000|  0%| F|  |TAMS 0x000000076be00000, 0x000000076be00000| Untracked 
| 864|0x000000076c000000, 0x000000076c000000, 0x000000076c200000|  0%| F|  |TAMS 0x000000076c000000, 0x000000076c000000| Untracked 
| 865|0x000000076c200000, 0x000000076c200000, 0x000000076c400000|  0%| F|  |TAMS 0x000000076c200000, 0x000000076c200000| Untracked 
| 866|0x000000076c400000, 0x000000076c400000, 0x000000076c600000|  0%| F|  |TAMS 0x000000076c400000, 0x000000076c400000| Untracked 
| 867|0x000000076c600000, 0x000000076c600000, 0x000000076c800000|  0%| F|  |TAMS 0x000000076c600000, 0x000000076c600000| Untracked 
| 868|0x000000076c800000, 0x000000076c800000, 0x000000076ca00000|  0%| F|  |TAMS 0x000000076c800000, 0x000000076c800000| Untracked 
| 869|0x000000076ca00000, 0x000000076ca00000, 0x000000076cc00000|  0%| F|  |TAMS 0x000000076ca00000, 0x000000076ca00000| Untracked 
| 870|0x000000076cc00000, 0x000000076cc00000, 0x000000076ce00000|  0%| F|  |TAMS 0x000000076cc00000, 0x000000076cc00000| Untracked 
| 871|0x000000076ce00000, 0x000000076ce00000, 0x000000076d000000|  0%| F|  |TAMS 0x000000076ce00000, 0x000000076ce00000| Untracked 
| 872|0x000000076d000000, 0x000000076d000000, 0x000000076d200000|  0%| F|  |TAMS 0x000000076d000000, 0x000000076d000000| Untracked 
| 873|0x000000076d200000, 0x000000076d200000, 0x000000076d400000|  0%| F|  |TAMS 0x000000076d200000, 0x000000076d200000| Untracked 
| 874|0x000000076d400000, 0x000000076d400000, 0x000000076d600000|  0%| F|  |TAMS 0x000000076d400000, 0x000000076d400000| Untracked 
| 875|0x000000076d600000, 0x000000076d600000, 0x000000076d800000|  0%| F|  |TAMS 0x000000076d600000, 0x000000076d600000| Untracked 
| 876|0x000000076d800000, 0x000000076d800000, 0x000000076da00000|  0%| F|  |TAMS 0x000000076d800000, 0x000000076d800000| Untracked 
| 877|0x000000076da00000, 0x000000076da00000, 0x000000076dc00000|  0%| F|  |TAMS 0x000000076da00000, 0x000000076da00000| Untracked 
| 878|0x000000076dc00000, 0x000000076dc00000, 0x000000076de00000|  0%| F|  |TAMS 0x000000076dc00000, 0x000000076dc00000| Untracked 
| 879|0x000000076de00000, 0x000000076de00000, 0x000000076e000000|  0%| F|  |TAMS 0x000000076de00000, 0x000000076de00000| Untracked 
| 880|0x000000076e000000, 0x000000076e000000, 0x000000076e200000|  0%| F|  |TAMS 0x000000076e000000, 0x000000076e000000| Untracked 
| 881|0x000000076e200000, 0x000000076e200000, 0x000000076e400000|  0%| F|  |TAMS 0x000000076e200000, 0x000000076e200000| Untracked 
| 882|0x000000076e400000, 0x000000076e400000, 0x000000076e600000|  0%| F|  |TAMS 0x000000076e400000, 0x000000076e400000| Untracked 
| 883|0x000000076e600000, 0x000000076e600000, 0x000000076e800000|  0%| F|  |TAMS 0x000000076e600000, 0x000000076e600000| Untracked 
| 884|0x000000076e800000, 0x000000076e800000, 0x000000076ea00000|  0%| F|  |TAMS 0x000000076e800000, 0x000000076e800000| Untracked 
| 885|0x000000076ea00000, 0x000000076ea00000, 0x000000076ec00000|  0%| F|  |TAMS 0x000000076ea00000, 0x000000076ea00000| Untracked 
| 886|0x000000076ec00000, 0x000000076ec00000, 0x000000076ee00000|  0%| F|  |TAMS 0x000000076ec00000, 0x000000076ec00000| Untracked 
| 887|0x000000076ee00000, 0x000000076ee00000, 0x000000076f000000|  0%| F|  |TAMS 0x000000076ee00000, 0x000000076ee00000| Untracked 
| 888|0x000000076f000000, 0x000000076f000000, 0x000000076f200000|  0%| F|  |TAMS 0x000000076f000000, 0x000000076f000000| Untracked 
| 889|0x000000076f200000, 0x000000076f200000, 0x000000076f400000|  0%| F|  |TAMS 0x000000076f200000, 0x000000076f200000| Untracked 
| 890|0x000000076f400000, 0x000000076f400000, 0x000000076f600000|  0%| F|  |TAMS 0x000000076f400000, 0x000000076f400000| Untracked 
| 891|0x000000076f600000, 0x000000076f600000, 0x000000076f800000|  0%| F|  |TAMS 0x000000076f600000, 0x000000076f600000| Untracked 
| 892|0x000000076f800000, 0x000000076f800000, 0x000000076fa00000|  0%| F|  |TAMS 0x000000076f800000, 0x000000076f800000| Untracked 
| 893|0x000000076fa00000, 0x000000076fa00000, 0x000000076fc00000|  0%| F|  |TAMS 0x000000076fa00000, 0x000000076fa00000| Untracked 
| 894|0x000000076fc00000, 0x000000076fc00000, 0x000000076fe00000|  0%| F|  |TAMS 0x000000076fc00000, 0x000000076fc00000| Untracked 
| 895|0x000000076fe00000, 0x000000076fe00000, 0x0000000770000000|  0%| F|  |TAMS 0x000000076fe00000, 0x000000076fe00000| Untracked 
| 896|0x0000000770000000, 0x0000000770000000, 0x0000000770200000|  0%| F|  |TAMS 0x0000000770000000, 0x0000000770000000| Untracked 
| 897|0x0000000770200000, 0x0000000770200000, 0x0000000770400000|  0%| F|  |TAMS 0x0000000770200000, 0x0000000770200000| Untracked 
| 898|0x0000000770400000, 0x0000000770400000, 0x0000000770600000|  0%| F|  |TAMS 0x0000000770400000, 0x0000000770400000| Untracked 
| 899|0x0000000770600000, 0x0000000770600000, 0x0000000770800000|  0%| F|  |TAMS 0x0000000770600000, 0x0000000770600000| Untracked 
| 900|0x0000000770800000, 0x0000000770800000, 0x0000000770a00000|  0%| F|  |TAMS 0x0000000770800000, 0x0000000770800000| Untracked 
| 901|0x0000000770a00000, 0x0000000770a00000, 0x0000000770c00000|  0%| F|  |TAMS 0x0000000770a00000, 0x0000000770a00000| Untracked 
| 902|0x0000000770c00000, 0x0000000770c00000, 0x0000000770e00000|  0%| F|  |TAMS 0x0000000770c00000, 0x0000000770c00000| Untracked 
| 903|0x0000000770e00000, 0x0000000770e00000, 0x0000000771000000|  0%| F|  |TAMS 0x0000000770e00000, 0x0000000770e00000| Untracked 
| 904|0x0000000771000000, 0x0000000771000000, 0x0000000771200000|  0%| F|  |TAMS 0x0000000771000000, 0x0000000771000000| Untracked 
| 905|0x0000000771200000, 0x0000000771200000, 0x0000000771400000|  0%| F|  |TAMS 0x0000000771200000, 0x0000000771200000| Untracked 
| 906|0x0000000771400000, 0x0000000771400000, 0x0000000771600000|  0%| F|  |TAMS 0x0000000771400000, 0x0000000771400000| Untracked 
| 907|0x0000000771600000, 0x0000000771600000, 0x0000000771800000|  0%| F|  |TAMS 0x0000000771600000, 0x0000000771600000| Untracked 
| 908|0x0000000771800000, 0x0000000771800000, 0x0000000771a00000|  0%| F|  |TAMS 0x0000000771800000, 0x0000000771800000| Untracked 
| 909|0x0000000771a00000, 0x0000000771a00000, 0x0000000771c00000|  0%| F|  |TAMS 0x0000000771a00000, 0x0000000771a00000| Untracked 
| 910|0x0000000771c00000, 0x0000000771c00000, 0x0000000771e00000|  0%| F|  |TAMS 0x0000000771c00000, 0x0000000771c00000| Untracked 
| 911|0x0000000771e00000, 0x0000000771e00000, 0x0000000772000000|  0%| F|  |TAMS 0x0000000771e00000, 0x0000000771e00000| Untracked 
| 912|0x0000000772000000, 0x0000000772000000, 0x0000000772200000|  0%| F|  |TAMS 0x0000000772000000, 0x0000000772000000| Untracked 
| 913|0x0000000772200000, 0x0000000772200000, 0x0000000772400000|  0%| F|  |TAMS 0x0000000772200000, 0x0000000772200000| Untracked 
| 914|0x0000000772400000, 0x0000000772400000, 0x0000000772600000|  0%| F|  |TAMS 0x0000000772400000, 0x0000000772400000| Untracked 
| 915|0x0000000772600000, 0x0000000772600000, 0x0000000772800000|  0%| F|  |TAMS 0x0000000772600000, 0x0000000772600000| Untracked 
| 916|0x0000000772800000, 0x0000000772800000, 0x0000000772a00000|  0%| F|  |TAMS 0x0000000772800000, 0x0000000772800000| Untracked 
| 917|0x0000000772a00000, 0x0000000772a00000, 0x0000000772c00000|  0%| F|  |TAMS 0x0000000772a00000, 0x0000000772a00000| Untracked 
| 918|0x0000000772c00000, 0x0000000772c00000, 0x0000000772e00000|  0%| F|  |TAMS 0x0000000772c00000, 0x0000000772c00000| Untracked 
| 919|0x0000000772e00000, 0x0000000772e00000, 0x0000000773000000|  0%| F|  |TAMS 0x0000000772e00000, 0x0000000772e00000| Untracked 
| 920|0x0000000773000000, 0x0000000773000000, 0x0000000773200000|  0%| F|  |TAMS 0x0000000773000000, 0x0000000773000000| Untracked 
| 921|0x0000000773200000, 0x0000000773200000, 0x0000000773400000|  0%| F|  |TAMS 0x0000000773200000, 0x0000000773200000| Untracked 
| 922|0x0000000773400000, 0x0000000773400000, 0x0000000773600000|  0%| F|  |TAMS 0x0000000773400000, 0x0000000773400000| Untracked 
| 923|0x0000000773600000, 0x0000000773600000, 0x0000000773800000|  0%| F|  |TAMS 0x0000000773600000, 0x0000000773600000| Untracked 
| 924|0x0000000773800000, 0x0000000773800000, 0x0000000773a00000|  0%| F|  |TAMS 0x0000000773800000, 0x0000000773800000| Untracked 
| 925|0x0000000773a00000, 0x0000000773a00000, 0x0000000773c00000|  0%| F|  |TAMS 0x0000000773a00000, 0x0000000773a00000| Untracked 
| 926|0x0000000773c00000, 0x0000000773c00000, 0x0000000773e00000|  0%| F|  |TAMS 0x0000000773c00000, 0x0000000773c00000| Untracked 
| 927|0x0000000773e00000, 0x0000000773e00000, 0x0000000774000000|  0%| F|  |TAMS 0x0000000773e00000, 0x0000000773e00000| Untracked 
| 928|0x0000000774000000, 0x0000000774000000, 0x0000000774200000|  0%| F|  |TAMS 0x0000000774000000, 0x0000000774000000| Untracked 
| 929|0x0000000774200000, 0x0000000774200000, 0x0000000774400000|  0%| F|  |TAMS 0x0000000774200000, 0x0000000774200000| Untracked 
| 930|0x0000000774400000, 0x0000000774400000, 0x0000000774600000|  0%| F|  |TAMS 0x0000000774400000, 0x0000000774400000| Untracked 
| 931|0x0000000774600000, 0x0000000774600000, 0x0000000774800000|  0%| F|  |TAMS 0x0000000774600000, 0x0000000774600000| Untracked 
| 932|0x0000000774800000, 0x0000000774800000, 0x0000000774a00000|  0%| F|  |TAMS 0x0000000774800000, 0x0000000774800000| Untracked 
| 933|0x0000000774a00000, 0x0000000774a00000, 0x0000000774c00000|  0%| F|  |TAMS 0x0000000774a00000, 0x0000000774a00000| Untracked 
| 934|0x0000000774c00000, 0x0000000774c00000, 0x0000000774e00000|  0%| F|  |TAMS 0x0000000774c00000, 0x0000000774c00000| Untracked 
| 935|0x0000000774e00000, 0x0000000774e00000, 0x0000000775000000|  0%| F|  |TAMS 0x0000000774e00000, 0x0000000774e00000| Untracked 
| 936|0x0000000775000000, 0x0000000775000000, 0x0000000775200000|  0%| F|  |TAMS 0x0000000775000000, 0x0000000775000000| Untracked 
| 937|0x0000000775200000, 0x0000000775200000, 0x0000000775400000|  0%| F|  |TAMS 0x0000000775200000, 0x0000000775200000| Untracked 
| 938|0x0000000775400000, 0x0000000775400000, 0x0000000775600000|  0%| F|  |TAMS 0x0000000775400000, 0x0000000775400000| Untracked 
| 939|0x0000000775600000, 0x0000000775600000, 0x0000000775800000|  0%| F|  |TAMS 0x0000000775600000, 0x0000000775600000| Untracked 
| 940|0x0000000775800000, 0x0000000775800000, 0x0000000775a00000|  0%| F|  |TAMS 0x0000000775800000, 0x0000000775800000| Untracked 
| 941|0x0000000775a00000, 0x0000000775a00000, 0x0000000775c00000|  0%| F|  |TAMS 0x0000000775a00000, 0x0000000775a00000| Untracked 
| 942|0x0000000775c00000, 0x0000000775c00000, 0x0000000775e00000|  0%| F|  |TAMS 0x0000000775c00000, 0x0000000775c00000| Untracked 
| 943|0x0000000775e00000, 0x0000000775e00000, 0x0000000776000000|  0%| F|  |TAMS 0x0000000775e00000, 0x0000000775e00000| Untracked 
| 944|0x0000000776000000, 0x0000000776000000, 0x0000000776200000|  0%| F|  |TAMS 0x0000000776000000, 0x0000000776000000| Untracked 
| 945|0x0000000776200000, 0x0000000776200000, 0x0000000776400000|  0%| F|  |TAMS 0x0000000776200000, 0x0000000776200000| Untracked 
| 946|0x0000000776400000, 0x0000000776400000, 0x0000000776600000|  0%| F|  |TAMS 0x0000000776400000, 0x0000000776400000| Untracked 
| 947|0x0000000776600000, 0x0000000776600000, 0x0000000776800000|  0%| F|  |TAMS 0x0000000776600000, 0x0000000776600000| Untracked 
| 948|0x0000000776800000, 0x0000000776800000, 0x0000000776a00000|  0%| F|  |TAMS 0x0000000776800000, 0x0000000776800000| Untracked 
| 949|0x0000000776a00000, 0x0000000776a00000, 0x0000000776c00000|  0%| F|  |TAMS 0x0000000776a00000, 0x0000000776a00000| Untracked 
| 950|0x0000000776c00000, 0x0000000776c00000, 0x0000000776e00000|  0%| F|  |TAMS 0x0000000776c00000, 0x0000000776c00000| Untracked 
| 951|0x0000000776e00000, 0x0000000776e00000, 0x0000000777000000|  0%| F|  |TAMS 0x0000000776e00000, 0x0000000776e00000| Untracked 
| 952|0x0000000777000000, 0x0000000777000000, 0x0000000777200000|  0%| F|  |TAMS 0x0000000777000000, 0x0000000777000000| Untracked 
| 953|0x0000000777200000, 0x0000000777200000, 0x0000000777400000|  0%| F|  |TAMS 0x0000000777200000, 0x0000000777200000| Untracked 
| 954|0x0000000777400000, 0x0000000777400000, 0x0000000777600000|  0%| F|  |TAMS 0x0000000777400000, 0x0000000777400000| Untracked 
| 955|0x0000000777600000, 0x0000000777600000, 0x0000000777800000|  0%| F|  |TAMS 0x0000000777600000, 0x0000000777600000| Untracked 
| 956|0x0000000777800000, 0x0000000777800000, 0x0000000777a00000|  0%| F|  |TAMS 0x0000000777800000, 0x0000000777800000| Untracked 
| 957|0x0000000777a00000, 0x0000000777a00000, 0x0000000777c00000|  0%| F|  |TAMS 0x0000000777a00000, 0x0000000777a00000| Untracked 
| 958|0x0000000777c00000, 0x0000000777c00000, 0x0000000777e00000|  0%| F|  |TAMS 0x0000000777c00000, 0x0000000777c00000| Untracked 
| 959|0x0000000777e00000, 0x0000000777e00000, 0x0000000778000000|  0%| F|  |TAMS 0x0000000777e00000, 0x0000000777e00000| Untracked 
| 960|0x0000000778000000, 0x0000000778000000, 0x0000000778200000|  0%| F|  |TAMS 0x0000000778000000, 0x0000000778000000| Untracked 
| 961|0x0000000778200000, 0x0000000778200000, 0x0000000778400000|  0%| F|  |TAMS 0x0000000778200000, 0x0000000778200000| Untracked 
| 962|0x0000000778400000, 0x0000000778400000, 0x0000000778600000|  0%| F|  |TAMS 0x0000000778400000, 0x0000000778400000| Untracked 
| 963|0x0000000778600000, 0x0000000778600000, 0x0000000778800000|  0%| F|  |TAMS 0x0000000778600000, 0x0000000778600000| Untracked 
| 964|0x0000000778800000, 0x0000000778800000, 0x0000000778a00000|  0%| F|  |TAMS 0x0000000778800000, 0x0000000778800000| Untracked 
| 965|0x0000000778a00000, 0x0000000778a00000, 0x0000000778c00000|  0%| F|  |TAMS 0x0000000778a00000, 0x0000000778a00000| Untracked 
| 966|0x0000000778c00000, 0x0000000778c00000, 0x0000000778e00000|  0%| F|  |TAMS 0x0000000778c00000, 0x0000000778c00000| Untracked 
| 967|0x0000000778e00000, 0x0000000778e00000, 0x0000000779000000|  0%| F|  |TAMS 0x0000000778e00000, 0x0000000778e00000| Untracked 
| 968|0x0000000779000000, 0x0000000779000000, 0x0000000779200000|  0%| F|  |TAMS 0x0000000779000000, 0x0000000779000000| Untracked 
| 969|0x0000000779200000, 0x0000000779200000, 0x0000000779400000|  0%| F|  |TAMS 0x0000000779200000, 0x0000000779200000| Untracked 
| 970|0x0000000779400000, 0x0000000779400000, 0x0000000779600000|  0%| F|  |TAMS 0x0000000779400000, 0x0000000779400000| Untracked 
| 971|0x0000000779600000, 0x0000000779600000, 0x0000000779800000|  0%| F|  |TAMS 0x0000000779600000, 0x0000000779600000| Untracked 
| 972|0x0000000779800000, 0x0000000779800000, 0x0000000779a00000|  0%| F|  |TAMS 0x0000000779800000, 0x0000000779800000| Untracked 
| 973|0x0000000779a00000, 0x0000000779a00000, 0x0000000779c00000|  0%| F|  |TAMS 0x0000000779a00000, 0x0000000779a00000| Untracked 
| 974|0x0000000779c00000, 0x0000000779c00000, 0x0000000779e00000|  0%| F|  |TAMS 0x0000000779c00000, 0x0000000779c00000| Untracked 
| 975|0x0000000779e00000, 0x0000000779e00000, 0x000000077a000000|  0%| F|  |TAMS 0x0000000779e00000, 0x0000000779e00000| Untracked 
| 976|0x000000077a000000, 0x000000077a000000, 0x000000077a200000|  0%| F|  |TAMS 0x000000077a000000, 0x000000077a000000| Untracked 
| 977|0x000000077a200000, 0x000000077a200000, 0x000000077a400000|  0%| F|  |TAMS 0x000000077a200000, 0x000000077a200000| Untracked 
| 978|0x000000077a400000, 0x000000077a400000, 0x000000077a600000|  0%| F|  |TAMS 0x000000077a400000, 0x000000077a400000| Untracked 
| 979|0x000000077a600000, 0x000000077a600000, 0x000000077a800000|  0%| F|  |TAMS 0x000000077a600000, 0x000000077a600000| Untracked 
| 980|0x000000077a800000, 0x000000077a800000, 0x000000077aa00000|  0%| F|  |TAMS 0x000000077a800000, 0x000000077a800000| Untracked 
| 981|0x000000077aa00000, 0x000000077aa00000, 0x000000077ac00000|  0%| F|  |TAMS 0x000000077aa00000, 0x000000077aa00000| Untracked 
| 982|0x000000077ac00000, 0x000000077ac00000, 0x000000077ae00000|  0%| F|  |TAMS 0x000000077ac00000, 0x000000077ac00000| Untracked 
| 983|0x000000077ae00000, 0x000000077ae00000, 0x000000077b000000|  0%| F|  |TAMS 0x000000077ae00000, 0x000000077ae00000| Untracked 
| 984|0x000000077b000000, 0x000000077b000000, 0x000000077b200000|  0%| F|  |TAMS 0x000000077b000000, 0x000000077b000000| Untracked 
| 985|0x000000077b200000, 0x000000077b200000, 0x000000077b400000|  0%| F|  |TAMS 0x000000077b200000, 0x000000077b200000| Untracked 
| 986|0x000000077b400000, 0x000000077b400000, 0x000000077b600000|  0%| F|  |TAMS 0x000000077b400000, 0x000000077b400000| Untracked 
| 987|0x000000077b600000, 0x000000077b600000, 0x000000077b800000|  0%| F|  |TAMS 0x000000077b600000, 0x000000077b600000| Untracked 
| 988|0x000000077b800000, 0x000000077b800000, 0x000000077ba00000|  0%| F|  |TAMS 0x000000077b800000, 0x000000077b800000| Untracked 
| 989|0x000000077ba00000, 0x000000077ba00000, 0x000000077bc00000|  0%| F|  |TAMS 0x000000077ba00000, 0x000000077ba00000| Untracked 
| 990|0x000000077bc00000, 0x000000077bc00000, 0x000000077be00000|  0%| F|  |TAMS 0x000000077bc00000, 0x000000077bc00000| Untracked 
| 991|0x000000077be00000, 0x000000077be00000, 0x000000077c000000|  0%| F|  |TAMS 0x000000077be00000, 0x000000077be00000| Untracked 
| 992|0x000000077c000000, 0x000000077c000000, 0x000000077c200000|  0%| F|  |TAMS 0x000000077c000000, 0x000000077c000000| Untracked 
| 993|0x000000077c200000, 0x000000077c200000, 0x000000077c400000|  0%| F|  |TAMS 0x000000077c200000, 0x000000077c200000| Untracked 
| 994|0x000000077c400000, 0x000000077c400000, 0x000000077c600000|  0%| F|  |TAMS 0x000000077c400000, 0x000000077c400000| Untracked 
| 995|0x000000077c600000, 0x000000077c600000, 0x000000077c800000|  0%| F|  |TAMS 0x000000077c600000, 0x000000077c600000| Untracked 
| 996|0x000000077c800000, 0x000000077c800000, 0x000000077ca00000|  0%| F|  |TAMS 0x000000077c800000, 0x000000077c800000| Untracked 
| 997|0x000000077ca00000, 0x000000077ca00000, 0x000000077cc00000|  0%| F|  |TAMS 0x000000077ca00000, 0x000000077ca00000| Untracked 
| 998|0x000000077cc00000, 0x000000077cc00000, 0x000000077ce00000|  0%| F|  |TAMS 0x000000077cc00000, 0x000000077cc00000| Untracked 
| 999|0x000000077ce00000, 0x000000077ce00000, 0x000000077d000000|  0%| F|  |TAMS 0x000000077ce00000, 0x000000077ce00000| Untracked 
|1000|0x000000077d000000, 0x000000077d000000, 0x000000077d200000|  0%| F|  |TAMS 0x000000077d000000, 0x000000077d000000| Untracked 
|1001|0x000000077d200000, 0x000000077d200000, 0x000000077d400000|  0%| F|  |TAMS 0x000000077d200000, 0x000000077d200000| Untracked 
|1002|0x000000077d400000, 0x000000077d400000, 0x000000077d600000|  0%| F|  |TAMS 0x000000077d400000, 0x000000077d400000| Untracked 
|1003|0x000000077d600000, 0x000000077d600000, 0x000000077d800000|  0%| F|  |TAMS 0x000000077d600000, 0x000000077d600000| Untracked 
|1004|0x000000077d800000, 0x000000077d800000, 0x000000077da00000|  0%| F|  |TAMS 0x000000077d800000, 0x000000077d800000| Untracked 
|1005|0x000000077da00000, 0x000000077da00000, 0x000000077dc00000|  0%| F|  |TAMS 0x000000077da00000, 0x000000077da00000| Untracked 
|1006|0x000000077dc00000, 0x000000077dc00000, 0x000000077de00000|  0%| F|  |TAMS 0x000000077dc00000, 0x000000077dc00000| Untracked 
|1007|0x000000077de00000, 0x000000077de00000, 0x000000077e000000|  0%| F|  |TAMS 0x000000077de00000, 0x000000077de00000| Untracked 
|1008|0x000000077e000000, 0x000000077e000000, 0x000000077e200000|  0%| F|  |TAMS 0x000000077e000000, 0x000000077e000000| Untracked 
|1009|0x000000077e200000, 0x000000077e200000, 0x000000077e400000|  0%| F|  |TAMS 0x000000077e200000, 0x000000077e200000| Untracked 
|1010|0x000000077e400000, 0x000000077e400000, 0x000000077e600000|  0%| F|  |TAMS 0x000000077e400000, 0x000000077e400000| Untracked 
|1011|0x000000077e600000, 0x000000077e600000, 0x000000077e800000|  0%| F|  |TAMS 0x000000077e600000, 0x000000077e600000| Untracked 
|1012|0x000000077e800000, 0x000000077e800000, 0x000000077ea00000|  0%| F|  |TAMS 0x000000077e800000, 0x000000077e800000| Untracked 
|1013|0x000000077ea00000, 0x000000077ea00000, 0x000000077ec00000|  0%| F|  |TAMS 0x000000077ea00000, 0x000000077ea00000| Untracked 
|1014|0x000000077ec00000, 0x000000077ec00000, 0x000000077ee00000|  0%| F|  |TAMS 0x000000077ec00000, 0x000000077ec00000| Untracked 
|1015|0x000000077ee00000, 0x000000077ee00000, 0x000000077f000000|  0%| F|  |TAMS 0x000000077ee00000, 0x000000077ee00000| Untracked 
|1016|0x000000077f000000, 0x000000077f000000, 0x000000077f200000|  0%| F|  |TAMS 0x000000077f000000, 0x000000077f000000| Untracked 
|1017|0x000000077f200000, 0x000000077f200000, 0x000000077f400000|  0%| F|  |TAMS 0x000000077f200000, 0x000000077f200000| Untracked 
|1018|0x000000077f400000, 0x000000077f400000, 0x000000077f600000|  0%| F|  |TAMS 0x000000077f400000, 0x000000077f400000| Untracked 
|1019|0x000000077f600000, 0x000000077f600000, 0x000000077f800000|  0%| F|  |TAMS 0x000000077f600000, 0x000000077f600000| Untracked 
|1020|0x000000077f800000, 0x000000077f800000, 0x000000077fa00000|  0%| F|  |TAMS 0x000000077f800000, 0x000000077f800000| Untracked 
|1021|0x000000077fa00000, 0x000000077fa00000, 0x000000077fc00000|  0%| F|  |TAMS 0x000000077fa00000, 0x000000077fa00000| Untracked 
|1022|0x000000077fc00000, 0x000000077fc00000, 0x000000077fe00000|  0%| F|  |TAMS 0x000000077fc00000, 0x000000077fc00000| Untracked 
|1023|0x000000077fe00000, 0x000000077fe00000, 0x0000000780000000|  0%| F|  |TAMS 0x000000077fe00000, 0x000000077fe00000| Untracked 
|1024|0x0000000780000000, 0x0000000780000000, 0x0000000780200000|  0%| F|  |TAMS 0x0000000780000000, 0x0000000780000000| Untracked 
|1025|0x0000000780200000, 0x0000000780200000, 0x0000000780400000|  0%| F|  |TAMS 0x0000000780200000, 0x0000000780200000| Untracked 
|1026|0x0000000780400000, 0x0000000780400000, 0x0000000780600000|  0%| F|  |TAMS 0x0000000780400000, 0x0000000780400000| Untracked 
|1027|0x0000000780600000, 0x0000000780600000, 0x0000000780800000|  0%| F|  |TAMS 0x0000000780600000, 0x0000000780600000| Untracked 
|1028|0x0000000780800000, 0x0000000780800000, 0x0000000780a00000|  0%| F|  |TAMS 0x0000000780800000, 0x0000000780800000| Untracked 
|1029|0x0000000780a00000, 0x0000000780a00000, 0x0000000780c00000|  0%| F|  |TAMS 0x0000000780a00000, 0x0000000780a00000| Untracked 
|1030|0x0000000780c00000, 0x0000000780c00000, 0x0000000780e00000|  0%| F|  |TAMS 0x0000000780c00000, 0x0000000780c00000| Untracked 
|1031|0x0000000780e00000, 0x0000000780e00000, 0x0000000781000000|  0%| F|  |TAMS 0x0000000780e00000, 0x0000000780e00000| Untracked 
|1032|0x0000000781000000, 0x0000000781000000, 0x0000000781200000|  0%| F|  |TAMS 0x0000000781000000, 0x0000000781000000| Untracked 
|1033|0x0000000781200000, 0x0000000781200000, 0x0000000781400000|  0%| F|  |TAMS 0x0000000781200000, 0x0000000781200000| Untracked 
|1034|0x0000000781400000, 0x0000000781400000, 0x0000000781600000|  0%| F|  |TAMS 0x0000000781400000, 0x0000000781400000| Untracked 
|1035|0x0000000781600000, 0x0000000781600000, 0x0000000781800000|  0%| F|  |TAMS 0x0000000781600000, 0x0000000781600000| Untracked 
|1036|0x0000000781800000, 0x0000000781800000, 0x0000000781a00000|  0%| F|  |TAMS 0x0000000781800000, 0x0000000781800000| Untracked 
|1037|0x0000000781a00000, 0x0000000781a00000, 0x0000000781c00000|  0%| F|  |TAMS 0x0000000781a00000, 0x0000000781a00000| Untracked 
|1038|0x0000000781c00000, 0x0000000781c00000, 0x0000000781e00000|  0%| F|  |TAMS 0x0000000781c00000, 0x0000000781c00000| Untracked 
|1039|0x0000000781e00000, 0x0000000781e00000, 0x0000000782000000|  0%| F|  |TAMS 0x0000000781e00000, 0x0000000781e00000| Untracked 
|1040|0x0000000782000000, 0x0000000782000000, 0x0000000782200000|  0%| F|  |TAMS 0x0000000782000000, 0x0000000782000000| Untracked 
|1041|0x0000000782200000, 0x0000000782200000, 0x0000000782400000|  0%| F|  |TAMS 0x0000000782200000, 0x0000000782200000| Untracked 
|1042|0x0000000782400000, 0x0000000782400000, 0x0000000782600000|  0%| F|  |TAMS 0x0000000782400000, 0x0000000782400000| Untracked 
|1043|0x0000000782600000, 0x0000000782800000, 0x0000000782800000|100%| E|  |TAMS 0x0000000782600000, 0x0000000782600000| Complete 
|1044|0x0000000782800000, 0x0000000782a00000, 0x0000000782a00000|100%| E|CS|TAMS 0x0000000782800000, 0x0000000782800000| Complete 
|1045|0x0000000782a00000, 0x0000000782c00000, 0x0000000782c00000|100%| E|CS|TAMS 0x0000000782a00000, 0x0000000782a00000| Complete 
|1046|0x0000000782c00000, 0x0000000782e00000, 0x0000000782e00000|100%| E|CS|TAMS 0x0000000782c00000, 0x0000000782c00000| Complete 
|1047|0x0000000782e00000, 0x0000000783000000, 0x0000000783000000|100%| E|CS|TAMS 0x0000000782e00000, 0x0000000782e00000| Complete 
|1048|0x0000000783000000, 0x0000000783200000, 0x0000000783200000|100%| E|CS|TAMS 0x0000000783000000, 0x0000000783000000| Complete 
|1049|0x0000000783200000, 0x0000000783400000, 0x0000000783400000|100%| E|CS|TAMS 0x0000000783200000, 0x0000000783200000| Complete 
|1050|0x0000000783400000, 0x0000000783600000, 0x0000000783600000|100%| E|CS|TAMS 0x0000000783400000, 0x0000000783400000| Complete 
|1051|0x0000000783600000, 0x0000000783800000, 0x0000000783800000|100%| E|CS|TAMS 0x0000000783600000, 0x0000000783600000| Complete 
|1052|0x0000000783800000, 0x0000000783a00000, 0x0000000783a00000|100%| E|CS|TAMS 0x0000000783800000, 0x0000000783800000| Complete 
|1053|0x0000000783a00000, 0x0000000783c00000, 0x0000000783c00000|100%| E|CS|TAMS 0x0000000783a00000, 0x0000000783a00000| Complete 
|1054|0x0000000783c00000, 0x0000000783e00000, 0x0000000783e00000|100%| E|CS|TAMS 0x0000000783c00000, 0x0000000783c00000| Complete 
|1055|0x0000000783e00000, 0x0000000784000000, 0x0000000784000000|100%| E|CS|TAMS 0x0000000783e00000, 0x0000000783e00000| Complete 
|1056|0x0000000784000000, 0x0000000784200000, 0x0000000784200000|100%| E|CS|TAMS 0x0000000784000000, 0x0000000784000000| Complete 
|1057|0x0000000784200000, 0x0000000784400000, 0x0000000784400000|100%| E|CS|TAMS 0x0000000784200000, 0x0000000784200000| Complete 
|1058|0x0000000784400000, 0x0000000784600000, 0x0000000784600000|100%| E|CS|TAMS 0x0000000784400000, 0x0000000784400000| Complete 
|1059|0x0000000784600000, 0x0000000784800000, 0x0000000784800000|100%| E|CS|TAMS 0x0000000784600000, 0x0000000784600000| Complete 
|1060|0x0000000784800000, 0x0000000784a00000, 0x0000000784a00000|100%| E|CS|TAMS 0x0000000784800000, 0x0000000784800000| Complete 
|1061|0x0000000784a00000, 0x0000000784c00000, 0x0000000784c00000|100%| E|CS|TAMS 0x0000000784a00000, 0x0000000784a00000| Complete 
|1062|0x0000000784c00000, 0x0000000784e00000, 0x0000000784e00000|100%| E|CS|TAMS 0x0000000784c00000, 0x0000000784c00000| Complete 
|1063|0x0000000784e00000, 0x0000000785000000, 0x0000000785000000|100%| E|CS|TAMS 0x0000000784e00000, 0x0000000784e00000| Complete 
|1064|0x0000000785000000, 0x0000000785200000, 0x0000000785200000|100%| E|CS|TAMS 0x0000000785000000, 0x0000000785000000| Complete 
|1065|0x0000000785200000, 0x0000000785400000, 0x0000000785400000|100%| E|CS|TAMS 0x0000000785200000, 0x0000000785200000| Complete 
|1066|0x0000000785400000, 0x0000000785600000, 0x0000000785600000|100%| E|CS|TAMS 0x0000000785400000, 0x0000000785400000| Complete 
|1067|0x0000000785600000, 0x0000000785800000, 0x0000000785800000|100%| E|CS|TAMS 0x0000000785600000, 0x0000000785600000| Complete 
|1068|0x0000000785800000, 0x0000000785a00000, 0x0000000785a00000|100%| E|CS|TAMS 0x0000000785800000, 0x0000000785800000| Complete 
|1069|0x0000000785a00000, 0x0000000785c00000, 0x0000000785c00000|100%| E|CS|TAMS 0x0000000785a00000, 0x0000000785a00000| Complete 
|1070|0x0000000785c00000, 0x0000000785e00000, 0x0000000785e00000|100%| E|CS|TAMS 0x0000000785c00000, 0x0000000785c00000| Complete 
|1071|0x0000000785e00000, 0x0000000786000000, 0x0000000786000000|100%| E|CS|TAMS 0x0000000785e00000, 0x0000000785e00000| Complete 
|1072|0x0000000786000000, 0x0000000786200000, 0x0000000786200000|100%| E|CS|TAMS 0x0000000786000000, 0x0000000786000000| Complete 
|1073|0x0000000786200000, 0x0000000786400000, 0x0000000786400000|100%| E|CS|TAMS 0x0000000786200000, 0x0000000786200000| Complete 
|1074|0x0000000786400000, 0x0000000786600000, 0x0000000786600000|100%| E|CS|TAMS 0x0000000786400000, 0x0000000786400000| Complete 
|1075|0x0000000786600000, 0x0000000786800000, 0x0000000786800000|100%| E|CS|TAMS 0x0000000786600000, 0x0000000786600000| Complete 
|1076|0x0000000786800000, 0x0000000786a00000, 0x0000000786a00000|100%| E|CS|TAMS 0x0000000786800000, 0x0000000786800000| Complete 
|1077|0x0000000786a00000, 0x0000000786c00000, 0x0000000786c00000|100%| E|CS|TAMS 0x0000000786a00000, 0x0000000786a00000| Complete 
|1078|0x0000000786c00000, 0x0000000786e00000, 0x0000000786e00000|100%| E|CS|TAMS 0x0000000786c00000, 0x0000000786c00000| Complete 
|1079|0x0000000786e00000, 0x0000000787000000, 0x0000000787000000|100%| E|CS|TAMS 0x0000000786e00000, 0x0000000786e00000| Complete 
|1080|0x0000000787000000, 0x0000000787200000, 0x0000000787200000|100%| E|CS|TAMS 0x0000000787000000, 0x0000000787000000| Complete 
|1081|0x0000000787200000, 0x0000000787400000, 0x0000000787400000|100%| E|CS|TAMS 0x0000000787200000, 0x0000000787200000| Complete 
|1082|0x0000000787400000, 0x0000000787600000, 0x0000000787600000|100%| E|CS|TAMS 0x0000000787400000, 0x0000000787400000| Complete 
|1083|0x0000000787600000, 0x0000000787800000, 0x0000000787800000|100%| E|CS|TAMS 0x0000000787600000, 0x0000000787600000| Complete 
|1084|0x0000000787800000, 0x0000000787a00000, 0x0000000787a00000|100%| E|CS|TAMS 0x0000000787800000, 0x0000000787800000| Complete 
|1085|0x0000000787a00000, 0x0000000787c00000, 0x0000000787c00000|100%| E|CS|TAMS 0x0000000787a00000, 0x0000000787a00000| Complete 
|1086|0x0000000787c00000, 0x0000000787e00000, 0x0000000787e00000|100%| E|CS|TAMS 0x0000000787c00000, 0x0000000787c00000| Complete 
|1087|0x0000000787e00000, 0x0000000788000000, 0x0000000788000000|100%| E|CS|TAMS 0x0000000787e00000, 0x0000000787e00000| Complete 
|1088|0x0000000788000000, 0x0000000788200000, 0x0000000788200000|100%| E|CS|TAMS 0x0000000788000000, 0x0000000788000000| Complete 
|1089|0x0000000788200000, 0x0000000788400000, 0x0000000788400000|100%| E|CS|TAMS 0x0000000788200000, 0x0000000788200000| Complete 
|1090|0x0000000788400000, 0x0000000788600000, 0x0000000788600000|100%| E|CS|TAMS 0x0000000788400000, 0x0000000788400000| Complete 
|1091|0x0000000788600000, 0x0000000788800000, 0x0000000788800000|100%| E|CS|TAMS 0x0000000788600000, 0x0000000788600000| Complete 
|1092|0x0000000788800000, 0x0000000788a00000, 0x0000000788a00000|100%| E|CS|TAMS 0x0000000788800000, 0x0000000788800000| Complete 
|1093|0x0000000788a00000, 0x0000000788c00000, 0x0000000788c00000|100%| E|CS|TAMS 0x0000000788a00000, 0x0000000788a00000| Complete 
|1094|0x0000000788c00000, 0x0000000788e00000, 0x0000000788e00000|100%| E|CS|TAMS 0x0000000788c00000, 0x0000000788c00000| Complete 
|1095|0x0000000788e00000, 0x0000000789000000, 0x0000000789000000|100%| E|CS|TAMS 0x0000000788e00000, 0x0000000788e00000| Complete 
|1096|0x0000000789000000, 0x0000000789200000, 0x0000000789200000|100%| E|CS|TAMS 0x0000000789000000, 0x0000000789000000| Complete 
|1097|0x0000000789200000, 0x0000000789400000, 0x0000000789400000|100%| E|CS|TAMS 0x0000000789200000, 0x0000000789200000| Complete 
|1098|0x0000000789400000, 0x0000000789600000, 0x0000000789600000|100%| E|CS|TAMS 0x0000000789400000, 0x0000000789400000| Complete 
|1099|0x0000000789600000, 0x0000000789800000, 0x0000000789800000|100%| E|CS|TAMS 0x0000000789600000, 0x0000000789600000| Complete 
|1100|0x0000000789800000, 0x0000000789a00000, 0x0000000789a00000|100%| E|CS|TAMS 0x0000000789800000, 0x0000000789800000| Complete 
|1101|0x0000000789a00000, 0x0000000789c00000, 0x0000000789c00000|100%| E|CS|TAMS 0x0000000789a00000, 0x0000000789a00000| Complete 
|1102|0x0000000789c00000, 0x0000000789e00000, 0x0000000789e00000|100%| E|CS|TAMS 0x0000000789c00000, 0x0000000789c00000| Complete 
|1103|0x0000000789e00000, 0x000000078a000000, 0x000000078a000000|100%| E|CS|TAMS 0x0000000789e00000, 0x0000000789e00000| Complete 
|1104|0x000000078a000000, 0x000000078a200000, 0x000000078a200000|100%| E|CS|TAMS 0x000000078a000000, 0x000000078a000000| Complete 
|1105|0x000000078a200000, 0x000000078a400000, 0x000000078a400000|100%| E|CS|TAMS 0x000000078a200000, 0x000000078a200000| Complete 
|1106|0x000000078a400000, 0x000000078a600000, 0x000000078a600000|100%| E|CS|TAMS 0x000000078a400000, 0x000000078a400000| Complete 
|1107|0x000000078a600000, 0x000000078a800000, 0x000000078a800000|100%| E|CS|TAMS 0x000000078a600000, 0x000000078a600000| Complete 
|1108|0x000000078a800000, 0x000000078aa00000, 0x000000078aa00000|100%| E|CS|TAMS 0x000000078a800000, 0x000000078a800000| Complete 
|1109|0x000000078aa00000, 0x000000078ac00000, 0x000000078ac00000|100%| E|CS|TAMS 0x000000078aa00000, 0x000000078aa00000| Complete 
|1110|0x000000078ac00000, 0x000000078ae00000, 0x000000078ae00000|100%| E|CS|TAMS 0x000000078ac00000, 0x000000078ac00000| Complete 
|1111|0x000000078ae00000, 0x000000078b000000, 0x000000078b000000|100%| E|CS|TAMS 0x000000078ae00000, 0x000000078ae00000| Complete 
|1112|0x000000078b000000, 0x000000078b200000, 0x000000078b200000|100%| E|CS|TAMS 0x000000078b000000, 0x000000078b000000| Complete 
|1113|0x000000078b200000, 0x000000078b400000, 0x000000078b400000|100%| E|CS|TAMS 0x000000078b200000, 0x000000078b200000| Complete 
|1114|0x000000078b400000, 0x000000078b600000, 0x000000078b600000|100%| E|CS|TAMS 0x000000078b400000, 0x000000078b400000| Complete 
|1115|0x000000078b600000, 0x000000078b800000, 0x000000078b800000|100%| E|CS|TAMS 0x000000078b600000, 0x000000078b600000| Complete 
|1116|0x000000078b800000, 0x000000078ba00000, 0x000000078ba00000|100%| E|CS|TAMS 0x000000078b800000, 0x000000078b800000| Complete 
|1117|0x000000078ba00000, 0x000000078bc00000, 0x000000078bc00000|100%| E|CS|TAMS 0x000000078ba00000, 0x000000078ba00000| Complete 
|1118|0x000000078bc00000, 0x000000078be00000, 0x000000078be00000|100%| E|CS|TAMS 0x000000078bc00000, 0x000000078bc00000| Complete 
|1119|0x000000078be00000, 0x000000078c000000, 0x000000078c000000|100%| E|CS|TAMS 0x000000078be00000, 0x000000078be00000| Complete 
|1120|0x000000078c000000, 0x000000078c200000, 0x000000078c200000|100%| E|CS|TAMS 0x000000078c000000, 0x000000078c000000| Complete 
|1121|0x000000078c200000, 0x000000078c400000, 0x000000078c400000|100%| E|CS|TAMS 0x000000078c200000, 0x000000078c200000| Complete 
|1122|0x000000078c400000, 0x000000078c600000, 0x000000078c600000|100%| E|CS|TAMS 0x000000078c400000, 0x000000078c400000| Complete 
|1123|0x000000078c600000, 0x000000078c800000, 0x000000078c800000|100%| E|CS|TAMS 0x000000078c600000, 0x000000078c600000| Complete 
|1124|0x000000078c800000, 0x000000078ca00000, 0x000000078ca00000|100%| E|CS|TAMS 0x000000078c800000, 0x000000078c800000| Complete 
|1125|0x000000078ca00000, 0x000000078cc00000, 0x000000078cc00000|100%| E|CS|TAMS 0x000000078ca00000, 0x000000078ca00000| Complete 
|1126|0x000000078cc00000, 0x000000078ce00000, 0x000000078ce00000|100%| E|CS|TAMS 0x000000078cc00000, 0x000000078cc00000| Complete 
|1127|0x000000078ce00000, 0x000000078d000000, 0x000000078d000000|100%| E|CS|TAMS 0x000000078ce00000, 0x000000078ce00000| Complete 
|1128|0x000000078d000000, 0x000000078d200000, 0x000000078d200000|100%| E|CS|TAMS 0x000000078d000000, 0x000000078d000000| Complete 
|1129|0x000000078d200000, 0x000000078d400000, 0x000000078d400000|100%| E|CS|TAMS 0x000000078d200000, 0x000000078d200000| Complete 
|1130|0x000000078d400000, 0x000000078d600000, 0x000000078d600000|100%| E|CS|TAMS 0x000000078d400000, 0x000000078d400000| Complete 
|1131|0x000000078d600000, 0x000000078d800000, 0x000000078d800000|100%| E|CS|TAMS 0x000000078d600000, 0x000000078d600000| Complete 
|1132|0x000000078d800000, 0x000000078da00000, 0x000000078da00000|100%| E|CS|TAMS 0x000000078d800000, 0x000000078d800000| Complete 
|1133|0x000000078da00000, 0x000000078dc00000, 0x000000078dc00000|100%| E|CS|TAMS 0x000000078da00000, 0x000000078da00000| Complete 
|1134|0x000000078dc00000, 0x000000078de00000, 0x000000078de00000|100%| E|CS|TAMS 0x000000078dc00000, 0x000000078dc00000| Complete 
|1135|0x000000078de00000, 0x000000078e000000, 0x000000078e000000|100%| E|CS|TAMS 0x000000078de00000, 0x000000078de00000| Complete 
|1136|0x000000078e000000, 0x000000078e200000, 0x000000078e200000|100%| E|CS|TAMS 0x000000078e000000, 0x000000078e000000| Complete 
|1137|0x000000078e200000, 0x000000078e400000, 0x000000078e400000|100%| E|CS|TAMS 0x000000078e200000, 0x000000078e200000| Complete 
|1138|0x000000078e400000, 0x000000078e600000, 0x000000078e600000|100%| E|CS|TAMS 0x000000078e400000, 0x000000078e400000| Complete 
|1139|0x000000078e600000, 0x000000078e800000, 0x000000078e800000|100%| E|CS|TAMS 0x000000078e600000, 0x000000078e600000| Complete 
|1140|0x000000078e800000, 0x000000078ea00000, 0x000000078ea00000|100%| E|CS|TAMS 0x000000078e800000, 0x000000078e800000| Complete 
|1141|0x000000078ea00000, 0x000000078ec00000, 0x000000078ec00000|100%| E|CS|TAMS 0x000000078ea00000, 0x000000078ea00000| Complete 
|1142|0x000000078ec00000, 0x000000078ee00000, 0x000000078ee00000|100%| E|CS|TAMS 0x000000078ec00000, 0x000000078ec00000| Complete 
|1143|0x000000078ee00000, 0x000000078f000000, 0x000000078f000000|100%| E|CS|TAMS 0x000000078ee00000, 0x000000078ee00000| Complete 
|1144|0x000000078f000000, 0x000000078f200000, 0x000000078f200000|100%| E|CS|TAMS 0x000000078f000000, 0x000000078f000000| Complete 
|1145|0x000000078f200000, 0x000000078f400000, 0x000000078f400000|100%| E|CS|TAMS 0x000000078f200000, 0x000000078f200000| Complete 
|1146|0x000000078f400000, 0x000000078f600000, 0x000000078f600000|100%| E|CS|TAMS 0x000000078f400000, 0x000000078f400000| Complete 
|1147|0x000000078f600000, 0x000000078f800000, 0x000000078f800000|100%| E|CS|TAMS 0x000000078f600000, 0x000000078f600000| Complete 
|1148|0x000000078f800000, 0x000000078fa00000, 0x000000078fa00000|100%| E|CS|TAMS 0x000000078f800000, 0x000000078f800000| Complete 
|1149|0x000000078fa00000, 0x000000078fc00000, 0x000000078fc00000|100%| E|CS|TAMS 0x000000078fa00000, 0x000000078fa00000| Complete 
|1150|0x000000078fc00000, 0x000000078fe00000, 0x000000078fe00000|100%| E|CS|TAMS 0x000000078fc00000, 0x000000078fc00000| Complete 
|1151|0x000000078fe00000, 0x0000000790000000, 0x0000000790000000|100%| E|CS|TAMS 0x000000078fe00000, 0x000000078fe00000| Complete 
|1152|0x0000000790000000, 0x0000000790200000, 0x0000000790200000|100%| E|CS|TAMS 0x0000000790000000, 0x0000000790000000| Complete 
|1153|0x0000000790200000, 0x0000000790400000, 0x0000000790400000|100%| E|CS|TAMS 0x0000000790200000, 0x0000000790200000| Complete 
|1154|0x0000000790400000, 0x0000000790600000, 0x0000000790600000|100%| E|CS|TAMS 0x0000000790400000, 0x0000000790400000| Complete 
|1155|0x0000000790600000, 0x0000000790800000, 0x0000000790800000|100%| E|CS|TAMS 0x0000000790600000, 0x0000000790600000| Complete 
|1156|0x0000000790800000, 0x0000000790a00000, 0x0000000790a00000|100%| E|CS|TAMS 0x0000000790800000, 0x0000000790800000| Complete 
|1157|0x0000000790a00000, 0x0000000790c00000, 0x0000000790c00000|100%| E|CS|TAMS 0x0000000790a00000, 0x0000000790a00000| Complete 
|1158|0x0000000790c00000, 0x0000000790e00000, 0x0000000790e00000|100%| E|CS|TAMS 0x0000000790c00000, 0x0000000790c00000| Complete 
|1159|0x0000000790e00000, 0x0000000791000000, 0x0000000791000000|100%| E|CS|TAMS 0x0000000790e00000, 0x0000000790e00000| Complete 
|1160|0x0000000791000000, 0x0000000791200000, 0x0000000791200000|100%| E|CS|TAMS 0x0000000791000000, 0x0000000791000000| Complete 
|1161|0x0000000791200000, 0x0000000791400000, 0x0000000791400000|100%| E|CS|TAMS 0x0000000791200000, 0x0000000791200000| Complete 
|1162|0x0000000791400000, 0x0000000791600000, 0x0000000791600000|100%| E|CS|TAMS 0x0000000791400000, 0x0000000791400000| Complete 
|1163|0x0000000791600000, 0x0000000791800000, 0x0000000791800000|100%| E|CS|TAMS 0x0000000791600000, 0x0000000791600000| Complete 
|1164|0x0000000791800000, 0x0000000791a00000, 0x0000000791a00000|100%| E|CS|TAMS 0x0000000791800000, 0x0000000791800000| Complete 
|1165|0x0000000791a00000, 0x0000000791c00000, 0x0000000791c00000|100%| E|CS|TAMS 0x0000000791a00000, 0x0000000791a00000| Complete 
|1166|0x0000000791c00000, 0x0000000791e00000, 0x0000000791e00000|100%| E|CS|TAMS 0x0000000791c00000, 0x0000000791c00000| Complete 
|1167|0x0000000791e00000, 0x0000000792000000, 0x0000000792000000|100%| E|CS|TAMS 0x0000000791e00000, 0x0000000791e00000| Complete 
|1168|0x0000000792000000, 0x0000000792200000, 0x0000000792200000|100%| E|CS|TAMS 0x0000000792000000, 0x0000000792000000| Complete 
|1169|0x0000000792200000, 0x0000000792400000, 0x0000000792400000|100%| E|CS|TAMS 0x0000000792200000, 0x0000000792200000| Complete 
|1170|0x0000000792400000, 0x0000000792600000, 0x0000000792600000|100%| E|CS|TAMS 0x0000000792400000, 0x0000000792400000| Complete 
|1171|0x0000000792600000, 0x0000000792800000, 0x0000000792800000|100%| E|CS|TAMS 0x0000000792600000, 0x0000000792600000| Complete 
|1172|0x0000000792800000, 0x0000000792a00000, 0x0000000792a00000|100%| E|CS|TAMS 0x0000000792800000, 0x0000000792800000| Complete 
|1173|0x0000000792a00000, 0x0000000792c00000, 0x0000000792c00000|100%| E|CS|TAMS 0x0000000792a00000, 0x0000000792a00000| Complete 
|1174|0x0000000792c00000, 0x0000000792e00000, 0x0000000792e00000|100%| E|CS|TAMS 0x0000000792c00000, 0x0000000792c00000| Complete 
|1175|0x0000000792e00000, 0x0000000793000000, 0x0000000793000000|100%| E|CS|TAMS 0x0000000792e00000, 0x0000000792e00000| Complete 
|1176|0x0000000793000000, 0x0000000793200000, 0x0000000793200000|100%| E|CS|TAMS 0x0000000793000000, 0x0000000793000000| Complete 
|1177|0x0000000793200000, 0x0000000793400000, 0x0000000793400000|100%| E|CS|TAMS 0x0000000793200000, 0x0000000793200000| Complete 
|1178|0x0000000793400000, 0x0000000793600000, 0x0000000793600000|100%| E|CS|TAMS 0x0000000793400000, 0x0000000793400000| Complete 
|1179|0x0000000793600000, 0x0000000793800000, 0x0000000793800000|100%| E|CS|TAMS 0x0000000793600000, 0x0000000793600000| Complete 
|1180|0x0000000793800000, 0x0000000793a00000, 0x0000000793a00000|100%| E|CS|TAMS 0x0000000793800000, 0x0000000793800000| Complete 
|1181|0x0000000793a00000, 0x0000000793c00000, 0x0000000793c00000|100%| E|CS|TAMS 0x0000000793a00000, 0x0000000793a00000| Complete 
|1182|0x0000000793c00000, 0x0000000793e00000, 0x0000000793e00000|100%| E|CS|TAMS 0x0000000793c00000, 0x0000000793c00000| Complete 
|1183|0x0000000793e00000, 0x0000000794000000, 0x0000000794000000|100%| E|CS|TAMS 0x0000000793e00000, 0x0000000793e00000| Complete 
|1184|0x0000000794000000, 0x0000000794200000, 0x0000000794200000|100%| E|CS|TAMS 0x0000000794000000, 0x0000000794000000| Complete 
|1185|0x0000000794200000, 0x0000000794400000, 0x0000000794400000|100%| E|CS|TAMS 0x0000000794200000, 0x0000000794200000| Complete 
|1186|0x0000000794400000, 0x0000000794600000, 0x0000000794600000|100%| E|CS|TAMS 0x0000000794400000, 0x0000000794400000| Complete 
|1187|0x0000000794600000, 0x0000000794800000, 0x0000000794800000|100%| E|CS|TAMS 0x0000000794600000, 0x0000000794600000| Complete 
|1188|0x0000000794800000, 0x0000000794a00000, 0x0000000794a00000|100%| E|CS|TAMS 0x0000000794800000, 0x0000000794800000| Complete 
|1189|0x0000000794a00000, 0x0000000794c00000, 0x0000000794c00000|100%| E|CS|TAMS 0x0000000794a00000, 0x0000000794a00000| Complete 
|1190|0x0000000794c00000, 0x0000000794e00000, 0x0000000794e00000|100%| E|CS|TAMS 0x0000000794c00000, 0x0000000794c00000| Complete 
|1191|0x0000000794e00000, 0x0000000795000000, 0x0000000795000000|100%| E|CS|TAMS 0x0000000794e00000, 0x0000000794e00000| Complete 
|1192|0x0000000795000000, 0x0000000795200000, 0x0000000795200000|100%| E|CS|TAMS 0x0000000795000000, 0x0000000795000000| Complete 
|1193|0x0000000795200000, 0x0000000795400000, 0x0000000795400000|100%| E|CS|TAMS 0x0000000795200000, 0x0000000795200000| Complete 
|1194|0x0000000795400000, 0x0000000795600000, 0x0000000795600000|100%| E|CS|TAMS 0x0000000795400000, 0x0000000795400000| Complete 
|1195|0x0000000795600000, 0x0000000795800000, 0x0000000795800000|100%| E|CS|TAMS 0x0000000795600000, 0x0000000795600000| Complete 
|1196|0x0000000795800000, 0x0000000795a00000, 0x0000000795a00000|100%| E|CS|TAMS 0x0000000795800000, 0x0000000795800000| Complete 
|1197|0x0000000795a00000, 0x0000000795c00000, 0x0000000795c00000|100%| E|CS|TAMS 0x0000000795a00000, 0x0000000795a00000| Complete 
|1198|0x0000000795c00000, 0x0000000795e00000, 0x0000000795e00000|100%| E|CS|TAMS 0x0000000795c00000, 0x0000000795c00000| Complete 
|1199|0x0000000795e00000, 0x0000000796000000, 0x0000000796000000|100%| E|CS|TAMS 0x0000000795e00000, 0x0000000795e00000| Complete 
|1200|0x0000000796000000, 0x0000000796200000, 0x0000000796200000|100%| E|CS|TAMS 0x0000000796000000, 0x0000000796000000| Complete 
|1201|0x0000000796200000, 0x0000000796400000, 0x0000000796400000|100%| E|CS|TAMS 0x0000000796200000, 0x0000000796200000| Complete 
|1202|0x0000000796400000, 0x0000000796600000, 0x0000000796600000|100%| E|CS|TAMS 0x0000000796400000, 0x0000000796400000| Complete 
|1203|0x0000000796600000, 0x0000000796800000, 0x0000000796800000|100%| E|CS|TAMS 0x0000000796600000, 0x0000000796600000| Complete 
|1204|0x0000000796800000, 0x0000000796a00000, 0x0000000796a00000|100%| E|CS|TAMS 0x0000000796800000, 0x0000000796800000| Complete 
|1205|0x0000000796a00000, 0x0000000796c00000, 0x0000000796c00000|100%| E|CS|TAMS 0x0000000796a00000, 0x0000000796a00000| Complete 
|1206|0x0000000796c00000, 0x0000000796e00000, 0x0000000796e00000|100%| E|CS|TAMS 0x0000000796c00000, 0x0000000796c00000| Complete 
|1207|0x0000000796e00000, 0x0000000797000000, 0x0000000797000000|100%| E|CS|TAMS 0x0000000796e00000, 0x0000000796e00000| Complete 
|1208|0x0000000797000000, 0x0000000797200000, 0x0000000797200000|100%| E|CS|TAMS 0x0000000797000000, 0x0000000797000000| Complete 
|1209|0x0000000797200000, 0x0000000797400000, 0x0000000797400000|100%| E|CS|TAMS 0x0000000797200000, 0x0000000797200000| Complete 
|1210|0x0000000797400000, 0x0000000797600000, 0x0000000797600000|100%| E|CS|TAMS 0x0000000797400000, 0x0000000797400000| Complete 
|1211|0x0000000797600000, 0x0000000797800000, 0x0000000797800000|100%| E|CS|TAMS 0x0000000797600000, 0x0000000797600000| Complete 
|1212|0x0000000797800000, 0x0000000797a00000, 0x0000000797a00000|100%| E|CS|TAMS 0x0000000797800000, 0x0000000797800000| Complete 
|1213|0x0000000797a00000, 0x0000000797c00000, 0x0000000797c00000|100%| E|CS|TAMS 0x0000000797a00000, 0x0000000797a00000| Complete 
|1214|0x0000000797c00000, 0x0000000797e00000, 0x0000000797e00000|100%| E|CS|TAMS 0x0000000797c00000, 0x0000000797c00000| Complete 
|1215|0x0000000797e00000, 0x0000000798000000, 0x0000000798000000|100%| E|CS|TAMS 0x0000000797e00000, 0x0000000797e00000| Complete 
|1216|0x0000000798000000, 0x0000000798200000, 0x0000000798200000|100%| E|CS|TAMS 0x0000000798000000, 0x0000000798000000| Complete 
|1217|0x0000000798200000, 0x0000000798400000, 0x0000000798400000|100%| E|CS|TAMS 0x0000000798200000, 0x0000000798200000| Complete 
|1218|0x0000000798400000, 0x0000000798600000, 0x0000000798600000|100%| E|CS|TAMS 0x0000000798400000, 0x0000000798400000| Complete 
|1219|0x0000000798600000, 0x0000000798800000, 0x0000000798800000|100%| E|CS|TAMS 0x0000000798600000, 0x0000000798600000| Complete 
|1220|0x0000000798800000, 0x0000000798a00000, 0x0000000798a00000|100%| E|CS|TAMS 0x0000000798800000, 0x0000000798800000| Complete 
|1221|0x0000000798a00000, 0x0000000798c00000, 0x0000000798c00000|100%| E|CS|TAMS 0x0000000798a00000, 0x0000000798a00000| Complete 
|1222|0x0000000798c00000, 0x0000000798e00000, 0x0000000798e00000|100%| E|CS|TAMS 0x0000000798c00000, 0x0000000798c00000| Complete 
|1223|0x0000000798e00000, 0x0000000799000000, 0x0000000799000000|100%| E|CS|TAMS 0x0000000798e00000, 0x0000000798e00000| Complete 
|1224|0x0000000799000000, 0x0000000799200000, 0x0000000799200000|100%| E|CS|TAMS 0x0000000799000000, 0x0000000799000000| Complete 
|1225|0x0000000799200000, 0x0000000799400000, 0x0000000799400000|100%| E|CS|TAMS 0x0000000799200000, 0x0000000799200000| Complete 
|1226|0x0000000799400000, 0x0000000799600000, 0x0000000799600000|100%| E|CS|TAMS 0x0000000799400000, 0x0000000799400000| Complete 
|1227|0x0000000799600000, 0x0000000799800000, 0x0000000799800000|100%| E|CS|TAMS 0x0000000799600000, 0x0000000799600000| Complete 
|1228|0x0000000799800000, 0x0000000799a00000, 0x0000000799a00000|100%| E|CS|TAMS 0x0000000799800000, 0x0000000799800000| Complete 
|1229|0x0000000799a00000, 0x0000000799c00000, 0x0000000799c00000|100%| E|CS|TAMS 0x0000000799a00000, 0x0000000799a00000| Complete 
|1230|0x0000000799c00000, 0x0000000799e00000, 0x0000000799e00000|100%| E|CS|TAMS 0x0000000799c00000, 0x0000000799c00000| Complete 
|1231|0x0000000799e00000, 0x000000079a000000, 0x000000079a000000|100%| E|CS|TAMS 0x0000000799e00000, 0x0000000799e00000| Complete 
|1232|0x000000079a000000, 0x000000079a200000, 0x000000079a200000|100%| E|CS|TAMS 0x000000079a000000, 0x000000079a000000| Complete 
|1233|0x000000079a200000, 0x000000079a400000, 0x000000079a400000|100%| E|CS|TAMS 0x000000079a200000, 0x000000079a200000| Complete 
|1234|0x000000079a400000, 0x000000079a600000, 0x000000079a600000|100%| E|CS|TAMS 0x000000079a400000, 0x000000079a400000| Complete 
|1235|0x000000079a600000, 0x000000079a800000, 0x000000079a800000|100%| E|CS|TAMS 0x000000079a600000, 0x000000079a600000| Complete 
|1236|0x000000079a800000, 0x000000079aa00000, 0x000000079aa00000|100%| E|CS|TAMS 0x000000079a800000, 0x000000079a800000| Complete 
|1237|0x000000079aa00000, 0x000000079ac00000, 0x000000079ac00000|100%| E|CS|TAMS 0x000000079aa00000, 0x000000079aa00000| Complete 
|1238|0x000000079ac00000, 0x000000079ae00000, 0x000000079ae00000|100%| E|  |TAMS 0x000000079ac00000, 0x000000079ac00000| Complete 
|1239|0x000000079ae00000, 0x000000079b000000, 0x000000079b000000|100%| E|CS|TAMS 0x000000079ae00000, 0x000000079ae00000| Complete 

Card table byte_map: [0x0000018ca9730000,0x0000018ca9f30000] _byte_map_base: 0x0000018ca5f30000

Marking Bits (Prev, Next): (CMBitMap*) 0x0000018c9657fe50, (CMBitMap*) 0x0000018c9657fe90
 Prev Bits: [0x0000018caa730000, 0x0000018cae730000)
 Next Bits: [0x0000018cae730000, 0x0000018cb2730000)

Polling page: 0x0000018c95cc0000

Metaspace:

Usage:
  Non-class:    270.83 MB used.
      Class:     40.54 MB used.
       Both:    311.37 MB used.

Virtual space:
  Non-class space:      320.00 MB reserved,     273.25 MB ( 85%) committed,  5 nodes.
      Class space:        1.00 GB reserved,      42.25 MB (  4%) committed,  1 nodes.
             Both:        1.31 GB reserved,     315.50 MB ( 23%) committed. 

Chunk freelists:
   Non-Class:  14.14 MB
       Class:  5.72 MB
        Both:  19.86 MB

MaxMetaspaceSize: unlimited
CompressedClassSpaceSize: 1.00 GB
Initial GC threshold: 21.00 MB
Current GC threshold: 512.50 MB
CDS: off
MetaspaceReclaimPolicy: balanced
 - commit_granule_bytes: 65536.
 - commit_granule_words: 8192.
 - virtual_space_node_default_size: 8388608.
 - enlarge_chunks_in_place: 1.
 - new_chunks_are_fully_committed: 0.
 - uncommit_free_chunks: 1.
 - use_allocation_guard: 0.
 - handle_deallocations: 1.


Internal statistics:

num_allocs_failed_limit: 33.
num_arena_births: 6396.
num_arena_deaths: 260.
num_vsnodes_births: 6.
num_vsnodes_deaths: 0.
num_space_committed: 5045.
num_space_uncommitted: 3.
num_chunks_returned_to_freelist: 758.
num_chunks_taken_from_freelist: 21011.
num_chunk_merges: 112.
num_chunk_splits: 13591.
num_chunks_enlarged: 8742.
num_inconsistent_stats: 0.

CodeHeap 'non-profiled nmethods': size=120000Kb used=46275Kb max_used=46317Kb free=73724Kb
 bounds [0x0000018ca14b0000, 0x0000018ca41f0000, 0x0000018ca89e0000]
CodeHeap 'profiled nmethods': size=120000Kb used=115703Kb max_used=115747Kb free=4296Kb
 bounds [0x0000018c999e0000, 0x0000018ca0af0000, 0x0000018ca0f10000]
CodeHeap 'non-nmethods': size=5760Kb used=2744Kb max_used=2821Kb free=3015Kb
 bounds [0x0000018ca0f10000, 0x0000018ca11e0000, 0x0000018ca14b0000]
 total_blobs=52705 nmethods=51373 adapters=1238
 compilation: enabled
              stopped_count=0, restarted_count=0
 full_count=0

Compilation events (20 events):
Event: 2464.331 Thread 0x0000018cb55bc8a0 68800 %     3       com.android.tools.r8.internal.Jt::a @ 333 (412 bytes)
Event: 2464.334 Thread 0x0000018cb55bc8a0 nmethod 68800% 0x0000018ca0adae90 code [0x0000018ca0adb2a0, 0x0000018ca0add7c8]
Event: 2464.350 Thread 0x0000018cb55bc8a0 68802       2       com.android.tools.r8.internal.L5::previous (19 bytes)
Event: 2464.351 Thread 0x0000018cb55bc8a0 nmethod 68802 0x0000018ca0ade310 code [0x0000018ca0ade4c0, 0x0000018ca0ade688]
Event: 2464.351 Thread 0x0000018cb55bc8a0 68803       2       com.android.tools.r8.internal.L5::add (16 bytes)
Event: 2464.352 Thread 0x0000018cb55bc8a0 nmethod 68803 0x0000018ca0ade790 code [0x0000018ca0ade940, 0x0000018ca0adeaa8]
Event: 2464.352 Thread 0x0000018cb55bc8a0 68804       2       com.android.tools.r8.internal.H5::j (56 bytes)
Event: 2464.353 Thread 0x0000018cb55bc8a0 nmethod 68804 0x0000018ca0adeb90 code [0x0000018ca0aded40, 0x0000018ca0adefc8]
Event: 2464.354 Thread 0x0000018cb55bc8a0 68805       3       com.android.tools.r8.internal.Jt::a (412 bytes)
Event: 2464.358 Thread 0x0000018cb55bc8a0 nmethod 68805 0x0000018ca0adf190 code [0x0000018ca0adf5a0, 0x0000018ca0ae1d78]
Event: 2464.370 Thread 0x0000018cb55bc8a0 68806       2       com.android.tools.r8.internal.E6::<init> (10 bytes)
Event: 2464.370 Thread 0x0000018cb55bc8a0 nmethod 68806 0x0000018ca0ae2a10 code [0x0000018ca0ae2ba0, 0x0000018ca0ae2cb8]
Event: 2464.376 Thread 0x0000018cb55bc8a0 68807       2       com.android.tools.r8.internal.L5::hasPrevious (10 bytes)
Event: 2464.377 Thread 0x0000018cb55bc8a0 nmethod 68807 0x0000018ca0ae2d90 code [0x0000018ca0ae2f20, 0x0000018ca0ae3048]
Event: 2464.377 Thread 0x0000018cb55bc8a0 68808       2       com.android.tools.r8.internal.Nu::e (9 bytes)
Event: 2464.378 Thread 0x0000018cb55bc8a0 nmethod 68808 0x0000018ca0ae3110 code [0x0000018ca0ae32a0, 0x0000018ca0ae3408]
Event: 2464.382 Thread 0x0000018cb55bc8a0 68809       2       com.android.tools.r8.graph.q5::a (15 bytes)
Event: 2464.382 Thread 0x0000018cb55bc8a0 nmethod 68809 0x0000018ca0ae3510 code [0x0000018ca0ae36c0, 0x0000018ca0ae3938]
Event: 2464.395 Thread 0x0000018cb55bc8a0 68810       2       com.android.tools.r8.graph.V$$Lambda$4214/0x00000008026565d0::a (48 bytes)
Event: 2464.395 Thread 0x0000018cb55bc8a0 nmethod 68810 0x0000018ca0ae3a10 code [0x0000018ca0ae3ba0, 0x0000018ca0ae3da8]

GC Heap History (20 events):
Event: 2452.376 GC heap before
{Heap before GC invocations=190 (full 0):
 garbage-first heap   total 1415168K, used 1246264K [0x0000000700000000, 0x0000000800000000)
  region size 2048K, 331 young (677888K), 3 survivors (6144K)
 Metaspace       used 292972K, committed 297216K, reserved 1310720K
  class space    used 37058K, committed 38912K, reserved 1048576K
}
Event: 2452.390 GC heap after
{Heap after GC invocations=191 (full 0):
 garbage-first heap   total 1415168K, used 596250K [0x0000000700000000, 0x0000000800000000)
  region size 2048K, 17 young (34816K), 17 survivors (34816K)
 Metaspace       used 292972K, committed 297216K, reserved 1310720K
  class space    used 37058K, committed 38912K, reserved 1048576K
}
Event: 2452.414 GC heap before
{Heap before GC invocations=191 (full 0):
 garbage-first heap   total 1415168K, used 629018K [0x0000000700000000, 0x0000000800000000)
  region size 2048K, 34 young (69632K), 17 survivors (34816K)
 Metaspace       used 293140K, committed 297344K, reserved 1310720K
  class space    used 37079K, committed 38912K, reserved 1048576K
}
Event: 2452.437 GC heap after
{Heap after GC invocations=192 (full 0):
 garbage-first heap   total 1415168K, used 586442K [0x0000000700000000, 0x0000000800000000)
  region size 2048K, 3 young (6144K), 3 survivors (6144K)
 Metaspace       used 293140K, committed 297344K, reserved 1310720K
  class space    used 37079K, committed 38912K, reserved 1048576K
}
Event: 2454.088 GC heap before
{Heap before GC invocations=192 (full 0):
 garbage-first heap   total 1415168K, used 1217226K [0x0000000700000000, 0x0000000800000000)
  region size 2048K, 311 young (636928K), 3 survivors (6144K)
 Metaspace       used 305137K, committed 309312K, reserved 1376256K
  class space    used 39319K, committed 41024K, reserved 1048576K
}
Event: 2454.128 GC heap after
{Heap after GC invocations=193 (full 0):
 garbage-first heap   total 1415168K, used 650608K [0x0000000700000000, 0x0000000800000000)
  region size 2048K, 35 young (71680K), 35 survivors (71680K)
 Metaspace       used 305137K, committed 309312K, reserved 1376256K
  class space    used 39319K, committed 41024K, reserved 1048576K
}
Event: 2454.678 GC heap before
{Heap before GC invocations=193 (full 0):
 garbage-first heap   total 1415168K, used 968048K [0x0000000700000000, 0x0000000800000000)
  region size 2048K, 186 young (380928K), 35 survivors (71680K)
 Metaspace       used 309690K, committed 313856K, reserved 1376256K
  class space    used 40230K, committed 41984K, reserved 1048576K
}
Event: 2454.746 GC heap after
{Heap after GC invocations=194 (full 0):
 garbage-first heap   total 1415168K, used 721242K [0x0000000700000000, 0x0000000800000000)
  region size 2048K, 29 young (59392K), 29 survivors (59392K)
 Metaspace       used 309690K, committed 313856K, reserved 1376256K
  class space    used 40230K, committed 41984K, reserved 1048576K
}
Event: 2455.730 GC heap before
{Heap before GC invocations=195 (full 0):
 garbage-first heap   total 1433600K, used 1155418K [0x0000000700000000, 0x0000000800000000)
  region size 2048K, 238 young (487424K), 29 survivors (59392K)
 Metaspace       used 312930K, committed 317184K, reserved 1376256K
  class space    used 40817K, committed 42560K, reserved 1048576K
}
Event: 2455.762 GC heap after
{Heap after GC invocations=196 (full 0):
 garbage-first heap   total 1433600K, used 742400K [0x0000000700000000, 0x0000000800000000)
  region size 2048K, 14 young (28672K), 14 survivors (28672K)
 Metaspace       used 312930K, committed 317184K, reserved 1376256K
  class space    used 40817K, committed 42560K, reserved 1048576K
}
Event: 2455.823 GC heap before
{Heap before GC invocations=196 (full 0):
 garbage-first heap   total 1433600K, used 785408K [0x0000000700000000, 0x0000000800000000)
  region size 2048K, 35 young (71680K), 14 survivors (28672K)
 Metaspace       used 313063K, committed 317248K, reserved 1376256K
  class space    used 40850K, committed 42560K, reserved 1048576K
}
Event: 2455.847 GC heap after
{Heap after GC invocations=197 (full 0):
 garbage-first heap   total 1433600K, used 733314K [0x0000000700000000, 0x0000000800000000)
  region size 2048K, 3 young (6144K), 3 survivors (6144K)
 Metaspace       used 313063K, committed 317248K, reserved 1376256K
  class space    used 40850K, committed 42560K, reserved 1048576K
}
Event: 2456.534 GC heap before
{Heap before GC invocations=197 (full 0):
 garbage-first heap   total 1433600K, used 1179778K [0x0000000700000000, 0x0000000800000000)
  region size 2048K, 221 young (452608K), 3 survivors (6144K)
 Metaspace       used 315520K, committed 319744K, reserved 1376256K
  class space    used 41296K, committed 43008K, reserved 1048576K
}
Event: 2456.572 GC heap after
{Heap after GC invocations=198 (full 0):
 garbage-first heap   total 2539520K, used 739443K [0x0000000700000000, 0x0000000800000000)
  region size 2048K, 6 young (12288K), 6 survivors (12288K)
 Metaspace       used 315520K, committed 319744K, reserved 1376256K
  class space    used 41296K, committed 43008K, reserved 1048576K
}
Event: 2459.561 GC heap before
{Heap before GC invocations=198 (full 0):
 garbage-first heap   total 2539520K, used 2023539K [0x0000000700000000, 0x0000000800000000)
  region size 2048K, 634 young (1298432K), 6 survivors (12288K)
 Metaspace       used 317986K, committed 322176K, reserved 1376256K
  class space    used 41480K, committed 43200K, reserved 1048576K
}
Event: 2459.651 GC heap after
{Heap after GC invocations=199 (full 0):
 garbage-first heap   total 2539520K, used 770762K [0x0000000700000000, 0x0000000800000000)
  region size 2048K, 21 young (43008K), 21 survivors (43008K)
 Metaspace       used 317986K, committed 322176K, reserved 1376256K
  class space    used 41480K, committed 43200K, reserved 1048576K
}
Event: 2462.286 GC heap before
{Heap before GC invocations=199 (full 0):
 garbage-first heap   total 2539520K, used 2081482K [0x0000000700000000, 0x0000000800000000)
  region size 2048K, 661 young (1353728K), 21 survivors (43008K)
 Metaspace       used 318642K, committed 322880K, reserved 1376256K
  class space    used 41505K, committed 43264K, reserved 1048576K
}
Event: 2462.355 GC heap after
{Heap after GC invocations=200 (full 0):
 garbage-first heap   total 2539520K, used 787390K [0x0000000700000000, 0x0000000800000000)
  region size 2048K, 29 young (59392K), 29 survivors (59392K)
 Metaspace       used 318642K, committed 322880K, reserved 1376256K
  class space    used 41505K, committed 43264K, reserved 1048576K
}
Event: 2464.061 GC heap before
{Heap before GC invocations=200 (full 0):
 garbage-first heap   total 2539520K, used 2122686K [0x0000000700000000, 0x0000000800000000)
  region size 2048K, 681 young (1394688K), 29 survivors (59392K)
 Metaspace       used 318813K, committed 323072K, reserved 1376256K
  class space    used 41508K, committed 43264K, reserved 1048576K
}
Event: 2464.120 GC heap after
{Heap after GC invocations=201 (full 0):
 garbage-first heap   total 2539520K, used 795588K [0x0000000700000000, 0x0000000800000000)
  region size 2048K, 33 young (67584K), 33 survivors (67584K)
 Metaspace       used 318813K, committed 323072K, reserved 1376256K
  class space    used 41508K, committed 43264K, reserved 1048576K
}

Dll operation events (3 events):
Event: 0.010 Loaded shared library C:\Program Files\Android\Android Studio\jbr\bin\java.dll
Event: 0.119 Loaded shared library C:\Program Files\Android\Android Studio\jbr\bin\zip.dll
Event: 0.370 Loaded shared library C:\Program Files\Android\Android Studio\jbr\bin\verify.dll

Deoptimization events (20 events):
Event: 2464.250 Thread 0x0000018cc04848c0 DEOPT PACKING pc=0x0000018ca0a44b84 sp=0x000000699abf6740
Event: 2464.251 Thread 0x0000018cc04848c0 DEOPT UNPACKING pc=0x0000018ca0f67143 sp=0x000000699abf5e50 mode 0
Event: 2464.257 Thread 0x0000018cc04848c0 DEOPT PACKING pc=0x0000018ca0168f87 sp=0x000000699abf6620
Event: 2464.257 Thread 0x0000018cc04848c0 DEOPT UNPACKING pc=0x0000018ca0f67143 sp=0x000000699abf5e70 mode 0
Event: 2464.287 Thread 0x0000018cbabcaec0 DEOPT PACKING pc=0x0000018ca0a4467e sp=0x000000699fff9210
Event: 2464.287 Thread 0x0000018cbabcaec0 DEOPT UNPACKING pc=0x0000018ca0f67143 sp=0x000000699fff8928 mode 0
Event: 2464.304 Thread 0x0000018cc8fef8c0 DEOPT PACKING pc=0x0000018ca0168f87 sp=0x000000699ecf8ef0
Event: 2464.304 Thread 0x0000018cc8fef8c0 DEOPT UNPACKING pc=0x0000018ca0f67143 sp=0x000000699ecf8740 mode 0
Event: 2464.318 Thread 0x0000018cc8fef8c0 DEOPT PACKING pc=0x0000018ca0168f87 sp=0x000000699ecf8ef0
Event: 2464.318 Thread 0x0000018cc8fef8c0 DEOPT UNPACKING pc=0x0000018ca0f67143 sp=0x000000699ecf8740 mode 0
Event: 2464.319 Thread 0x0000018cc802cf80 DEOPT PACKING pc=0x0000018ca0a44b84 sp=0x00000069a04f96b0
Event: 2464.319 Thread 0x0000018cc802cf80 DEOPT UNPACKING pc=0x0000018ca0f67143 sp=0x00000069a04f8dc0 mode 0
Event: 2464.331 Thread 0x0000018cc8fef3b0 DEOPT PACKING pc=0x0000018ca0168f87 sp=0x000000699f1f9430
Event: 2464.331 Thread 0x0000018cc8fef3b0 DEOPT UNPACKING pc=0x0000018ca0f67143 sp=0x000000699f1f8c80 mode 0
Event: 2464.368 Thread 0x0000018cc802cf80 DEOPT PACKING pc=0x0000018ca0a4467e sp=0x00000069a04f96b0
Event: 2464.368 Thread 0x0000018cc802cf80 DEOPT UNPACKING pc=0x0000018ca0f67143 sp=0x00000069a04f8dc8 mode 0
Event: 2464.386 Thread 0x0000018cbabcaec0 DEOPT PACKING pc=0x0000018ca0168b16 sp=0x000000699fff8c90
Event: 2464.386 Thread 0x0000018cbabcaec0 DEOPT UNPACKING pc=0x0000018ca0f67143 sp=0x000000699fff84e8 mode 0
Event: 2464.392 Thread 0x0000018cc01d6120 DEOPT PACKING pc=0x0000018ca0a166de sp=0x00000069a09f9b10
Event: 2464.392 Thread 0x0000018cc01d6120 DEOPT UNPACKING pc=0x0000018ca0f67143 sp=0x00000069a09f9018 mode 0

Classes unloaded (20 events):
Event: 2450.732 Thread 0x0000018cb53ce900 Unloading class 0x00000008025fef48 'jdk/internal/jimage/BasicImageReader$1'
Event: 2450.732 Thread 0x0000018cb53ce900 Unloading class 0x00000008025fecb8 'jdk/internal/jimage/ImageReader$Resource'
Event: 2450.732 Thread 0x0000018cb53ce900 Unloading class 0x00000008025fea28 'jdk/internal/jimage/ImageReader$LinkNode'
Event: 2450.732 Thread 0x0000018cb53ce900 Unloading class 0x00000008025fe798 'jdk/internal/jimage/ImageReader$Directory'
Event: 2450.732 Thread 0x0000018cb53ce900 Unloading class 0x00000008025fe508 'jdk/internal/jimage/ImageReader$Node'
Event: 2450.732 Thread 0x0000018cb53ce900 Unloading class 0x00000008025fe2e8 'jdk/internal/jimage/ImageStrings'
Event: 2450.732 Thread 0x0000018cb53ce900 Unloading class 0x00000008025fe000 'jdk/internal/jimage/ImageReader$SharedImageReader'
Event: 2450.732 Thread 0x0000018cb53ce900 Unloading class 0x00000008025fdb90 'jdk/internal/jimage/BasicImageReader'
Event: 2450.732 Thread 0x0000018cb53ce900 Unloading class 0x00000008025fd948 'jdk/internal/jimage/ImageReader'
Event: 2450.732 Thread 0x0000018cb53ce900 Unloading class 0x00000008025fd6f8 'jdk/internal/jrtfs/SystemImage$2'
Event: 2450.732 Thread 0x0000018cb53ce900 Unloading class 0x00000008025fd4b8 'jdk/internal/jrtfs/SystemImage$$Lambda$3815+0x00000008025fd4b8'
Event: 2450.732 Thread 0x0000018cb53ce900 Unloading class 0x00000008025fd260 'jdk/internal/jrtfs/ExplodedImage'
Event: 2450.732 Thread 0x0000018cb53ce900 Unloading class 0x00000008025fd000 'jdk/internal/jrtfs/SystemImage$1'
Event: 2450.732 Thread 0x0000018cb53ce900 Unloading class 0x00000008025fcc50 'jdk/internal/jrtfs/SystemImage'
Event: 2450.732 Thread 0x0000018cb53ce900 Unloading class 0x00000008025fc9c8 'jdk/internal/jrtfs/JrtFileStore'
Event: 2450.732 Thread 0x0000018cb53ce900 Unloading class 0x00000008025fc628 'jdk/internal/jrtfs/JrtPath'
Event: 2450.732 Thread 0x0000018cb53ce900 Unloading class 0x00000008025fc308 'jdk/internal/jrtfs/JrtFileSystem'
Event: 2450.732 Thread 0x0000018cb53ce900 Unloading class 0x00000008025fc000 'jdk/internal/jrtfs/JrtFileSystemProvider'
Event: 2450.732 Thread 0x0000018cb53ce900 Unloading class 0x00000008025f4400 'jdk/internal/reflect/GeneratedSerializationConstructorAccessor204'
Event: 2450.732 Thread 0x0000018cb53ce900 Unloading class 0x00000008025eb000 'jdk/internal/reflect/GeneratedSerializationConstructorAccessor203'

Classes redefined (0 events):
No events

Internal exceptions (20 events):
Event: 2462.616 Thread 0x0000018cc802cf80 Exception <a 'sun/nio/fs/WindowsException'{0x000000078fa43450}> (0x000000078fa43450) 
thrown [s\src\hotspot\share\prims\jni.cpp, line 517]
Event: 2462.701 Thread 0x0000018cc802cf80 Exception <a 'sun/nio/fs/WindowsException'{0x000000078c8c80c0}> (0x000000078c8c80c0) 
thrown [s\src\hotspot\share\prims\jni.cpp, line 517]
Event: 2462.886 Thread 0x0000018cc802bb40 Implicit null exception at 0x0000018ca4183819 to 0x0000018ca4183f7e
Event: 2462.990 Thread 0x0000018cc802bb40 Exception <a 'sun/nio/fs/WindowsException'{0x00000007830ff9b8}> (0x00000007830ff9b8) 
thrown [s\src\hotspot\share\prims\jni.cpp, line 517]
Event: 2463.153 Thread 0x0000018cc802bb40 Exception <a 'sun/nio/fs/WindowsException'{0x000000077c756408}> (0x000000077c756408) 
thrown [s\src\hotspot\share\prims\jni.cpp, line 517]
Event: 2463.471 Thread 0x0000018cbabccd20 Exception <a 'sun/nio/fs/WindowsException'{0x000000076cbead80}> (0x000000076cbead80) 
thrown [s\src\hotspot\share\prims\jni.cpp, line 517]
Event: 2463.550 Thread 0x0000018cc8fef3b0 Implicit null exception at 0x0000018ca41b74a0 to 0x0000018ca41bce68
Event: 2463.627 Thread 0x0000018cbabccd20 Exception <a 'sun/nio/fs/WindowsException'{0x0000000761da0758}> (0x0000000761da0758) 
thrown [s\src\hotspot\share\prims\jni.cpp, line 517]
Event: 2463.636 Thread 0x0000018cbabccd20 Exception <a 'sun/nio/fs/WindowsException'{0x00000007617ffbf0}> (0x00000007617ffbf0) 
thrown [s\src\hotspot\share\prims\jni.cpp, line 517]
Event: 2463.754 Thread 0x0000018cc8ff02e0 Exception <a 'sun/nio/fs/WindowsException'{0x000000075c7b7998}> (0x000000075c7b7998) 
thrown [s\src\hotspot\share\prims\jni.cpp, line 517]
Event: 2463.754 Thread 0x0000018cc802bb40 Exception <a 'sun/nio/fs/WindowsException'{0x000000075c882ae8}> (0x000000075c882ae8) 
thrown [s\src\hotspot\share\prims\jni.cpp, line 517]
Event: 2463.793 Thread 0x0000018cc8ff02e0 Exception <a 'sun/nio/fs/WindowsException'{0x0000000758bd41b0}> (0x0000000758bd41b0) 
thrown [s\src\hotspot\share\prims\jni.cpp, line 517]
Event: 2463.796 Thread 0x0000018cbabccd20 Exception <a 'sun/nio/fs/WindowsException'{0x00000007587559d8}> (0x00000007587559d8) 
thrown [s\src\hotspot\share\prims\jni.cpp, line 517]
Event: 2463.797 Thread 0x0000018cc8fed040 Exception <a 'sun/nio/fs/WindowsException'{0x00000007584067d8}> (0x00000007584067d8) 
thrown [s\src\hotspot\share\prims\jni.cpp, line 517]
Event: 2463.883 Thread 0x0000018cbabccd20 Exception <a 'sun/nio/fs/WindowsException'{0x0000000752530b40}> (0x0000000752530b40) 
thrown [s\src\hotspot\share\prims\jni.cpp, line 517]
Event: 2464.189 Thread 0x0000018cbabccd20 Exception <a 'sun/nio/fs/WindowsException'{0x0000000797f1d038}> (0x0000000797f1d038) 
thrown [s\src\hotspot\share\prims\jni.cpp, line 517]
Event: 2464.211 Thread 0x0000018cc8ff02e0 Exception <a 'sun/nio/fs/WindowsException'{0x0000000796a2a488}> (0x0000000796a2a488) 
thrown [s\src\hotspot\share\prims\jni.cpp, line 517]
Event: 2464.297 Thread 0x0000018cc64d8ae0 Exception <a 'sun/nio/fs/WindowsException'{0x00000007931cc6d8}> (0x00000007931cc6d8) 
thrown [s\src\hotspot\share\prims\jni.cpp, line 517]
Event: 2464.359 Thread 0x0000018cc64d8ae0 Exception <a 'sun/nio/fs/WindowsException'{0x000000078e8bb640}> (0x000000078e8bb640) 
thrown [s\src\hotspot\share\prims\jni.cpp, line 517]
Event: 2464.382 Thread 0x0000018cc64d8ae0 Exception <a 'sun/nio/fs/WindowsException'{0x000000078d246740}> (0x000000078d246740) 
thrown [s\src\hotspot\share\prims\jni.cpp, line 517]

VM Operations (20 events):
Event: 2459.560 Executing VM operation: G1CollectForAllocation
Event: 2459.654 Executing VM operation: G1CollectForAllocation done
Event: 2460.132 Executing VM operation: ICBufferFull
Event: 2460.145 Executing VM operation: ICBufferFull done
Event: 2460.602 Executing VM operation: HandshakeAllThreads
Event: 2460.679 Executing VM operation: HandshakeAllThreads done
Event: 2460.848 Executing VM operation: ICBufferFull
Event: 2460.900 Executing VM operation: ICBufferFull done
Event: 2461.328 Executing VM operation: ICBufferFull
Event: 2461.464 Executing VM operation: ICBufferFull done
Event: 2462.142 Executing VM operation: ICBufferFull
Event: 2462.189 Executing VM operation: ICBufferFull done
Event: 2462.281 Executing VM operation: G1CollectForAllocation
Event: 2462.361 Executing VM operation: G1CollectForAllocation done
Event: 2463.366 Executing VM operation: Cleanup
Event: 2463.415 Executing VM operation: Cleanup done
Event: 2464.058 Executing VM operation: G1CollectForAllocation
Event: 2464.129 Executing VM operation: G1CollectForAllocation done
Event: 2464.310 Executing VM operation: HandshakeAllThreads
Event: 2464.324 Executing VM operation: HandshakeAllThreads done

Events (20 events):
Event: 2461.025 Thread 0x0000018cb55bd2a0 flushing nmethod 0x0000018c9ff44590
Event: 2461.025 Thread 0x0000018cb55bd2a0 flushing nmethod 0x0000018c9ff58190
Event: 2461.025 Thread 0x0000018cb55bd2a0 flushing nmethod 0x0000018c9ff62710
Event: 2461.025 Thread 0x0000018cb55bd2a0 flushing nmethod 0x0000018c9ff66890
Event: 2461.025 Thread 0x0000018cb55bd2a0 flushing nmethod 0x0000018c9ff69c10
Event: 2461.026 Thread 0x0000018cb55bd2a0 flushing nmethod 0x0000018c9ffa2590
Event: 2461.026 Thread 0x0000018cb55bd2a0 flushing nmethod 0x0000018c9ffa5f10
Event: 2461.026 Thread 0x0000018cb55bd2a0 flushing nmethod 0x0000018c9ffa8b90
Event: 2461.026 Thread 0x0000018cb55bd2a0 flushing nmethod 0x0000018c9ffac710
Event: 2461.026 Thread 0x0000018cb55bd2a0 flushing nmethod 0x0000018c9ffb0590
Event: 2461.026 Thread 0x0000018cb55bd2a0 flushing nmethod 0x0000018c9ffb0f10
Event: 2461.026 Thread 0x0000018cb55bd2a0 flushing nmethod 0x0000018c9ffb1a90
Event: 2464.345 Thread 0x0000018cb55bd2a0 flushing nmethod 0x0000018ca1ded210
Event: 2464.371 Thread 0x0000018cb55bd2a0 flushing nmethod 0x0000018ca2e22b90
Event: 2464.373 Thread 0x0000018cb55bd2a0 flushing nmethod 0x0000018ca2f07c10
Event: 2464.383 Thread 0x0000018cb55bd2a0 flushing nmethod 0x0000018ca35be610
Event: 2464.388 Thread 0x0000018cb55bd2a0 flushing nmethod 0x0000018ca39e4a90
Event: 2464.392 Thread 0x0000018cb55bd2a0 flushing nmethod 0x0000018ca3c30c90
Event: 2464.396 Thread 0x0000018cb55bd2a0 flushing nmethod 0x0000018ca4042f90
Event: 2464.397 Thread 0x0000018cb55bd2a0 flushing nmethod 0x0000018ca408ca90


Dynamic libraries:
0x00007ff6b85f0000 - 0x00007ff6b85fa000 	C:\Program Files\Android\Android Studio\jbr\bin\java.exe
0x00007ff8108f0000 - 0x00007ff810b07000 	C:\Windows\SYSTEM32\ntdll.dll
0x00007ff8107d0000 - 0x00007ff810894000 	C:\Windows\System32\KERNEL32.DLL
0x00007ff80e200000 - 0x00007ff80e5ad000 	C:\Windows\System32\KERNELBASE.dll
0x00007ff80dfc0000 - 0x00007ff80e0d1000 	C:\Windows\System32\ucrtbase.dll
0x00007fffe1a40000 - 0x00007fffe1a57000 	C:\Program Files\Android\Android Studio\jbr\bin\jli.dll
0x00007fffd76f0000 - 0x00007fffd770b000 	C:\Program Files\Android\Android Studio\jbr\bin\VCRUNTIME140.dll
0x00007ff80f440000 - 0x00007ff80f5ee000 	C:\Windows\System32\USER32.dll
0x00007ffff9470000 - 0x00007ffff9703000 	C:\Windows\WinSxS\amd64_microsoft.windows.common-controls_6595b64144ccf1df_6.0.22621.3672_none_2713b9d173822955\COMCTL32.dll
0x00007ff80dc10000 - 0x00007ff80dc36000 	C:\Windows\System32\win32u.dll
0x00007ff80fc60000 - 0x00007ff80fd07000 	C:\Windows\System32\msvcrt.dll
0x00007ff80fd90000 - 0x00007ff80fdb9000 	C:\Windows\System32\GDI32.dll
0x00007ff80e0e0000 - 0x00007ff80e1f9000 	C:\Windows\System32\gdi32full.dll
0x00007ff80dea0000 - 0x00007ff80df3a000 	C:\Windows\System32\msvcp_win.dll
0x00007ff80f5f0000 - 0x00007ff80f621000 	C:\Windows\System32\IMM32.DLL
0x00007ff807bd0000 - 0x00007ff807bdc000 	C:\Program Files\Android\Android Studio\jbr\bin\vcruntime140_1.dll
0x00007fffc4840000 - 0x00007fffc48cd000 	C:\Program Files\Android\Android Studio\jbr\bin\msvcp140.dll
0x00007fff5b620000 - 0x00007fff5c2a3000 	C:\Program Files\Android\Android Studio\jbr\bin\server\jvm.dll
0x00007ff80e620000 - 0x00007ff80e6d2000 	C:\Windows\System32\ADVAPI32.dll
0x00007ff8104e0000 - 0x00007ff810589000 	C:\Windows\System32\sechost.dll
0x00007ff80ddb0000 - 0x00007ff80ddd8000 	C:\Windows\System32\bcrypt.dll
0x00007ff80f6e0000 - 0x00007ff80f7f4000 	C:\Windows\System32\RPCRT4.dll
0x00007ff808690000 - 0x00007ff8086c4000 	C:\Windows\SYSTEM32\WINMM.dll
0x00007ff805720000 - 0x00007ff805729000 	C:\Windows\SYSTEM32\WSOCK32.dll
0x00007ff80ca80000 - 0x00007ff80cacd000 	C:\Windows\SYSTEM32\POWRPROF.dll
0x00007ff80fd10000 - 0x00007ff80fd81000 	C:\Windows\System32\WS2_32.dll
0x00007ff808650000 - 0x00007ff80865a000 	C:\Windows\SYSTEM32\VERSION.dll
0x00007ff80ca60000 - 0x00007ff80ca73000 	C:\Windows\SYSTEM32\UMPDC.dll
0x00007ff80cd20000 - 0x00007ff80cd38000 	C:\Windows\SYSTEM32\kernel.appcore.dll
0x00007fffe4190000 - 0x00007fffe419a000 	C:\Program Files\Android\Android Studio\jbr\bin\jimage.dll
0x00007ff806230000 - 0x00007ff806462000 	C:\Windows\SYSTEM32\DBGHELP.DLL
0x00007ff80efb0000 - 0x00007ff80f33e000 	C:\Windows\System32\combase.dll
0x00007ff80ff20000 - 0x00007ff80fff7000 	C:\Windows\System32\OLEAUT32.dll
0x00007ff803980000 - 0x00007ff8039b2000 	C:\Windows\SYSTEM32\dbgcore.DLL
0x00007ff80df40000 - 0x00007ff80dfbb000 	C:\Windows\System32\bcryptPrimitives.dll
0x00007ff802d60000 - 0x00007ff802d6e000 	C:\Program Files\Android\Android Studio\jbr\bin\instrument.dll
0x00007fffcbb40000 - 0x00007fffcbb65000 	C:\Program Files\Android\Android Studio\jbr\bin\java.dll
0x00007fffce320000 - 0x00007fffce338000 	C:\Program Files\Android\Android Studio\jbr\bin\zip.dll
0x00007ff80e6e0000 - 0x00007ff80ef47000 	C:\Windows\System32\SHELL32.dll
0x00007ff80bb50000 - 0x00007ff80c44f000 	C:\Windows\SYSTEM32\windows.storage.dll
0x00007ff80ba10000 - 0x00007ff80bb4f000 	C:\Windows\SYSTEM32\wintypes.dll
0x00007ff80fe20000 - 0x00007ff80ff19000 	C:\Windows\System32\SHCORE.dll
0x00007ff80ef50000 - 0x00007ff80efae000 	C:\Windows\System32\shlwapi.dll
0x00007ff80db40000 - 0x00007ff80db67000 	C:\Windows\SYSTEM32\profapi.dll
0x00007fffccfa0000 - 0x00007fffccfb9000 	C:\Program Files\Android\Android Studio\jbr\bin\net.dll
0x00007ff809850000 - 0x00007ff809986000 	C:\Windows\SYSTEM32\WINHTTP.dll
0x00007ff80d190000 - 0x00007ff80d1f9000 	C:\Windows\system32\mswsock.dll
0x00007fffc8a70000 - 0x00007fffc8a86000 	C:\Program Files\Android\Android Studio\jbr\bin\nio.dll
0x00007fffe3e00000 - 0x00007fffe3e10000 	C:\Program Files\Android\Android Studio\jbr\bin\verify.dll
0x00007fffc84d0000 - 0x00007fffc84f7000 	C:\Users\zamal\.gradle\native\c067742578af261105cb4f569cf0c3c89f3d7b1fecec35dd04571415982c5e48\windows-amd64\native-platform.dll
0x00007fffc02a0000 - 0x00007fffc03e4000 	C:\Users\zamal\.gradle\native\38dada09dfb8b06ba9b0570ebf7e218e3eb74d4ef43ca46872605cf95ebc2f47\windows-amd64\native-platform-file-events.dll
0x00007fffe3cc0000 - 0x00007fffe3cc9000 	C:\Program Files\Android\Android Studio\jbr\bin\management.dll
0x00007fffe38f0000 - 0x00007fffe38fb000 	C:\Program Files\Android\Android Studio\jbr\bin\management_ext.dll
0x00007ff810590000 - 0x00007ff810598000 	C:\Windows\System32\PSAPI.DLL
0x00007ff80d400000 - 0x00007ff80d41b000 	C:\Windows\SYSTEM32\CRYPTSP.dll
0x00007ff80cc70000 - 0x00007ff80cca5000 	C:\Windows\system32\rsaenh.dll
0x00007ff80d290000 - 0x00007ff80d2b8000 	C:\Windows\SYSTEM32\USERENV.dll
0x00007ff80d3f0000 - 0x00007ff80d3fc000 	C:\Windows\SYSTEM32\CRYPTBASE.dll
0x00007ff80c720000 - 0x00007ff80c74d000 	C:\Windows\SYSTEM32\IPHLPAPI.DLL
0x00007ff80f960000 - 0x00007ff80f969000 	C:\Windows\System32\NSI.dll
0x00007ff809780000 - 0x00007ff809799000 	C:\Windows\SYSTEM32\dhcpcsvc6.DLL
0x00007ff809760000 - 0x00007ff80977f000 	C:\Windows\SYSTEM32\dhcpcsvc.DLL
0x00007ff80c790000 - 0x00007ff80c888000 	C:\Windows\SYSTEM32\DNSAPI.dll
0x00007fffe3090000 - 0x00007fffe3099000 	C:\Program Files\Android\Android Studio\jbr\bin\extnet.dll
0x00007ffff78b0000 - 0x00007ffff78b8000 	C:\Windows\system32\wshunix.dll
0x00007ff809400000 - 0x00007ff80940a000 	C:\Windows\System32\rasadhlp.dll
0x00007ff8088c0000 - 0x00007ff808943000 	C:\Windows\System32\fwpuclnt.dll
0x00007ffff6e50000 - 0x00007ffff6e67000 	C:\Windows\system32\napinsp.dll
0x00007fffe6690000 - 0x00007fffe66ab000 	C:\Windows\system32\pnrpnsp.dll
0x00007fffe3de0000 - 0x00007fffe3df1000 	C:\Windows\System32\winrnr.dll
0x00007ff807b40000 - 0x00007ff807b55000 	C:\Windows\system32\wshbth.dll
0x00007fffcf650000 - 0x00007fffcf677000 	C:\Windows\system32\nlansp_c.dll
0x00007ff80ce30000 - 0x00007ff80ce64000 	C:\Windows\SYSTEM32\ntmarta.dll
0x00007ff805f30000 - 0x00007ff805fc7000 	C:\Windows\system32\apphelp.dll
0x00007ffff4e00000 - 0x00007ffff4e1e000 	C:\Users\zamal\AppData\Local\Temp\native-platform13433562975242214045dir\native-platform.dll
0x00007fffe2080000 - 0x00007fffe2087000 	C:\Program Files\Android\Android Studio\jbr\bin\rmi.dll

dbghelp: loaded successfully - version: 4.0.5 - missing functions: none
symbol engine: initialized successfully - sym options: 0x614 - pdb path: .;C:\Program Files\Android\Android Studio\jbr\bin;C:\Windows\SYSTEM32;C:\Windows\WinSxS\amd64_microsoft.windows.common-controls_6595b64144ccf1df_6.0.22621.3672_none_2713b9d173822955;C:\Program Files\Android\Android Studio\jbr\bin\server;C:\Users\zamal\.gradle\native\c067742578af261105cb4f569cf0c3c89f3d7b1fecec35dd04571415982c5e48\windows-amd64;C:\Users\zamal\.gradle\native\38dada09dfb8b06ba9b0570ebf7e218e3eb74d4ef43ca46872605cf95ebc2f47\windows-amd64;C:\Users\zamal\AppData\Local\Temp\native-platform13433562975242214045dir

VM Arguments:
jvm_args: --add-opens=java.base/java.util=ALL-UNNAMED --add-opens=java.base/java.lang=ALL-UNNAMED --add-opens=java.base/java.lang.invoke=ALL-UNNAMED --add-opens=java.prefs/java.util.prefs=ALL-UNNAMED --add-opens=java.base/java.nio.charset=ALL-UNNAMED --add-opens=java.base/java.net=ALL-UNNAMED --add-opens=java.base/java.util.concurrent.atomic=ALL-UNNAMED -Xmx4G -Dfile.encoding=windows-1252 -Duser.country=US -Duser.language=en -Duser.variant -javaagent:C:\Users\zamal\.gradle\wrapper\dists\gradle-8.7-all\aan3ydargesu18aqyqjwhr3pc\gradle-8.7\lib\agents\gradle-instrumentation-agent-8.7.jar 
java_command: org.gradle.launcher.daemon.bootstrap.GradleDaemon 8.7
java_class_path (initial): C:\Users\zamal\.gradle\wrapper\dists\gradle-8.7-all\aan3ydargesu18aqyqjwhr3pc\gradle-8.7\lib\gradle-launcher-8.7.jar
Launcher Type: SUN_STANDARD

[Global flags]
     intx CICompilerCount                          = 4                                         {product} {ergonomic}
     uint ConcGCThreads                            = 3                                         {product} {ergonomic}
     uint G1ConcRefinementThreads                  = 10                                        {product} {ergonomic}
   size_t G1HeapRegionSize                         = 2097152                                   {product} {ergonomic}
    uintx GCDrainStackTargetSize                   = 64                                        {product} {ergonomic}
   size_t InitialHeapSize                          = 257949696                                 {product} {ergonomic}
   size_t MarkStackSize                            = 4194304                                   {product} {ergonomic}
   size_t MaxHeapSize                              = 4294967296                                {product} {command line}
   size_t MaxNewSize                               = 2575302656                                {product} {ergonomic}
   size_t MinHeapDeltaBytes                        = 2097152                                   {product} {ergonomic}
   size_t MinHeapSize                              = 8388608                                   {product} {ergonomic}
    uintx NonNMethodCodeHeapSize                   = 5839372                                {pd product} {ergonomic}
    uintx NonProfiledCodeHeapSize                  = 122909434                              {pd product} {ergonomic}
    uintx ProfiledCodeHeapSize                     = 122909434                              {pd product} {ergonomic}
    uintx ReservedCodeCacheSize                    = 251658240                              {pd product} {ergonomic}
     bool SegmentedCodeCache                       = true                                      {product} {ergonomic}
   size_t SoftMaxHeapSize                          = 4294967296                             {manageable} {ergonomic}
     bool UseCompressedClassPointers               = true                           {product lp64_product} {ergonomic}
     bool UseCompressedOops                        = true                           {product lp64_product} {ergonomic}
     bool UseG1GC                                  = true                                      {product} {ergonomic}
     bool UseLargePagesIndividualAllocation        = false                                  {pd product} {ergonomic}

Logging:
Log output configuration:
 #0: stdout all=warning uptime,level,tags
 #1: stderr all=off uptime,level,tags

Environment Variables:
JAVA_HOME=C:\Program Files\Android\Android Studio\jbr
CLASSPATH=C:\Users\zamal\Documents\mobileabsensi\android\\gradle\wrapper\gradle-wrapper.jar
PATH=C:\Program Files\Android\Android Studio\jbr\bin;C:\Users\zamal\Documents\flutter\bin\;C:\Program Files\Common Files\Oracle\Java\javapath;C:\Program Files (x86)\Common Files\Oracle\Java\java8path;C:\Program Files (x86)\Common Files\Oracle\Java\javapath;c:\Users\zamal\AppData\Local\Programs\cursor\resources\app\bin;C:\Windows\system32;C:\Windows;C:\Windows\System32\Wbem;C:\Windows\System32\WindowsPowerShell\v1.0\;C:\Windows\System32\OpenSSH\;C:\Program Files (x86)\NVIDIA Corporation\PhysX\Common;C:\Program Files\NVIDIA Corporation\NVIDIA NvDLISR;C:\Program Files\dotnet\;C:\Program Files\PuTTY\;C:\Users\zamal\Documents\flutter\bin;C:\Program Files (x86)\Windows Kits\10\Windows Performance Toolkit\;C:\ProgramData\ComposerSetup\bin;C:\Program Files\Git\bin;C:\Users\zamal\AppData\Local\Microsoft\WindowsApps;C:\Program Files (x86)\Nmap;C:\Users\zamal\AppData\Roaming\Composer\vendor\bin;C:\Program Files\Git\bin;c:\Users\zamal\AppData\Local\Programs\cursor\resources\app\bin;;C:\Program Files\Docker\Docker\resources\bin;C:\laragon\bin;C:\laragon\bin\apache\httpd-2.4.54-win64-VS16\bin;C:\laragon\bin\composer;C:\laragon\bin\git\bin;C:\laragon\bin\git\cmd;C:\laragon\bin\git\mingw64\bin;C:\laragon\bin\git\usr\bin;C:\laragon\bin\laragon\utils;C:\laragon\bin\mysql\mariadb-11.3.2-winx64\bin;C:\laragon\bin\nginx\nginx-1.22.0;C:\laragon\bin\ngrok;C:\laragon\bin\nodejs\node-v18;C:\laragon\bin\notepad++;C:\laragon\bin\python\python-3.10;C:\laragon\bin\python\python-3.10\Scripts;C:\laragon\bin\redis\redis-x64-5.0.14.1;C:\laragon\bin\telnet;C:\laragon\usr\bin;C:\Users\zamal\AppData\Local\Yarn\config\global\node_modules\.bin;C:\Users\zamal\AppData\Roaming\Composer\vendor\bin;C:\Users\zamal\AppData\Roaming\npm;C:\Users\zamal\AppData\Local\Microsoft\WindowsApps;C:\Users\zamal\AppData\Local\Programs\Microsoft VS Code\bin;C:\Program Files (x86)\Nmap;C:\Program Files\Git\bin;C:\Program Files\Java\jdk-1.8\bin;C:\laragon\bin\php\php-8.2.19-nts-Win32-vs16-x64;C:\laragon\bin\php\php-7.4.9-nts-Win
USERNAME=zamal
LANG=en_US.UTF-8
OS=Windows_NT
PROCESSOR_IDENTIFIER=AMD64 Family 25 Model 68 Stepping 1, AuthenticAMD
TMP=C:\Users\zamal\AppData\Local\Temp
TEMP=C:\Users\zamal\AppData\Local\Temp



Periodic native trim disabled

JNI global refs:
JNI global refs: 30, weak refs: 320

JNI global refs memory usage: 843, weak refs: 4001

OOME stack traces (most recent first):
Classloader memory used:
Loader org.gradle.internal.classloader.VisitableURLClassLoader                         : 15371K
Loader org.gradle.internal.classloader.VisitableURLClassLoader$InstrumentingVisitableURLClassLoader: 14645K
Loader bootstrap                                                                       : 4391K
Loader org.gradle.initialization.MixInLegacyTypesClassLoader                           : 2086K
Loader jdk.internal.loader.ClassLoaders$AppClassLoader                                 : 1372K
Loader org.gradle.groovy.scripts.internal.DefaultScriptCompilationHandler$ScriptClassLoader: 981K
Loader jdk.internal.reflect.DelegatingClassLoader                                      : 757K
Loader jdk.internal.loader.ClassLoaders$PlatformClassLoader                            : 138K
Loader jdk.internal.jrtfs.JrtFileSystemProvider$JrtFsLoader                            : 42462B
Loader org.codehaus.groovy.runtime.callsite.CallSiteClassLoader                        : 41157B
Loader org.gradle.internal.classloader.VisitableURLClassLoader                         : 29367B
Loader sun.reflect.misc.MethodUtil                                                     : 373B

Classes loaded by more than one classloader:
Class Program                                                                         : loaded 9 times (x 70B)
Class build_8yq37ba0jgwfg48ua4q2jjze0                                                 : loaded 8 times (x 178B)
Class build_5ahdgogzitxgycuo2evjfhsso$_run_closure1                                   : loaded 8 times (x 137B)
Class build_5ahdgogzitxgycuo2evjfhsso                                                 : loaded 8 times (x 178B)
Class build_8yq37ba0jgwfg48ua4q2jjze0$_run_closure1                                   : loaded 8 times (x 138B)
Class build_cnfogn0qywn70loh19mre7iqd$_run_closure1$_closure3                         : loaded 6 times (x 137B)
Class build_cnfogn0qywn70loh19mre7iqd$_run_closure1                                   : loaded 6 times (x 137B)
Class build_u5f6y0k17qp529v99pa5n33$_run_closure1                                     : loaded 6 times (x 137B)
Class build_aipth69ywdin29xezh1tavcwn                                                 : loaded 6 times (x 178B)
Class build_cjd3bfrskq9797yhl2oftvb63                                                 : loaded 6 times (x 178B)
Class build_565ch7mz4n72dbe65wikx9t1w$_run_closure1$_closure3                         : loaded 6 times (x 137B)
Class build_138pfz6ei4lkrmtrvk69m2uwm$_run_closure1                                   : loaded 6 times (x 137B)
Class build_ev1oh8tcdtroiltg2mfbhyrv7                                                 : loaded 6 times (x 178B)
Class build_4quaanxj64ir3d0wuv42kbv6m                                                 : loaded 6 times (x 178B)
Class build_68i0zy58tqaqlpfp5jmiax7uv$_run_closure1                                   : loaded 6 times (x 137B)
Class build_4x7ikw5xw2sticfin95cnsw2z$_run_closure1                                   : loaded 6 times (x 137B)
Class build_6v6kivhfm18htk91qd1keqb0h$_run_closure1$_closure3                         : loaded 6 times (x 137B)
Class build_8enq97yumiamysoqjrrl4vyyu$_run_closure1$_closure3                         : loaded 6 times (x 137B)
Class build_8enq97yumiamysoqjrrl4vyyu$_run_closure1                                   : loaded 6 times (x 137B)
Class build_4quaanxj64ir3d0wuv42kbv6m$_run_closure1$_closure3                         : loaded 6 times (x 137B)
Class build_5rlg475yulc2fxu2kr3j1joim                                                 : loaded 6 times (x 178B)
Class build_cjd3bfrskq9797yhl2oftvb63$_run_closure1$_closure3                         : loaded 6 times (x 137B)
Class build_138pfz6ei4lkrmtrvk69m2uwm                                                 : loaded 6 times (x 178B)
Class build_5rlg475yulc2fxu2kr3j1joim$_run_closure1                                   : loaded 6 times (x 137B)
Class build_b0cunsp34qrg8bxaril4ld3ev                                                 : loaded 6 times (x 179B)
Class build_cjd3bfrskq9797yhl2oftvb63$_run_closure1                                   : loaded 6 times (x 137B)
Class build_76zswgdv84dfuch5vtsglpx8q$_run_closure1                                   : loaded 6 times (x 137B)
Class build_3u0fqana7857dhi5jizmoehps$_run_closure1$_closure3                         : loaded 6 times (x 137B)
Class build_3mxquq13tb1gvpil77xaaa076                                                 : loaded 6 times (x 178B)
Class build_3u0fqana7857dhi5jizmoehps$_run_closure1                                   : loaded 6 times (x 137B)
Class build_6v6kivhfm18htk91qd1keqb0h$_run_closure1                                   : loaded 6 times (x 137B)
Class build_ckovybfz7owe7bdhmyehogj2r                                                 : loaded 6 times (x 178B)
Class build_138pfz6ei4lkrmtrvk69m2uwm$_run_closure1$_closure3                         : loaded 6 times (x 137B)
Class build_ckovybfz7owe7bdhmyehogj2r$_run_closure1                                   : loaded 6 times (x 137B)
Class build_4quaanxj64ir3d0wuv42kbv6m$_run_closure1                                   : loaded 6 times (x 137B)
Class build_565ch7mz4n72dbe65wikx9t1w$_run_closure1                                   : loaded 6 times (x 137B)
Class build_cnfogn0qywn70loh19mre7iqd                                                 : loaded 6 times (x 178B)
Class build_565ch7mz4n72dbe65wikx9t1w                                                 : loaded 6 times (x 178B)
Class build_4x7ikw5xw2sticfin95cnsw2z$_run_closure1$_closure3                         : loaded 6 times (x 137B)
Class build_3u0fqana7857dhi5jizmoehps                                                 : loaded 6 times (x 179B)
Class build_b0cunsp34qrg8bxaril4ld3ev$_run_closure1$_closure3                         : loaded 6 times (x 137B)
Class build_4x7ikw5xw2sticfin95cnsw2z$_run_closure1$_closure2                         : loaded 6 times (x 137B)
Class build_u5f6y0k17qp529v99pa5n33                                                   : loaded 6 times (x 178B)
Class build_68i0zy58tqaqlpfp5jmiax7uv                                                 : loaded 6 times (x 178B)
Class build_76zswgdv84dfuch5vtsglpx8q                                                 : loaded 6 times (x 178B)
Class build_aipth69ywdin29xezh1tavcwn$_run_closure1                                   : loaded 6 times (x 137B)
Class build_8enq97yumiamysoqjrrl4vyyu                                                 : loaded 6 times (x 179B)
Class build_4x6wecpmmnvccqho1cd0z9ps4                                                 : loaded 6 times (x 178B)
Class build_4x7ikw5xw2sticfin95cnsw2z                                                 : loaded 6 times (x 179B)
Class build_6v6kivhfm18htk91qd1keqb0h                                                 : loaded 6 times (x 179B)
Class build_b0cunsp34qrg8bxaril4ld3ev$_run_closure1                                   : loaded 6 times (x 137B)
Class build_3mxquq13tb1gvpil77xaaa076$_run_closure1                                   : loaded 6 times (x 137B)
Class build_ev1oh8tcdtroiltg2mfbhyrv7$_run_closure1                                   : loaded 6 times (x 137B)
Class build_4x6wecpmmnvccqho1cd0z9ps4$_run_closure1                                   : loaded 6 times (x 137B)
Class build_8yq37ba0jgwfg48ua4q2jjze0$_run_closure2$_closure5                         : loaded 5 times (x 137B)
Class build_8yq37ba0jgwfg48ua4q2jjze0$_run_closure2$_closure7                         : loaded 5 times (x 137B)
Class build_8yq37ba0jgwfg48ua4q2jjze0$_run_closure2$_closure8                         : loaded 5 times (x 138B)
Class build_8yq37ba0jgwfg48ua4q2jjze0$_run_closure2$_closure9                         : loaded 5 times (x 137B)
Class build_8yq37ba0jgwfg48ua4q2jjze0$_run_closure2$_closure6                         : loaded 5 times (x 137B)
Class build_8yq37ba0jgwfg48ua4q2jjze0$_run_closure2$_closure9$_closure10              : loaded 5 times (x 137B)
Class build_8yq37ba0jgwfg48ua4q2jjze0$_run_closure2                                   : loaded 5 times (x 138B)
Class build_8yq37ba0jgwfg48ua4q2jjze0$_run_closure3                                   : loaded 5 times (x 137B)
Class build_8yq37ba0jgwfg48ua4q2jjze0$_run_closure4                                   : loaded 5 times (x 137B)
Class build_76zswgdv84dfuch5vtsglpx8q$_run_closure2$_closure9$_closure10              : loaded 4 times (x 137B)
Class build_aipth69ywdin29xezh1tavcwn$_run_closure2$_closure6                         : loaded 4 times (x 137B)
Class build_aipth69ywdin29xezh1tavcwn$_run_closure2$_closure5                         : loaded 4 times (x 137B)
Class build_3mxquq13tb1gvpil77xaaa076$_run_closure2                                   : loaded 4 times (x 137B)
Class build_3mxquq13tb1gvpil77xaaa076$_run_closure2$_closure6                         : loaded 4 times (x 137B)
Class build_3mxquq13tb1gvpil77xaaa076$_run_closure3                                   : loaded 4 times (x 137B)
Class build_5ahdgogzitxgycuo2evjfhsso$_run_closure1$_closure2                         : loaded 4 times (x 137B)
Class build_3mxquq13tb1gvpil77xaaa076$_run_closure2$_closure5                         : loaded 4 times (x 137B)
Class build_5ahdgogzitxgycuo2evjfhsso$_run_closure1$_closure3                         : loaded 4 times (x 137B)
Class build_cnfogn0qywn70loh19mre7iqd$_run_closure2$_closure4                         : loaded 4 times (x 137B)
Class build_5ahdgogzitxgycuo2evjfhsso$_run_closure1$_closure5                         : loaded 4 times (x 137B)
Class build_6v6kivhfm18htk91qd1keqb0h$_run_closure2$_closure8                         : loaded 4 times (x 138B)
Class build_cnfogn0qywn70loh19mre7iqd$_run_closure2$_closure5                         : loaded 4 times (x 137B)
Class build_5ahdgogzitxgycuo2evjfhsso$_run_closure1$_closure6                         : loaded 4 times (x 137B)
Class build_3mxquq13tb1gvpil77xaaa076$_run_closure2$_closure7                         : loaded 4 times (x 137B)
Class build_aipth69ywdin29xezh1tavcwn$_run_closure2$_closure7                         : loaded 4 times (x 137B)
Class build_aipth69ywdin29xezh1tavcwn$_run_closure2$_closure8                         : loaded 4 times (x 137B)
Class build_cnfogn0qywn70loh19mre7iqd$_run_closure2$_closure6                         : loaded 4 times (x 137B)
Class build_cnfogn0qywn70loh19mre7iqd$_run_closure2$_closure7                         : loaded 4 times (x 137B)
Class build_cnfogn0qywn70loh19mre7iqd$_run_closure2$_closure8                         : loaded 4 times (x 137B)
Class build_4x6wecpmmnvccqho1cd0z9ps4$_run_closure3                                   : loaded 4 times (x 137B)
Class build_6v6kivhfm18htk91qd1keqb0h$_run_closure2$_closure7                         : loaded 4 times (x 137B)
Class build_6v6kivhfm18htk91qd1keqb0h$_run_closure2$_closure6                         : loaded 4 times (x 137B)
Class build_aipth69ywdin29xezh1tavcwn$_run_closure2                                   : loaded 4 times (x 137B)
Class build_ev1oh8tcdtroiltg2mfbhyrv7$_run_closure1$_closure4                         : loaded 4 times (x 137B)
Class build_b0cunsp34qrg8bxaril4ld3ev$_run_closure2$_closure4                         : loaded 4 times (x 137B)
Class build_b0cunsp34qrg8bxaril4ld3ev$_run_closure2$_closure5                         : loaded 4 times (x 137B)
Class build_b0cunsp34qrg8bxaril4ld3ev$_run_closure2$_closure6                         : loaded 4 times (x 137B)
Class build_b0cunsp34qrg8bxaril4ld3ev$_run_closure2$_closure7                         : loaded 4 times (x 137B)
Class build_aipth69ywdin29xezh1tavcwn$_run_closure3                                   : loaded 4 times (x 137B)
Class build_b0cunsp34qrg8bxaril4ld3ev$_run_closure2$_closure8                         : loaded 4 times (x 138B)
Class build_5rlg475yulc2fxu2kr3j1joim$_run_closure2$_closure5                         : loaded 4 times (x 137B)
Class build_6v6kivhfm18htk91qd1keqb0h$_run_closure2$_closure5                         : loaded 4 times (x 137B)
Class build_5ahdgogzitxgycuo2evjfhsso$_run_closure2                                   : loaded 4 times (x 137B)
Class build_5ahdgogzitxgycuo2evjfhsso$_run_closure3                                   : loaded 4 times (x 137B)
Class build_68i0zy58tqaqlpfp5jmiax7uv$_run_closure1$_closure4$_closure5               : loaded 4 times (x 137B)
Class build_68i0zy58tqaqlpfp5jmiax7uv$_run_closure1$_closure4                         : loaded 4 times (x 137B)
Class build_6v6kivhfm18htk91qd1keqb0h$_run_closure2$_closure4                         : loaded 4 times (x 137B)
Class build_aipth69ywdin29xezh1tavcwn$_run_closure1$_closure4                         : loaded 4 times (x 137B)
Class build_aipth69ywdin29xezh1tavcwn$_run_closure2$_closure8$_closure9               : loaded 4 times (x 137B)
Class build_4quaanxj64ir3d0wuv42kbv6m$_run_closure2                                   : loaded 4 times (x 137B)
Class build_ckovybfz7owe7bdhmyehogj2r$_run_closure3                                   : loaded 4 times (x 137B)
Class build_565ch7mz4n72dbe65wikx9t1w$_run_closure2                                   : loaded 4 times (x 137B)
Class build_ckovybfz7owe7bdhmyehogj2r$_run_closure2$_closure5                         : loaded 4 times (x 137B)
Class build_ckovybfz7owe7bdhmyehogj2r$_run_closure2$_closure6                         : loaded 4 times (x 137B)
Class build_ckovybfz7owe7bdhmyehogj2r$_run_closure2                                   : loaded 4 times (x 137B)
Class build_4x6wecpmmnvccqho1cd0z9ps4$_run_closure2                                   : loaded 4 times (x 137B)
Class build_4x6wecpmmnvccqho1cd0z9ps4$_run_closure2$_closure6                         : loaded 4 times (x 137B)
Class build_u5f6y0k17qp529v99pa5n33$_run_closure2$_closure9$_closure10                : loaded 4 times (x 137B)
Class build_ckovybfz7owe7bdhmyehogj2r$_run_closure2$_closure7                         : loaded 4 times (x 137B)
Class build_ckovybfz7owe7bdhmyehogj2r$_run_closure2$_closure8                         : loaded 4 times (x 137B)
Class build_ckovybfz7owe7bdhmyehogj2r$_run_closure2$_closure9                         : loaded 4 times (x 137B)
Class build_u5f6y0k17qp529v99pa5n33$_run_closure2$_closure9                           : loaded 4 times (x 137B)
Class build_3u0fqana7857dhi5jizmoehps$_run_closure2                                   : loaded 4 times (x 138B)
Class build_4x6wecpmmnvccqho1cd0z9ps4$_run_closure2$_closure5                         : loaded 4 times (x 137B)
Class build_6v6kivhfm18htk91qd1keqb0h$_run_closure2                                   : loaded 4 times (x 138B)
Class build_4quaanxj64ir3d0wuv42kbv6m$_run_closure2$_closure4                         : loaded 4 times (x 137B)
Class build_4quaanxj64ir3d0wuv42kbv6m$_run_closure2$_closure5                         : loaded 4 times (x 137B)
Class build_8enq97yumiamysoqjrrl4vyyu$_run_closure2$_closure8                         : loaded 4 times (x 138B)
Class build_4quaanxj64ir3d0wuv42kbv6m$_run_closure2$_closure6                         : loaded 4 times (x 137B)
Class build_8enq97yumiamysoqjrrl4vyyu$_run_closure2$_closure7                         : loaded 4 times (x 137B)
Class build_8enq97yumiamysoqjrrl4vyyu$_run_closure2$_closure6                         : loaded 4 times (x 137B)
Class build_4quaanxj64ir3d0wuv42kbv6m$_run_closure2$_closure7                         : loaded 4 times (x 137B)
Class build_8enq97yumiamysoqjrrl4vyyu$_run_closure2$_closure5                         : loaded 4 times (x 137B)
Class build_4quaanxj64ir3d0wuv42kbv6m$_run_closure2$_closure8                         : loaded 4 times (x 137B)
Class build_8enq97yumiamysoqjrrl4vyyu$_run_closure2$_closure4                         : loaded 4 times (x 137B)
Class build_cjd3bfrskq9797yhl2oftvb63$_run_closure2$_closure4                         : loaded 4 times (x 137B)
Class build_cjd3bfrskq9797yhl2oftvb63$_run_closure2$_closure5                         : loaded 4 times (x 137B)
Class build_cjd3bfrskq9797yhl2oftvb63$_run_closure2$_closure6                         : loaded 4 times (x 137B)
Class build_cjd3bfrskq9797yhl2oftvb63$_run_closure2$_closure7                         : loaded 4 times (x 137B)
Class build_cjd3bfrskq9797yhl2oftvb63$_run_closure2$_closure8                         : loaded 4 times (x 137B)
Class build_u5f6y0k17qp529v99pa5n33$_run_closure2$_closure8                           : loaded 4 times (x 137B)
Class build_u5f6y0k17qp529v99pa5n33$_run_closure2$_closure7                           : loaded 4 times (x 137B)
Class build_u5f6y0k17qp529v99pa5n33$_run_closure3                                     : loaded 4 times (x 137B)
Class build_76zswgdv84dfuch5vtsglpx8q$_run_closure2                                   : loaded 4 times (x 137B)
Class build_76zswgdv84dfuch5vtsglpx8q$_run_closure3                                   : loaded 4 times (x 137B)
Class build_3u0fqana7857dhi5jizmoehps$_run_closure2$_closure4                         : loaded 4 times (x 137B)
Class build_3u0fqana7857dhi5jizmoehps$_run_closure2$_closure5                         : loaded 4 times (x 137B)
Class build_3u0fqana7857dhi5jizmoehps$_run_closure2$_closure6                         : loaded 4 times (x 137B)
Class build_3u0fqana7857dhi5jizmoehps$_run_closure2$_closure7                         : loaded 4 times (x 137B)
Class build_3u0fqana7857dhi5jizmoehps$_run_closure2$_closure8                         : loaded 4 times (x 138B)
Class build_u5f6y0k17qp529v99pa5n33$_run_closure2$_closure6                           : loaded 4 times (x 137B)
Class build_cjd3bfrskq9797yhl2oftvb63$_run_closure2                                   : loaded 4 times (x 137B)
Class build_cnfogn0qywn70loh19mre7iqd$_run_closure2$_closure8$_closure9               : loaded 4 times (x 137B)
Class Dependency_version_checker_gradle                                               : loaded 4 times (x 128B)
Class build_76zswgdv84dfuch5vtsglpx8q$_run_closure1$_closure4                         : loaded 4 times (x 137B)
Class build_u5f6y0k17qp529v99pa5n33$_run_closure2$_closure5                           : loaded 4 times (x 137B)
Class build_5rlg475yulc2fxu2kr3j1joim$_run_closure3$_closure11$_closure12             : loaded 4 times (x 137B)
Class build_u5f6y0k17qp529v99pa5n33$_run_closure1$_closure4                           : loaded 4 times (x 137B)
Class build_76zswgdv84dfuch5vtsglpx8q$_run_closure2$_closure9                         : loaded 4 times (x 137B)
Class build_u5f6y0k17qp529v99pa5n33$_run_closure2                                     : loaded 4 times (x 137B)
Class build_138pfz6ei4lkrmtrvk69m2uwm$_run_closure2$_closure4                         : loaded 4 times (x 137B)
Class build_565ch7mz4n72dbe65wikx9t1w$_run_closure2$_closure6                         : loaded 4 times (x 137B)
Class build_565ch7mz4n72dbe65wikx9t1w$_run_closure2$_closure5                         : loaded 4 times (x 137B)
Class build_565ch7mz4n72dbe65wikx9t1w$_run_closure2$_closure4                         : loaded 4 times (x 137B)
Class build_ev1oh8tcdtroiltg2mfbhyrv7$_run_closure2$_closure5                         : loaded 4 times (x 137B)
Class build_3mxquq13tb1gvpil77xaaa076$_run_closure2$_closure8                         : loaded 4 times (x 137B)
Class build_ev1oh8tcdtroiltg2mfbhyrv7$_run_closure2                                   : loaded 4 times (x 137B)
Class build_ev1oh8tcdtroiltg2mfbhyrv7$_run_closure3                                   : loaded 4 times (x 137B)
Class build_ckovybfz7owe7bdhmyehogj2r$_run_closure1$_closure4                         : loaded 4 times (x 137B)
Class build_4x6wecpmmnvccqho1cd0z9ps4$_run_closure2$_closure7                         : loaded 4 times (x 137B)
Class build_3mxquq13tb1gvpil77xaaa076$_run_closure2$_closure9                         : loaded 4 times (x 137B)
Class build_138pfz6ei4lkrmtrvk69m2uwm$_run_closure2$_closure5                         : loaded 4 times (x 137B)
Class build_8enq97yumiamysoqjrrl4vyyu$_run_closure2                                   : loaded 4 times (x 138B)
Class build_4x6wecpmmnvccqho1cd0z9ps4$_run_closure1$_closure4                         : loaded 4 times (x 137B)
Class build_b0cunsp34qrg8bxaril4ld3ev$_run_closure2                                   : loaded 4 times (x 138B)
Class build_ev1oh8tcdtroiltg2mfbhyrv7$_run_closure2$_closure6                         : loaded 4 times (x 137B)
Class build_76zswgdv84dfuch5vtsglpx8q$_run_closure2$_closure8                         : loaded 4 times (x 137B)
Class build_8enq97yumiamysoqjrrl4vyyu$_run_closure2$_closure8$_closure9               : loaded 4 times (x 137B)
Class build_ev1oh8tcdtroiltg2mfbhyrv7$_run_closure2$_closure7                         : loaded 4 times (x 137B)
Class build_3mxquq13tb1gvpil77xaaa076$_run_closure1$_closure4                         : loaded 4 times (x 137B)
Class build_76zswgdv84dfuch5vtsglpx8q$_run_closure2$_closure7                         : loaded 4 times (x 137B)
Class build_ev1oh8tcdtroiltg2mfbhyrv7$_run_closure2$_closure8                         : loaded 4 times (x 137B)
Class build_68i0zy58tqaqlpfp5jmiax7uv$_run_closure2                                   : loaded 4 times (x 137B)
Class build_68i0zy58tqaqlpfp5jmiax7uv$_run_closure3                                   : loaded 4 times (x 137B)
Class build_5rlg475yulc2fxu2kr3j1joim$_run_closure3$_closure10                        : loaded 4 times (x 137B)
Class build_76zswgdv84dfuch5vtsglpx8q$_run_closure2$_closure6                         : loaded 4 times (x 137B)
Class build_138pfz6ei4lkrmtrvk69m2uwm$_run_closure2                                   : loaded 4 times (x 137B)
Class build_76zswgdv84dfuch5vtsglpx8q$_run_closure2$_closure5                         : loaded 4 times (x 137B)
Class build_5rlg475yulc2fxu2kr3j1joim$_run_closure3$_closure11                        : loaded 4 times (x 137B)
Class build_4x7ikw5xw2sticfin95cnsw2z$_run_closure1$_closure6                         : loaded 4 times (x 137B)
Class build_4x7ikw5xw2sticfin95cnsw2z$_run_closure1$_closure5                         : loaded 4 times (x 137B)
Class build_cnfogn0qywn70loh19mre7iqd$_run_closure2                                   : loaded 4 times (x 137B)
Class build_5rlg475yulc2fxu2kr3j1joim$_run_closure3$_closure7                         : loaded 4 times (x 137B)
Class build_68i0zy58tqaqlpfp5jmiax7uv$_run_closure2$_closure7                         : loaded 4 times (x 137B)
Class build_68i0zy58tqaqlpfp5jmiax7uv$_run_closure2$_closure6                         : loaded 4 times (x 137B)
Class build_5rlg475yulc2fxu2kr3j1joim$_run_closure3$_closure8                         : loaded 4 times (x 137B)
Class build_5rlg475yulc2fxu2kr3j1joim$_run_closure3$_closure9                         : loaded 4 times (x 137B)
Class build_5rlg475yulc2fxu2kr3j1joim$_run_closure2                                   : loaded 4 times (x 137B)
Class build_5rlg475yulc2fxu2kr3j1joim$_run_closure1$_closure4                         : loaded 4 times (x 137B)
Class build_5rlg475yulc2fxu2kr3j1joim$_run_closure3                                   : loaded 4 times (x 137B)
Class build_4x7ikw5xw2sticfin95cnsw2z$_run_closure1$_closure4                         : loaded 4 times (x 137B)
Class build_5ahdgogzitxgycuo2evjfhsso$_run_closure4                                   : loaded 4 times (x 137B)
Class com.google.common.cache.LocalCache$Strength                                     : loaded 3 times (x 79B)
Class com.google.common.base.CharMatcher$Any                                          : loaded 3 times (x 110B)
Class com.google.common.collect.AbstractListMultimap                                  : loaded 3 times (x 170B)
Class com.google.common.collect.IndexedImmutableSet$1                                 : loaded 3 times (x 172B)
Class com.google.common.collect.AbstractMapBasedMultimap$KeySet                       : loaded 3 times (x 135B)
Class com.google.common.collect.ArrayListMultimapGwtSerializationDependencies         : loaded 3 times (x 170B)
Class com.google.common.collect.ListMultimap                                          : loaded 3 times (x 68B)
Class com.google.common.base.CharMatcher$RangesMatcher                                : loaded 3 times (x 110B)
Class com.google.common.base.ExtraObjectsMethodsForWeb                                : loaded 3 times (x 69B)
Class com.google.common.collect.IndexedImmutableSet                                   : loaded 3 times (x 148B)
Class com.google.common.base.CharMatcher$JavaDigit                                    : loaded 3 times (x 109B)
Class com.google.common.base.CharMatcher$And                                          : loaded 3 times (x 110B)
Class org.objectweb.asm.Handler                                                       : loaded 3 times (x 70B)
Class com.google.common.cache.LocalCache$ComputingValueReference                      : loaded 3 times (x 94B)
Class com.google.common.base.CharMatcher$Ascii                                        : loaded 3 times (x 110B)
Class com.google.common.collect.ImmutableEnumSet                                      : loaded 3 times (x 144B)
Class com.google.common.base.CharMatcher$1                                            : loaded 3 times (x 111B)
Class com.google.common.collect.Iterators                                             : loaded 3 times (x 69B)
Class [Lcom.google.common.cache.CacheBuilder$OneWeigher;                              : loaded 3 times (x 67B)
Class org.jetbrains.kotlin.config.MavenComparableVersion$Item                         : loaded 3 times (x 68B)
Class com.google.common.base.AbstractIterator$1                                       : loaded 3 times (x 69B)
Class org.jetbrains.kotlin.config.LanguageVersion                                     : loaded 3 times (x 88B)
Class com.google.common.base.CharMatcher$Digit                                        : loaded 3 times (x 110B)
Class org.objectweb.asm.ClassWriter                                                   : loaded 3 times (x 104B)
Class org.jetbrains.kotlin.cli.common.CompilerSystemProperties$Companion              : loaded 3 times (x 69B)
Class com.google.common.base.AbstractIterator                                         : loaded 3 times (x 78B)
Class com.google.common.collect.ImmutableMap$Builder                                  : loaded 3 times (x 80B)
Class com.google.common.collect.AbstractMultimap                                      : loaded 3 times (x 121B)
Class [Lcom.google.common.base.AbstractIterator$State;                                : loaded 3 times (x 67B)
Class com.google.common.collect.SingletonImmutableSet                                 : loaded 3 times (x 144B)
Class com.google.common.primitives.Ints$IntConverter                                  : loaded 3 times (x 88B)
Class org.jetbrains.kotlin.utils.DescriptionAware                                     : loaded 3 times (x 68B)
Class com.google.common.base.Charsets                                                 : loaded 3 times (x 69B)
Class com.google.common.util.concurrent.internal.InternalFutureFailureAccess          : loaded 3 times (x 70B)
Class com.google.common.collect.ImmutableList$SubList                                 : loaded 3 times (x 168B)
Class com.google.common.cache.LocalCache$ValueReference                               : loaded 3 times (x 68B)
Class org.objectweb.asm.CurrentFrame                                                  : loaded 3 times (x 71B)
Class com.google.common.util.concurrent.AbstractFuture                                : loaded 3 times (x 93B)
Class org.jetbrains.kotlin.config.ApiVersion                                          : loaded 3 times (x 84B)
Class com.google.common.base.Splitter$1                                               : loaded 3 times (x 75B)
Class com.google.common.base.Ticker$1                                                 : loaded 3 times (x 70B)
Class com.google.common.collect.Maps$BiMapConverter                                   : loaded 3 times (x 88B)
Class org.jetbrains.kotlin.config.LanguageOrApiVersion                                : loaded 3 times (x 68B)
Class com.google.common.cache.Cache                                                   : loaded 3 times (x 68B)
Class com.google.common.base.Splitter$5                                               : loaded 3 times (x 78B)
Class com.google.common.collect.HashBiMap$Inverse                                     : loaded 3 times (x 140B)
Class NativePluginLoader$getDependenciesMetadata$0                                    : loaded 3 times (x 150B)
Class org.objectweb.asm.MethodTooLargeException                                       : loaded 3 times (x 81B)
Class com.google.common.collect.ImmutableBiMapFauxverideShim                          : loaded 3 times (x 118B)
Class com.google.common.cache.CacheLoader                                             : loaded 3 times (x 72B)
Class com.google.common.cache.CacheBuilder$OneWeigher                                 : loaded 3 times (x 80B)
Class com.google.common.collect.ImmutableMapEntrySet                                  : loaded 3 times (x 149B)
Class com.google.common.collect.AbstractMapBasedMultimap                              : loaded 3 times (x 137B)
Class [Lorg.objectweb.asm.Symbol;                                                     : loaded 3 times (x 67B)
Class com.google.common.util.concurrent.AbstractFuture$Cancellation                   : loaded 3 times (x 70B)
Class com.google.common.collect.PeekingIterator                                       : loaded 3 times (x 68B)
Class com.google.common.collect.RegularImmutableAsList                                : loaded 3 times (x 176B)
Class com.google.common.base.Platform                                                 : loaded 3 times (x 69B)
Class com.google.common.base.CharMatcher$Is                                           : loaded 3 times (x 109B)
Class [Lcom.google.common.cache.LocalCache$EntryFactory;                              : loaded 3 times (x 67B)
Class com.google.common.collect.Multimaps$Entries                                     : loaded 3 times (x 116B)
Class com.google.common.collect.ImmutableSet$SetBuilderImpl                           : loaded 3 times (x 74B)
Class com.google.common.collect.Lists$RandomAccessReverseList                         : loaded 3 times (x 160B)
Class com.google.common.cache.LocalCache$LocalManualCache$1                           : loaded 3 times (x 73B)
Class com.google.common.base.Splitter$SplittingIterator                               : loaded 3 times (x 82B)
Class com.google.common.base.CharMatcher$JavaIsoControl                               : loaded 3 times (x 110B)
Class com.google.common.collect.ImmutableMap$1                                        : loaded 3 times (x 79B)
Class org.jetbrains.kotlin.config.ApiVersion$Companion                                : loaded 3 times (x 69B)
Class com.google.common.base.CharMatcher$Or                                           : loaded 3 times (x 110B)
Class com.google.common.cache.RemovalListener                                         : loaded 3 times (x 68B)
Class com.google.common.base.Suppliers$SupplierOfInstance                             : loaded 3 times (x 77B)
Class org.objectweb.asm.RecordComponentVisitor                                        : loaded 3 times (x 75B)
Class [Lorg.jetbrains.kotlin.cli.common.CompilerSystemProperties;                     : loaded 3 times (x 67B)
Class com.google.common.util.concurrent.AbstractFuture$SetFuture                      : loaded 3 times (x 73B)
Class com.google.common.collect.AbstractMapBasedMultimap$2                            : loaded 3 times (x 83B)
Class build_5rlg475yulc2fxu2kr3j1joim$_run_closure2$_closure5$_closure6               : loaded 3 times (x 137B)
Class com.google.common.collect.Sets$ImprovedAbstractSet                              : loaded 3 times (x 133B)
Class [Lcom.google.common.collect.ImmutableEntry;                                     : loaded 3 times (x 67B)
Class [Lorg.objectweb.asm.AnnotationWriter;                                           : loaded 3 times (x 67B)
Class com.google.common.collect.ImmutableSet$RegularSetBuilderImpl                    : loaded 3 times (x 75B)
Class [Lorg.jetbrains.kotlin.config.LanguageOrApiVersion;                             : loaded 3 times (x 67B)
Class com.google.common.cache.LocalCache$HashIterator                                 : loaded 3 times (x 84B)
Class com.google.common.collect.Iterables                                             : loaded 3 times (x 69B)
Class com.google.common.collect.ImmutableSet$JdkBackedSetBuilderImpl                  : loaded 3 times (x 74B)
Class org.jetbrains.kotlin.cli.common.CompilerSystemProperties$value$1                : loaded 3 times (x 123B)
Class com.google.common.base.CharMatcher$JavaLowerCase                                : loaded 3 times (x 109B)
Class com.google.common.cache.LocalCache$WriteThroughEntry                            : loaded 3 times (x 77B)
Class com.google.common.base.Splitter$1$1                                             : loaded 3 times (x 84B)
Class com.google.common.cache.CacheLoader$SupplierToCacheLoader                       : loaded 3 times (x 73B)
Class org.objectweb.asm.ClassTooLargeException                                        : loaded 3 times (x 81B)
Class org.jetbrains.kotlin.config.LanguageVersion$Companion                           : loaded 3 times (x 69B)
Class [Lcom.google.gson.stream.JsonToken;                                             : loaded 3 times (x 67B)
Class com.google.common.util.concurrent.AbstractFuture$Listener                       : loaded 3 times (x 70B)
Class org.objectweb.asm.Edge                                                          : loaded 3 times (x 70B)
Class [Lcom.google.common.cache.LocalCache$Segment;                                   : loaded 3 times (x 67B)
Class native_plugin_loader_94fmp85321cy9iwdtd62yr9g2                                  : loaded 3 times (x 175B)
Class com.google.common.collect.Maps$EntryTransformer                                 : loaded 3 times (x 68B)
Class com.google.common.collect.ImmutableCollection$Builder                           : loaded 3 times (x 74B)
Class [Lcom.google.common.collect.ImmutableMapEntry;                                  : loaded 3 times (x 67B)
Class [Lcom.google.common.cache.RemovalListener;                                      : loaded 3 times (x 67B)
Class com.google.common.collect.ImmutableMapEntrySet$RegularEntrySet                  : loaded 3 times (x 149B)
Class com.google.common.base.Splitter$Strategy                                        : loaded 3 times (x 68B)
Class com.google.common.collect.ImmutableList$1                                       : loaded 3 times (x 95B)
Class com.google.common.cache.CacheBuilder$2                                          : loaded 3 times (x 70B)
Class com.google.common.cache.CacheBuilder$1                                          : loaded 3 times (x 83B)
Class com.google.common.cache.CacheLoader$FunctionToCacheLoader                       : loaded 3 times (x 73B)
Class com.google.common.collect.ImmutableEntry                                        : loaded 3 times (x 80B)
Class com.google.common.collect.Lists$StringAsImmutableList                           : loaded 3 times (x 167B)
Class com.google.common.collect.UnmodifiableListIterator                              : loaded 3 times (x 93B)
Class [Lorg.objectweb.asm.SymbolTable$Entry;                                          : loaded 3 times (x 67B)
Class com.google.common.base.CharMatcher$None                                         : loaded 3 times (x 110B)
Class com.google.common.collect.SingletonImmutableBiMap                               : loaded 3 times (x 141B)
Class com.google.common.base.CommonPattern                                            : loaded 3 times (x 72B)
Class com.google.common.base.Suppliers                                                : loaded 3 times (x 69B)
Class [Lcom.google.common.collect.Iterators$EmptyModifiableIterator;                  : loaded 3 times (x 67B)
Class com.google.common.collect.SingletonImmutableList                                : loaded 3 times (x 167B)
Class org.objectweb.asm.ClassVisitor                                                  : loaded 3 times (x 86B)
Class com.google.common.collect.AbstractIndexedListIterator                           : loaded 3 times (x 94B)
Class settings_79jx37eqiwurcqpxgza1e3zcs                                              : loaded 3 times (x 177B)
Class com.google.common.cache.LoadingCache                                            : loaded 3 times (x 68B)
Class [Lcom.google.common.collect.AbstractMapEntry;                                   : loaded 3 times (x 67B)
Class NativePluginLoader                                                              : loaded 3 times (x 85B)
Class com.google.common.base.CharMatcher$NegatedFastMatcher                           : loaded 3 times (x 111B)
Class com.google.common.collect.RegularImmutableMap                                   : loaded 3 times (x 119B)
Class com.google.common.collect.Maps                                                  : loaded 3 times (x 69B)
Class com.google.common.util.concurrent.AbstractFuture$SafeAtomicHelper               : loaded 3 times (x 77B)
Class com.google.common.primitives.IntsMethodsForWeb                                  : loaded 3 times (x 69B)
Class com.google.common.math.IntMath                                                  : loaded 3 times (x 69B)
Class com.google.common.collect.CollectPreconditions                                  : loaded 3 times (x 69B)
Class com.google.common.collect.RegularImmutableMap$KeySet                            : loaded 3 times (x 148B)
Class com.google.common.collect.AbstractIterator                                      : loaded 3 times (x 80B)
Class NativePluginLoader$_getPlugins_closure1                                         : loaded 3 times (x 134B)
Class com.google.common.cache.ReferenceEntry                                          : loaded 3 times (x 68B)
Class com.google.common.base.NullnessCasts                                            : loaded 3 times (x 69B)
Class org.objectweb.asm.Frame                                                         : loaded 3 times (x 71B)
Class com.google.common.cache.LocalCache$LocalManualCache                             : loaded 3 times (x 97B)
Class build_5ahdgogzitxgycuo2evjfhsso$_run_closure1$_closure6$_closure7               : loaded 3 times (x 137B)
Class com.google.common.collect.Iterators$9                                           : loaded 3 times (x 79B)
Class com.google.common.collect.AbstractMapEntry                                      : loaded 3 times (x 79B)
Class com.google.common.cache.LocalCache$StrongEntry                                  : loaded 3 times (x 106B)
Class com.google.common.base.Function                                                 : loaded 3 times (x 68B)
Class com.google.common.collect.ImmutableList$Builder                                 : loaded 3 times (x 75B)
Class com.google.common.base.CharMatcher$Negated                                      : loaded 3 times (x 111B)
Class com.google.common.base.Preconditions                                            : loaded 3 times (x 69B)
Class com.google.common.base.Equivalence$Equals                                       : loaded 3 times (x 80B)
Class com.google.common.base.Joiner                                                   : loaded 3 times (x 77B)
Class com.google.common.util.concurrent.AbstractFuture$UnsafeAtomicHelper             : loaded 3 times (x 76B)
Class com.google.common.collect.Iterators$5                                           : loaded 3 times (x 80B)
Class com.google.common.collect.RegularImmutableMap$BucketOverflowException           : loaded 3 times (x 80B)
Class com.google.common.collect.Iterators$4                                           : loaded 3 times (x 80B)
Class com.google.common.cache.CacheLoader$1                                           : loaded 3 times (x 73B)
Class com.google.common.collect.Iterators$1                                           : loaded 3 times (x 79B)
Class com.google.common.util.concurrent.AbstractFuture$TrustedFuture                  : loaded 3 times (x 95B)
Class com.google.common.util.concurrent.ListenableFuture                              : loaded 3 times (x 68B)
Class com.google.common.base.CharMatcher$Whitespace                                   : loaded 3 times (x 110B)
Class org.objectweb.asm.FieldWriter                                                   : loaded 3 times (x 76B)
Class com.google.common.cache.CacheLoader$UnsupportedLoadingOperationException        : loaded 3 times (x 80B)
Class com.google.common.collect.Sets                                                  : loaded 3 times (x 69B)
Class build_95nb4kwpi25o3twxfo2vn255e$_run_closure1                                   : loaded 3 times (x 137B)
Class com.google.common.collect.ImmutableList                                         : loaded 3 times (x 166B)
Class com.google.common.collect.Iterators$EmptyModifiableIterator                     : loaded 3 times (x 84B)
Class com.google.common.collect.Iterators$10                                          : loaded 3 times (x 79B)
Class com.google.common.util.concurrent.Uninterruptibles                              : loaded 3 times (x 69B)
Class org.jetbrains.kotlin.util.capitalizeDecapitalize.CapitalizeDecapitalizeKt       : loaded 3 times (x 69B)
Class com.google.common.util.concurrent.AbstractFuture$Waiter                         : loaded 3 times (x 70B)
Class com.google.common.collect.ImmutableSet$Builder                                  : loaded 3 times (x 83B)
Class com.google.common.base.CharMatcher$ForPredicate                                 : loaded 3 times (x 110B)
Class com.google.common.collect.ImmutableMap$MapViewOfValuesAsSingletonSets           : loaded 3 times (x 123B)
Class com.google.common.base.CharMatcher                                              : loaded 3 times (x 109B)
Class com.google.common.collect.ObjectArrays                                          : loaded 3 times (x 69B)
Class com.google.common.cache.LocalCache$Strength$3                                   : loaded 3 times (x 79B)
Class com.google.common.cache.LocalCache$Strength$2                                   : loaded 3 times (x 79B)
Class com.google.common.cache.LocalCache$Strength$1                                   : loaded 3 times (x 79B)
Class org.objectweb.asm.commons.InstructionAdapter                                    : loaded 3 times (x 186B)
Class org.objectweb.asm.Symbol                                                        : loaded 3 times (x 71B)
Class com.google.common.base.MoreObjects                                              : loaded 3 times (x 69B)
Class com.google.common.collect.SortedMapDifference                                   : loaded 3 times (x 68B)
Class org.objectweb.asm.SymbolTable                                                   : loaded 3 times (x 70B)
Class [Lorg.objectweb.asm.AnnotationVisitor;                                          : loaded 3 times (x 67B)
Class org.objectweb.asm.FieldVisitor                                                  : loaded 3 times (x 75B)
Class com.google.common.cache.CacheStats                                              : loaded 3 times (x 69B)
Class org.objectweb.asm.Attribute                                                     : loaded 3 times (x 75B)
Class com.google.common.cache.AbstractCache$StatsCounter                              : loaded 3 times (x 68B)
Class [Lorg.jetbrains.kotlin.utils.DescriptionAware;                                  : loaded 3 times (x 67B)
Class com.google.common.cache.LocalCache$LocalLoadingCache                            : loaded 3 times (x 132B)
Class com.google.common.collect.ImmutableList$ReverseImmutableList                    : loaded 3 times (x 168B)
Class com.google.common.base.Supplier                                                 : loaded 3 times (x 68B)
Class com.google.common.collect.ImmutableEnumMap                                      : loaded 3 times (x 123B)
Class com.google.common.collect.HashBiMap$BiEntry                                     : loaded 3 times (x 81B)
Class org.objectweb.asm.ModuleWriter                                                  : loaded 3 times (x 80B)
Class com.google.common.base.Objects                                                  : loaded 3 times (x 69B)
Class com.google.common.util.concurrent.AbstractFuture$AtomicHelper                   : loaded 3 times (x 76B)
Class org.objectweb.asm.ModuleVisitor                                                 : loaded 3 times (x 79B)
Class com.google.common.collect.ImmutableBiMap                                        : loaded 3 times (x 141B)
Class com.google.common.collect.RegularImmutableMap$Values                            : loaded 3 times (x 167B)
Class com.google.common.base.Ascii                                                    : loaded 3 times (x 69B)
Class com.google.common.hash.PrimitiveSink                                            : loaded 3 times (x 68B)
Class com.google.common.cache.LocalCache$EntryFactory                                 : loaded 3 times (x 81B)
Class com.google.common.base.CharMatcher$IsNot                                        : loaded 3 times (x 109B)
Class com.google.gson.stream.JsonReader                                               : loaded 3 times (x 95B)
Class com.google.common.util.concurrent.UncheckedExecutionException                   : loaded 3 times (x 80B)
Class com.google.gson.stream.MalformedJsonException                                   : loaded 3 times (x 80B)
Class com.google.common.base.Ticker                                                   : loaded 3 times (x 70B)
Class com.google.common.base.PairwiseEquivalence                                      : loaded 3 times (x 81B)
Class com.google.common.collect.ImmutableSet                                          : loaded 3 times (x 143B)
Class NativePluginLoader$getPlugins                                                   : loaded 3 times (x 150B)
Class com.google.common.collect.Lists$ReverseList                                     : loaded 3 times (x 160B)
Class org.jetbrains.kotlin.config.MavenComparableVersion$IntegerItem                  : loaded 3 times (x 78B)
Class [Lorg.objectweb.asm.Type;                                                       : loaded 3 times (x 67B)
Class com.google.common.collect.Lists$ReverseList$1                                   : loaded 3 times (x 97B)
Class com.google.common.base.AbstractIterator$State                                   : loaded 3 times (x 77B)
Class com.google.common.cache.Weigher                                                 : loaded 3 times (x 68B)
Class com.google.common.base.CharMatcher$NamedFastMatcher                             : loaded 3 times (x 110B)
Class org.jetbrains.kotlin.config.MavenComparableVersion                              : loaded 3 times (x 76B)
Class com.google.common.collect.ImmutableCollection                                   : loaded 3 times (x 123B)
Class org.objectweb.asm.ByteVector                                                    : loaded 3 times (x 77B)
Class com.google.common.cache.CacheBuilder                                            : loaded 3 times (x 70B)
Class build_95nb4kwpi25o3twxfo2vn255e                                                 : loaded 3 times (x 178B)
Class com.google.common.base.CharMatcher$JavaLetterOrDigit                            : loaded 3 times (x 109B)
Class com.google.common.collect.RegularImmutableBiMap                                 : loaded 3 times (x 146B)
Class com.google.common.collect.Maps$IteratorBasedAbstractMap                         : loaded 3 times (x 123B)
Class com.google.common.cache.LocalCache$2                                            : loaded 3 times (x 140B)
Class com.google.common.cache.LocalCache$1                                            : loaded 3 times (x 87B)
Class org.objectweb.asm.RecordComponentWriter                                         : loaded 3 times (x 76B)
Class org.objectweb.asm.AnnotationVisitor                                             : loaded 3 times (x 76B)
Class com.google.common.base.FunctionalEquivalence                                    : loaded 3 times (x 81B)
Class com.google.common.collect.Multimap                                              : loaded 3 times (x 68B)
Class com.google.common.util.concurrent.SettableFuture                                : loaded 3 times (x 95B)
Class com.google.common.base.JdkPattern                                               : loaded 3 times (x 73B)
Class com.google.common.collect.ImmutableMapEntry                                     : loaded 3 times (x 83B)
Class native_plugin_loader_94fmp85321cy9iwdtd62yr9g2$_run_closure1                    : loaded 3 times (x 137B)
Class com.google.gson.internal.JsonReaderInternalAccess                               : loaded 3 times (x 70B)
Class com.google.common.collect.Iterators$MergingIterator                             : loaded 3 times (x 79B)
Class com.google.common.collect.Hashing                                               : loaded 3 times (x 69B)
Class com.google.common.base.CharMatcher$SingleWidth                                  : loaded 3 times (x 110B)
Class com.google.common.base.CharMatcher$Invisible                                    : loaded 3 times (x 110B)
Class com.google.common.cache.LocalCache$LoadingValueReference                        : loaded 3 times (x 94B)
Class com.google.common.base.Platform$JdkPatternCompiler                              : loaded 3 times (x 73B)
Class com.google.common.base.Stopwatch                                                : loaded 3 times (x 70B)
Class com.google.common.base.Joiner$1                                                 : loaded 3 times (x 78B)
Class com.google.common.collect.UnmodifiableIterator                                  : loaded 3 times (x 78B)
Class com.google.common.base.Joiner$2                                                 : loaded 3 times (x 77B)
Class com.google.common.collect.HashBiMap                                             : loaded 3 times (x 141B)
Class com.google.common.collect.SetMultimap                                           : loaded 3 times (x 68B)
Class com.google.common.cache.CacheLoader$InvalidCacheLoadException                   : loaded 3 times (x 80B)
Class com.google.common.base.CharMatcher$FastMatcher                                  : loaded 3 times (x 109B)
Class [Lorg.jetbrains.kotlin.config.LanguageVersion;                                  : loaded 3 times (x 67B)
Class com.google.common.base.CharMatcher$JavaLetter                                   : loaded 3 times (x 109B)
Class com.google.common.base.Strings                                                  : loaded 3 times (x 69B)
Class com.google.common.collect.MapDifference                                         : loaded 3 times (x 68B)
Class com.google.common.collect.ArrayListMultimap                                     : loaded 3 times (x 170B)
Class com.google.common.util.concurrent.AbstractFuture$SynchronizedHelper             : loaded 3 times (x 76B)
Class com.google.common.collect.Sets$1                                                : loaded 3 times (x 137B)
Class org.jetbrains.kotlin.cli.common.CompilerSystemProperties                        : loaded 3 times (x 78B)
Class com.google.common.math.MathPreconditions                                        : loaded 3 times (x 69B)
Class com.google.common.collect.Sets$2                                                : loaded 3 times (x 137B)
Class com.google.common.util.concurrent.AbstractFuture$Trusted                        : loaded 3 times (x 68B)
Class com.google.common.cache.CacheBuilder$NullListener                               : loaded 3 times (x 80B)
Class org.objectweb.asm.Label                                                         : loaded 3 times (x 71B)
Class [Lcom.google.common.collect.HashBiMap$BiEntry;                                  : loaded 3 times (x 67B)
Class com.google.common.collect.Sets$3                                                : loaded 3 times (x 137B)
Class com.google.common.collect.Sets$4                                                : loaded 3 times (x 137B)
Class org.objectweb.asm.MethodWriter                                                  : loaded 3 times (x 104B)
Class com.google.common.collect.Platform                                              : loaded 3 times (x 69B)
Class com.google.common.collect.ImmutableAsList                                       : loaded 3 times (x 169B)
Class com.google.common.math.IntMath$1                                                : loaded 3 times (x 69B)
Class com.google.common.util.concurrent.ExecutionError                                : loaded 3 times (x 80B)
Class com.google.common.base.Splitter                                                 : loaded 3 times (x 70B)
Class org.objectweb.asm.AnnotationWriter                                              : loaded 3 times (x 77B)
Class com.google.common.base.Equivalence$Identity                                     : loaded 3 times (x 80B)
Class com.google.common.base.CharMatcher$AnyOf                                        : loaded 3 times (x 110B)
Class [Lcom.google.common.cache.Weigher;                                              : loaded 3 times (x 67B)
Class build_95nb4kwpi25o3twxfo2vn255e$_run_closure1$_closure3                         : loaded 3 times (x 137B)
Class com.google.common.collect.Lists                                                 : loaded 3 times (x 69B)
Class com.google.common.collect.BiMap                                                 : loaded 3 times (x 68B)
Class com.google.common.collect.Sets$SetView                                          : loaded 3 times (x 136B)
Class com.google.common.base.CharMatcher$IsEither                                     : loaded 3 times (x 109B)
Class com.google.common.collect.Maps$KeySet                                           : loaded 3 times (x 135B)
Class com.google.common.base.CharMatcher$InRange                                      : loaded 3 times (x 109B)
Class com.google.common.collect.ElementTypesAreNonnullByDefault                       : loaded 3 times (x 68B)
Class com.google.common.base.PatternCompiler                                          : loaded 3 times (x 68B)
Class [Lcom.google.common.cache.CacheBuilder$NullListener;                            : loaded 3 times (x 67B)
Class com.google.common.collect.Maps$8                                                : loaded 3 times (x 80B)
Class [Lcom.google.common.cache.LocalCache$Strength;                                  : loaded 3 times (x 67B)
Class com.google.common.collect.RegularImmutableSet                                   : loaded 3 times (x 146B)
Class com.google.common.cache.LocalCache                                              : loaded 3 times (x 185B)
Class com.google.common.cache.LocalCache$StrongValueReference                         : loaded 3 times (x 88B)
Class com.google.common.collect.RegularImmutableList                                  : loaded 3 times (x 172B)
Class com.google.common.base.Predicate                                                : loaded 3 times (x 68B)
Class com.google.common.collect.Iterators$ArrayItr                                    : loaded 3 times (x 95B)
Class com.google.common.util.concurrent.AbstractFuture$UnsafeAtomicHelper$1           : loaded 3 times (x 74B)
Class com.google.common.base.CharMatcher$JavaUpperCase                                : loaded 3 times (x 109B)
Class com.google.common.collect.Multiset                                              : loaded 3 times (x 68B)
Class com.google.common.cache.LocalCache$EntryFactory$8                               : loaded 3 times (x 81B)
Class com.google.common.collect.ImmutableSet$CachingAsList                            : loaded 3 times (x 145B)
Class com.google.common.cache.LocalCache$EntryFactory$7                               : loaded 3 times (x 81B)
Class com.google.common.cache.LocalCache$Segment                                      : loaded 3 times (x 152B)
Class com.google.common.cache.LocalCache$EntryFactory$6                               : loaded 3 times (x 81B)
Class com.google.common.cache.LocalCache$EntryFactory$5                               : loaded 3 times (x 81B)
Class com.google.common.cache.LocalCache$EntryFactory$4                               : loaded 3 times (x 81B)
Class com.google.common.cache.LocalCache$EntryFactory$3                               : loaded 3 times (x 81B)
Class org.jetbrains.kotlin.config.MavenComparableVersion$ListItem                     : loaded 3 times (x 178B)
Class com.google.common.cache.LocalCache$EntryFactory$2                               : loaded 3 times (x 81B)
Class com.google.common.collect.AbstractMultimap$Entries                              : loaded 3 times (x 118B)
Class com.google.gson.stream.JsonReader$1                                             : loaded 3 times (x 70B)
Class com.google.common.cache.LocalCache$EntryFactory$1                               : loaded 3 times (x 81B)
Class com.google.common.primitives.Ints                                               : loaded 3 times (x 69B)
Class org.objectweb.asm.MethodVisitor                                                 : loaded 3 times (x 103B)
Class com.google.common.base.Equivalence                                              : loaded 3 times (x 80B)
Class com.google.common.cache.LocalCache$AbstractReferenceEntry                       : loaded 3 times (x 105B)
Class com.google.common.collect.AbstractMapBasedMultimap$KeySet$1                     : loaded 3 times (x 80B)
Class com.google.common.collect.ImmutableMapEntry$NonTerminalImmutableMapEntry        : loaded 3 times (x 83B)
Class com.google.common.collect.ImmutableSet$EmptySetBuilderImpl                      : loaded 3 times (x 74B)
Class com.google.common.base.Converter                                                : loaded 3 times (x 88B)
Class com.google.common.collect.AbstractMapBasedMultimap$Itr                          : loaded 3 times (x 81B)
Class org.objectweb.asm.Type                                                          : loaded 3 times (x 70B)
Class com.google.common.collect.ImmutableMap                                          : loaded 3 times (x 118B)
Class org.objectweb.asm.SymbolTable$Entry                                             : loaded 3 times (x 72B)
Class com.google.common.collect.ImmutableMap$IteratorBasedImmutableMap                : loaded 3 times (x 123B)
Class com.google.gson.stream.JsonToken                                                : loaded 3 times (x 77B)
Class com.google.common.util.concurrent.AbstractFuture$Failure                        : loaded 3 times (x 70B)
Class com.google.common.base.CharMatcher$BitSetMatcher                                : loaded 3 times (x 110B)
Class com.android.repository.impl.generated.v1.PatchesType                            : loaded 2 times (x 73B)
Class com.sun.xml.bind.v2.runtime.Location                                            : loaded 2 times (x 68B)
Class org.jetbrains.kotlin.gradle.plugin.mpp.KotlinMultiplatformPluginKt$sourcesJarTask$1: loaded 2 times (x 77B)
Class com.android.build.api.variant.impl.FlatSourceDirectoriesImpl                    : loaded 2 times (x 90B)
Class org.jetbrains.kotlin.gradle.dsl.DefaultToolchainSupport_Decorated               : loaded 2 times (x 122B)
Class com.android.build.api.variant.ComponentIdentity                                 : loaded 2 times (x 68B)
Class com.android.repository.impl.meta.SchemaModuleUtil$NamespaceFallbackFilter       : loaded 2 times (x 151B)
Class [Lcom.android.build.gradle.internal.dependency.ArtifactCollectionWithExtraArtifact$ExtraArtifactType;: loaded 2 times (x 67B)
Class [Lcom.google.gson.FieldNamingPolicy;                                            : loaded 2 times (x 67B)
Class org.jetbrains.kotlin.gradle.targets.js.npm.NpmDependencyWithExternalsExtension  : loaded 2 times (x 68B)
Class org.jetbrains.kotlin.gradle.dsl.DefaultToolchainSupport$wireToolchainToTasks$1$1: loaded 2 times (x 77B)
Class com.android.build.gradle.internal.dsl.BundleOptionsAbi                          : loaded 2 times (x 75B)
Class org.jetbrains.kotlin.load.kotlin.FileBasedKotlinClass$InnerClassesInfo          : loaded 2 times (x 72B)
Class com.android.build.gradle.internal.dsl.SigningConfigImpl$AgpDecorated            : loaded 2 times (x 99B)
Class org.jetbrains.kotlin.name.FqNameUnsafe                                          : loaded 2 times (x 70B)
Class com.sun.xml.bind.v2.runtime.property.ArrayERProperty$ReceiverImpl               : loaded 2 times (x 73B)
Class [Ljavax.xml.bind.annotation.XmlAccessType;                                      : loaded 2 times (x 67B)
Class com.android.build.gradle.internal.scope.InternalArtifactType$RES_STATIC_LIBRARY : loaded 2 times (x 72B)
Class org.jetbrains.kotlin.gradle.plugin.mpp.compilationImpl.factory.KotlinCompilationImplFactory$KotlinCompilationOutputFactory: loaded 2 times (x 68B)
Class org.jetbrains.kotlin.gradle.targets.js.npm.NpmDependencyExtensionKt$WhenMappings: loaded 2 times (x 69B)
Class com.sun.xml.bind.v2.runtime.reflect.PrimitiveArrayListerFloat                   : loaded 2 times (x 74B)
Class com.android.sdklib.repository.legacy.FileOp                                     : loaded 2 times (x 75B)
Class com.android.build.api.component.impl.features.OptimizationCreationConfigImpl$consumerProguardFiles$2: loaded 2 times (x 77B)
Class com.android.build.gradle.internal.core.dsl.impl.ConsumableComponentDslInfoImpl  : loaded 2 times (x 128B)
Class com.google.wireless.android.sdk.stats.GradleBuildProject$PluginType             : loaded 2 times (x 85B)
Class com.android.build.gradle.internal.manifest.ManifestValueSource$Params           : loaded 2 times (x 68B)
Class com.android.build.api.variant.DslLifecycle                                      : loaded 2 times (x 68B)
Class com.android.build.gradle.internal.NdkHandlerInput_Decorated                     : loaded 2 times (x 119B)
Class com.android.build.gradle.internal.dsl.LibraryBuildFeaturesImpl                  : loaded 2 times (x 126B)
Class com.android.build.api.variant.impl.FlatSourceDirectoriesImpl$addSource$1        : loaded 2 times (x 73B)
Class org.jetbrains.kotlin.gradle.plugin.KotlinAndroidPlugin$Companion$dynamicallyApplyWhenAndroidPluginIsApplied$2$1: loaded 2 times (x 77B)
Class com.android.build.gradle.internal.dsl.AarMetadataImpl$AgpDecorated              : loaded 2 times (x 89B)
Class com.android.build.api.dsl.DynamicFeatureBaseFlavor                              : loaded 2 times (x 68B)
Class org.jetbrains.kotlin.metadata.ProtoBuf$TypeParameter$Variance$1                 : loaded 2 times (x 72B)
Class com.android.tools.build.gradle.internal.profile.GradleTaskExecutionType         : loaded 2 times (x 85B)
Class com.android.build.gradle.internal.testing.utp.UtpDependency$1                   : loaded 2 times (x 125B)
Class com.android.build.gradle.internal.core.dsl.impl.DslInfoCommonKt$getTestComponentNamespace$2$1: loaded 2 times (x 73B)
Class com.android.build.api.variant.AndroidTest                                       : loaded 2 times (x 68B)
Class org.objectweb.asm.commons.GeneratorAdapter                                      : loaded 2 times (x 185B)
Class com.google.common.io.Files$FileByteSource                                       : loaded 2 times (x 83B)
Class com.google.wireless.android.sdk.stats.GradleTaskExecution$Builder               : loaded 2 times (x 301B)
Class com.android.build.gradle.api.LibraryVariant                                     : loaded 2 times (x 68B)
Class com.android.build.gradle.internal.testing.utp.UtpDependency$2                   : loaded 2 times (x 125B)
Class org.jetbrains.kotlin.statistics.metrics.NumberOverridePolicy$SUM                : loaded 2 times (x 83B)
Class org.jetbrains.kotlin.statistics.metrics.BooleanAnonymizationPolicy              : loaded 2 times (x 83B)
Class jdk.internal.jrtfs.SystemImage$2                                                : loaded 2 times (x 74B)
Class com.android.build.api.extension.impl.AndroidComponentsExtensionImpl             : loaded 2 times (x 103B)
Class com.sun.xml.bind.v2.model.annotation.Quick                                      : loaded 2 times (x 86B)
Class com.android.build.gradle.internal.testing.utp.UtpDependency$3                   : loaded 2 times (x 125B)
Class com.android.build.api.variant.impl.VariantImpl$minSdk$2                         : loaded 2 times (x 77B)
Class org.jetbrains.kotlin.gradle.internal.KotlinTestDependencyManagementKt$sam$org_gradle_api_Action$0: loaded 2 times (x 73B)
Class org.jetbrains.org.objectweb.asm.tree.MethodNode                                 : loaded 2 times (x 107B)
Class com.android.build.gradle.internal.dependency.PlatformAttrTransform              : loaded 2 times (x 76B)
Class com.android.build.gradle.internal.testing.utp.UtpDependency$4                   : loaded 2 times (x 125B)
Class com.android.build.api.variant.DependenciesInfoBuilder                           : loaded 2 times (x 68B)
Class com.android.build.gradle.internal.dsl.SdkComponentsImpl$sdkDirectory$1          : loaded 2 times (x 73B)
Class com.android.build.api.dsl.DynamicFeatureDefaultConfig                           : loaded 2 times (x 68B)
Class com.android.utils.EnvironmentProvider                                           : loaded 2 times (x 68B)
Class com.android.build.gradle.AbstractAppExtension                                   : loaded 2 times (x 217B)
Class net.rubygrapefruit.platform.internal.WindowsProcessLauncher                     : loaded 2 times (x 74B)
Class org.jetbrains.kotlin.config.JVMAssertionsMode$Companion                         : loaded 2 times (x 69B)
Class com.sun.xml.bind.v2.model.impl.RuntimeBuiltinLeafInfoImpl$StringImplImpl        : loaded 2 times (x 134B)
Class com.android.build.gradle.internal.testing.utp.UtpDependency$5                   : loaded 2 times (x 125B)
Class com.android.build.gradle.internal.tasks.DexFileDependenciesTask$CreationAction$handleProvider$1: loaded 2 times (x 125B)
Class com.android.build.gradle.internal.scope.InternalArtifactType$MERGED_MANIFESTS   : loaded 2 times (x 72B)
Class com.android.build.gradle.internal.UnitTestTaskManager                           : loaded 2 times (x 79B)
Class com.android.build.api.component.analytics.AnalyticsEnabledDeviceTest            : loaded 2 times (x 165B)
Class com.android.build.gradle.internal.api.ReadOnlyObjectProvider                    : loaded 2 times (x 74B)
Class com.android.build.gradle.internal.dsl.ExternalNativeNdkBuildOptions             : loaded 2 times (x 107B)
Class com.android.build.gradle.internal.dsl.decorator.DslDecorator$CollectingInfoVisitor: loaded 2 times (x 73B)
Class com.android.build.gradle.api.AndroidSourceDirectorySet$srcDir                   : loaded 2 times (x 144B)
Class org.jetbrains.kotlin.config.LanguageFeature                                     : loaded 2 times (x 78B)
Class com.android.build.gradle.internal.SdkLocator$SdkLocationSource$LOCAL_ANDROID_DIR: loaded 2 times (x 78B)
Class com.android.build.gradle.internal.tasks.DexFileDependenciesTask$CreationAction$handleProvider$2: loaded 2 times (x 125B)
Class com.android.build.gradle.internal.dependency.AndroidXDependencySubstitution$replaceOldSupportLibraries$1$1: loaded 2 times (x 73B)
Class com.android.build.gradle.internal.testing.utp.UtpDependency$6                   : loaded 2 times (x 125B)
Class [Lorg.jetbrains.kotlin.statistics.ValueAnonymizer;                              : loaded 2 times (x 67B)
Class com.android.build.api.dsl.ComposeOptions                                        : loaded 2 times (x 68B)
Class com.sun.xml.bind.v2.util.TypeCast                                               : loaded 2 times (x 69B)
Class com.android.build.gradle.internal.scope.InternalArtifactType$LIBRARY_ART_PROFILE: loaded 2 times (x 72B)
Class com.android.build.gradle.internal.testing.utp.UtpDependency$7                   : loaded 2 times (x 125B)
Class [Lcom.android.tools.build.jetifier.processor.transform.Transformer;             : loaded 2 times (x 67B)
Class com.android.build.api.artifact.impl.StorageProviderImpl$directory$1             : loaded 2 times (x 76B)
Class org.jetbrains.kotlin.gradle.targets.js.npm.DevNpmDependencyExtension            : loaded 2 times (x 68B)
Class com.google.protobuf.MessageLiteOrBuilder                                        : loaded 2 times (x 68B)
Class com.android.build.gradle.tasks.AnalyzeDependenciesTask$CreationAction$handleProvider$1: loaded 2 times (x 125B)
Class com.android.build.gradle.internal.testing.ManagedDeviceRegistry                 : loaded 2 times (x 73B)
Class com.android.build.gradle.internal.testing.utp.UtpDependency$8                   : loaded 2 times (x 125B)
Class com.android.build.gradle.tasks.PackageAndroidArtifact$Companion$MANIFEST_DATA_ISSUE_REPORTER$1: loaded 2 times (x 71B)
Class com.android.build.gradle.internal.core.dsl.impl.ApplicationVariantDslInfoImpl$versionName$2: loaded 2 times (x 77B)
Class com.android.build.api.artifact.impl.ScopedArtifactsImpl                         : loaded 2 times (x 73B)
Class com.google.common.collect.ImmutableSortedSetFauxverideShim                      : loaded 2 times (x 145B)
Class com.android.build.gradle.internal.publishing.PublishingSpecs                    : loaded 2 times (x 69B)
Class com.android.build.gradle.internal.testing.utp.UtpDependency$9                   : loaded 2 times (x 125B)
Class com.android.build.api.artifact.ScopedArtifact$CLASSES                           : loaded 2 times (x 72B)
Class com.android.tools.build.jetifier.core.rule.RewriteRule$JsonData                 : loaded 2 times (x 70B)
Class org.jetbrains.kotlin.gradle.plugin.mpp.AbstractKotlinCompilation                : loaded 2 times (x 182B)
Class org.jetbrains.kotlin.descriptors.DescriptorVisibilities$1                       : loaded 2 times (x 76B)
Class com.android.build.gradle.internal.tasks.CheckAarMetadataTask$CreationAction$configure$1$1: loaded 2 times (x 72B)
Class com.android.build.gradle.internal.lint.JavaArtifactInput                        : loaded 2 times (x 88B)
Class org.jetbrains.kotlin.gradle.plugin.mpp.KotlinCompilationsKt$addSourcesToKotlinCompileTask$configureAction$2: loaded 2 times (x 73B)
Class com.sun.xml.bind.v2.model.impl.ModelBuilder$1                                   : loaded 2 times (x 74B)
Class com.android.build.gradle.internal.core.dsl.impl.LibraryVariantDslInfoImpl$isAndroidTestMultiDexEnabled$2: loaded 2 times (x 77B)
Class com.android.build.gradle.internal.publishing.VariantPublishingInfo              : loaded 2 times (x 70B)
Class com.android.build.api.dsl.JniLibsPackaging                                      : loaded 2 times (x 68B)
Class [Lcom.android.prefs.VariableValue;                                              : loaded 2 times (x 67B)
Class com.android.build.gradle.internal.services.Aapt2ThreadPoolBuildService          : loaded 2 times (x 78B)
Class org.jetbrains.kotlin.gradle.internal.Kapt3KotlinGradleSubpluginKt               : loaded 2 times (x 69B)
Class com.android.builder.model.v2.ide.ProjectType                                    : loaded 2 times (x 77B)
Class org.jetbrains.kotlin.descriptors.DescriptorVisibilities$2                       : loaded 2 times (x 76B)
Class com.android.build.gradle.internal.scope.InternalArtifactType$JAVA_DOC_JAR       : loaded 2 times (x 72B)
Class com.android.build.gradle.internal.tasks.MergeJavaResourceTask$CreationAction    : loaded 2 times (x 88B)
Class com.android.build.gradle.internal.dsl.BaseAppModuleExtension_Decorated          : loaded 2 times (x 529B)
Class org.jetbrains.kotlin.descriptors.DescriptorVisibilities$3                       : loaded 2 times (x 76B)
Class com.android.builder.model.AdbOptions                                            : loaded 2 times (x 68B)
Class com.android.build.gradle.internal.api.artifact.SourceArtifactType$SHADERS       : loaded 2 times (x 72B)
Class com.android.builder.core.AbstractProductFlavor$Companion                        : loaded 2 times (x 69B)
Class com.google.protobuf.IntArrayList                                                : loaded 2 times (x 222B)
Class org.jetbrains.kotlin.config.JvmDefaultMode                                      : loaded 2 times (x 77B)
Class org.jetbrains.kotlin.descriptors.DescriptorVisibilities$4                       : loaded 2 times (x 76B)
Class com.android.build.api.variant.impl.LibraryVariantBuilderImpl_Decorated          : loaded 2 times (x 232B)
Class org.jetbrains.kotlin.gradle.dsl.KotlinTopLevelExtensionConfig                   : loaded 2 times (x 68B)
Class com.android.build.gradle.options.SigningOptions                                 : loaded 2 times (x 70B)
Class org.jetbrains.kotlin.descriptors.DescriptorVisibilities$5                       : loaded 2 times (x 76B)
Class com.android.tools.analytics.NullUsageTracker                                    : loaded 2 times (x 79B)
Class com.android.build.gradle.internal.core.dsl.impl.ComponentDslInfoImpl$computeApplicationIdSuffix$2: loaded 2 times (x 76B)
Class com.android.build.api.variant.TestFixtures                                      : loaded 2 times (x 68B)
Class com.google.common.io.CharSource$ConcatenatedCharSource                          : loaded 2 times (x 84B)
Class [Lorg.jetbrains.kotlin.config.JvmDefaultMode;                                   : loaded 2 times (x 67B)
Class org.jetbrains.kotlin.descriptors.DescriptorVisibilities$6                       : loaded 2 times (x 76B)
Class com.android.build.api.component.impl.features.InstrumentationCreationConfigImpl$projectClassesPostInstrumentation$2: loaded 2 times (x 77B)
Class com.google.gson.FieldNamingPolicy$1                                             : loaded 2 times (x 81B)
Class com.android.build.gradle.internal.core.dsl.impl.features.OptimizationDslInfoImpl$postProcessingOptions$2: loaded 2 times (x 77B)
Class com.android.build.gradle.internal.core.dsl.impl.features.OptimizationDslInfoImpl$mergeOptions$1: loaded 2 times (x 76B)
Class com.android.build.gradle.internal.tasks.factory.TaskFactoryUtils                : loaded 2 times (x 69B)
Class com.android.build.gradle.internal.dsl.PrivacySandboxImpl                        : loaded 2 times (x 76B)
Class org.jetbrains.kotlin.descriptors.DescriptorVisibilities$7                       : loaded 2 times (x 76B)
Class org.jetbrains.kotlin.build.report.metrics.BuildPerformanceMetrics               : loaded 2 times (x 70B)
Class com.sun.xml.bind.v2.model.annotation.XmlTransientQuick                          : loaded 2 times (x 88B)
Class com.android.build.gradle.internal.scope.InternalArtifactType$INTERMEDIARY_BUNDLE: loaded 2 times (x 72B)
Class com.android.build.gradle.internal.tasks.CheckDuplicateClassesTask$CreationAction: loaded 2 times (x 88B)
Class com.google.gson.FieldNamingPolicy$2                                             : loaded 2 times (x 81B)
Class com.android.build.gradle.internal.core.dsl.impl.features.OptimizationDslInfoImpl$mergeOptions$2: loaded 2 times (x 76B)
Class [Lorg.jetbrains.kotlin.gradle.dsl.JvmTarget;                                    : loaded 2 times (x 67B)
Class com.android.build.api.dsl.CmakeFlags                                            : loaded 2 times (x 68B)
Class com.android.build.api.variant.CanMinifyAndroidResources                         : loaded 2 times (x 68B)
Class org.jetbrains.kotlin.descriptors.DescriptorVisibilities$8                       : loaded 2 times (x 76B)
Class com.sun.xml.bind.v2.model.annotation.XmlSchemaQuick                             : loaded 2 times (x 93B)
Class com.sun.xml.bind.api.Bridge                                                     : loaded 2 times (x 83B)
Class com.android.build.gradle.internal.tasks.SigningReportTask                       : loaded 2 times (x 312B)
Class com.google.gson.FieldNamingPolicy$3                                             : loaded 2 times (x 81B)
Class org.jetbrains.kotlin.gradle.plugin.KotlinMultiplatformPluginKt                  : loaded 2 times (x 69B)
Class com.android.build.api.dsl.BundleTexture                                         : loaded 2 times (x 68B)
Class com.android.utils.DateProvider                                                  : loaded 2 times (x 68B)
Class com.android.build.api.component.impl.features.BuildConfigCreationConfigImpl$buildConfigFields$2: loaded 2 times (x 77B)
Class org.jetbrains.kotlin.descriptors.DescriptorVisibilities$9                       : loaded 2 times (x 76B)
Class com.android.build.gradle.internal.testing.utp.UtpDependencies                   : loaded 2 times (x 84B)
Class com.google.gson.FieldNamingPolicy$4                                             : loaded 2 times (x 81B)
Class org.jetbrains.kotlin.gradle.plugin.internal.ConfigurationTimePropertiesAccessor$ConfigurationTimePropertiesAccessorVariantFactory: loaded 2 times (x 68B)
Class com.android.build.gradle.internal.services.VariantServices                      : loaded 2 times (x 68B)
Class com.android.build.gradle.internal.dsl.SigningConfigImpl$AgpDecorated_Decorated  : loaded 2 times (x 153B)
Class com.android.build.gradle.options.Option$Status$STABLE                           : loaded 2 times (x 69B)
Class jdk.internal.jrtfs.SystemImage$1                                                : loaded 2 times (x 76B)
Class com.google.protobuf.CodedOutputStream$ArrayEncoder                              : loaded 2 times (x 108B)
Class com.android.build.gradle.internal.tasks.ProcessJavaResTask                      : loaded 2 times (x 579B)
Class com.google.gson.FieldNamingPolicy$5                                             : loaded 2 times (x 81B)
Class com.android.build.api.attributes.BuildTypeAttr$Companion                        : loaded 2 times (x 69B)
Class com.google.protobuf.DescriptorProtos$EnumOptionsOrBuilder                       : loaded 2 times (x 68B)
Class com.google.wireless.android.sdk.stats.GradlePluginDataOrBuilder                 : loaded 2 times (x 68B)
Class com.android.build.gradle.internal.api.DefaultAndroidSourceFile                  : loaded 2 times (x 86B)
Class org.jetbrains.kotlin.statistics.metrics.NumberAnonymizationPolicy$SAFE          : loaded 2 times (x 83B)
Class com.google.common.hash.HashFunction                                             : loaded 2 times (x 68B)
Class org.jetbrains.kotlin.metadata.ProtoBuf$Annotation$ArgumentOrBuilder             : loaded 2 times (x 68B)
Class org.jetbrains.kotlin.metadata.jvm.JvmProtoBuf                                   : loaded 2 times (x 69B)
Class com.android.build.gradle.internal.signing.SigningConfigDataProvider$Companion   : loaded 2 times (x 69B)
Class com.android.build.gradle.internal.tasks.BundleReportDependenciesTask$CreationAction$handleProvider$1: loaded 2 times (x 125B)
Class com.android.build.gradle.tasks.PackageAndroidArtifact$CreationAction$Companion  : loaded 2 times (x 69B)
Class com.google.gson.FieldNamingPolicy$6                                             : loaded 2 times (x 81B)
Class org.jetbrains.kotlin.gradle.plugin.KotlinSourceSet$DefaultImpls                 : loaded 2 times (x 69B)
Class com.android.build.gradle.internal.core.dsl.impl.VariantDslInfoImpl$initApplicationId$2: loaded 2 times (x 73B)
Class org.gradle.internal.installation.GradleInstallation$1                           : loaded 2 times (x 73B)
Class com.android.build.gradle.options.SyncOptions$EvaluationMode                     : loaded 2 times (x 77B)
Class com.android.build.gradle.options.ApiStage$Removed                               : loaded 2 times (x 70B)
Class com.android.utils.Environment$Companion$SYSTEM$1                                : loaded 2 times (x 72B)
Class org.jetbrains.org.objectweb.asm.MethodWriter                                    : loaded 2 times (x 103B)
Class com.android.build.gradle.internal.lint.AndroidLintAnalysisTask$Companion$registerOutputArtifacts$1: loaded 2 times (x 125B)
Class com.android.build.gradle.tasks.ExtractDeepLinksTask                             : loaded 2 times (x 325B)
Class com.google.gson.FieldNamingPolicy$7                                             : loaded 2 times (x 81B)
Class org.jetbrains.kotlin.gradle.plugin.KotlinPluginWrapperKt$kotlinPluginVersionFromResources$1$1: loaded 2 times (x 69B)
Class [Lcom.google.protobuf.Descriptors$DescriptorPool$SearchFilter;                  : loaded 2 times (x 67B)
Class com.android.build.api.attributes.AgpVersionAttr$Impl                            : loaded 2 times (x 86B)
Class com.google.common.collect.ImmutableSet$SerializedForm                           : loaded 2 times (x 71B)
Class com.android.sdklib.repository.generated.addon.v2.package-info                   : loaded 2 times (x 68B)
Class com.android.build.gradle.internal.core.dsl.impl.VariantDslInfoImpl$namespace$1  : loaded 2 times (x 73B)
Class com.android.build.gradle.internal.LoggerWrapper                                 : loaded 2 times (x 84B)
Class [Lorg.jetbrains.kotlin.protobuf.Internal$EnumLite;                              : loaded 2 times (x 67B)
Class org.jetbrains.kotlin.gradle.report.BuildReportsService$Companion                : loaded 2 times (x 69B)
Class [Lcom.android.build.gradle.internal.SdkType;                                    : loaded 2 times (x 67B)
Class com.android.build.gradle.internal.SdkLibDataFactory$Environment                 : loaded 2 times (x 70B)
Class com.android.build.gradle.internal.scope.InternalArtifactType$SDK_DEPENDENCY_DATA: loaded 2 times (x 72B)
Class com.google.gson.internal.bind.CollectionTypeAdapterFactory                      : loaded 2 times (x 73B)
Class com.android.build.gradle.internal.manifest.LazyManifestParser$issueReporter$1   : loaded 2 times (x 72B)
Class org.jetbrains.kotlin.gradle.plugin.ProjectLocalConfigurations                   : loaded 2 times (x 69B)
Class com.android.build.gradle.internal.dsl.decorator.DslDecorator$Companion$lookupDefineClassMethod$2: loaded 2 times (x 76B)
Class com.android.build.gradle.internal.dsl.VariantDimensionBinaryCompatibilityFix    : loaded 2 times (x 68B)
Class com.android.build.FilterData                                                    : loaded 2 times (x 68B)
Class com.android.build.gradle.internal.plugins.AbstractAppPlugin                     : loaded 2 times (x 91B)
Class org.jetbrains.kotlin.serialization.deserialization.ProtoEnumFlagsUtilsKt$WhenMappings: loaded 2 times (x 69B)
Class com.android.build.gradle.internal.scope.InternalArtifactType$AIDL_SOURCE_OUTPUT_DIR: loaded 2 times (x 72B)
Class com.sun.xml.bind.v2.runtime.SchemaTypeTransducer                                : loaded 2 times (x 86B)
Class com.android.build.gradle.internal.PlatformToolsComponents$Companion$build$fileExists$1: loaded 2 times (x 73B)
Class com.android.build.gradle.internal.dsl.LibraryPublishingImpl$Companion           : loaded 2 times (x 69B)
Class com.android.build.api.variant.impl.SourcesImpl$aidl$2                           : loaded 2 times (x 77B)
Class org.jetbrains.kotlin.gradle.plugin.KotlinSourceSet$Companion                    : loaded 2 times (x 69B)
Class com.android.build.gradle.internal.core.dsl.impl.VariantDslInfoImpl$initApplicationId$1: loaded 2 times (x 73B)
Class com.android.build.gradle.tasks.MergeResources$Companion                         : loaded 2 times (x 69B)
Class com.android.sdklib.repository.generated.common.v2.package-info                  : loaded 2 times (x 68B)
Class com.android.build.api.component.analytics.AnalyticsEnabledLibraryVariant$userVisiblePackaging$2: loaded 2 times (x 77B)
Class com.android.build.gradle.internal.scope.InternalArtifactType$SHRUNK_PROCESSED_RES: loaded 2 times (x 72B)
Class org.gradle.api.internal.DefaultClassPathProvider                                : loaded 2 times (x 74B)
Class com.android.build.gradle.internal.plugins.BasePlugin$Companion                  : loaded 2 times (x 69B)
Class org.jetbrains.kotlin.gradle.tasks.DefaultKotlinJavaToolchain$getToolsJarFromJvm$1: loaded 2 times (x 77B)
Class com.android.build.api.variant.DeviceTest                                        : loaded 2 times (x 68B)
Class com.android.build.api.component.analytics.AnalyticsEnabledApplicationVariantBuilder$_androidResources$2: loaded 2 times (x 77B)
Class com.android.build.api.component.impl.features.AndroidResourcesCreationConfigImpl$pseudoLocalesEnabled$2: loaded 2 times (x 77B)
Class com.android.build.gradle.internal.lint.LintTaskManager$createLintTasks$6        : loaded 2 times (x 73B)
Class com.android.build.gradle.internal.SdkComponentsBuildService$VersionedSdkLoader$coreLambdaStubsProvider$1: loaded 2 times (x 73B)
Class com.google.gson.ToNumberStrategy                                                : loaded 2 times (x 68B)
Class org.jetbrains.kotlin.gradle.plugin.mpp.compilationImpl.factory.KotlinCompilationImplFactory$KotlinCompilationDependencyConfigurationsFactory: loaded 2 times (x 68B)
Class com.android.build.gradle.internal.TaskManager                                   : loaded 2 times (x 79B)
Class com.android.build.gradle.tasks.BundleAar_Decorated                              : loaded 2 times (x 674B)
Class org.jetbrains.org.objectweb.asm.tree.ParameterNode                              : loaded 2 times (x 71B)
Class com.sun.xml.bind.v2.runtime.reflect.PrimitiveArrayListerByte                    : loaded 2 times (x 74B)
Class com.android.build.api.component.impl.LifecycleTasksImpl$LifecycleEvent          : loaded 2 times (x 77B)
Class com.android.build.gradle.tasks.ProcessManifestForMetadataFeatureTask$CreationAction: loaded 2 times (x 88B)
Class org.jetbrains.kotlin.gradle.plugin.internal.DefaultConfigurationTimePropertiesAccessorVariantFactory: loaded 2 times (x 72B)
Class com.android.build.gradle.internal.dsl.ComposeOptionsImpl                        : loaded 2 times (x 84B)
Class com.android.build.api.variant.HasHostTestsBuilder                               : loaded 2 times (x 68B)
Class com.android.build.gradle.internal.lint.VariantInputs$initialize$6               : loaded 2 times (x 77B)
Class org.jetbrains.kotlin.protobuf.WireFormat                                        : loaded 2 times (x 69B)
Class com.google.protobuf.CodedOutputStream$AbstractBufferedEncoder                   : loaded 2 times (x 108B)
Class com.android.build.gradle.internal.scope.InternalArtifactType$AAR_LIBS_DIRECTORY : loaded 2 times (x 72B)
Class com.google.common.collect.MapMakerInternalMap$Strength                          : loaded 2 times (x 78B)
Class com.android.build.gradle.internal.tasks.ExportConsumerProguardFilesTask$CreationAction$handleProvider$1: loaded 2 times (x 125B)
Class com.android.build.gradle.internal.tasks.factory.BootClasspathConfigImpl$bootClasspath$2$1: loaded 2 times (x 125B)
Class com.android.build.gradle.internal.dependency.ClassesDirToClassesTransform       : loaded 2 times (x 76B)
Class com.android.build.api.variant.impl.VariantOutputConfigurationImpl               : loaded 2 times (x 74B)
Class com.android.build.gradle.internal.tasks.factory.TaskProviderCallback            : loaded 2 times (x 68B)
Class com.android.build.gradle.internal.dsl.ConsumerKeepRulesImpl                     : loaded 2 times (x 90B)
Class com.android.prefs.AndroidPathLocator                                            : loaded 2 times (x 71B)
Class [Lcom.android.build.gradle.internal.dependency.AdditionalArtifactType;          : loaded 2 times (x 67B)
Class user_agent_6qc1bp7kvbhs8ioaf48wg1siq$_run_closure1                              : loaded 2 times (x 138B)
Class org.jetbrains.kotlin.utils.CollectionsKt                                        : loaded 2 times (x 69B)
Class org.jetbrains.kotlin.gradle.tasks.KotlinCompile                                 : loaded 2 times (x 456B)
Class com.android.build.gradle.internal.profile.ProfileAwareWorkAction$Parameters     : loaded 2 times (x 73B)
Class com.android.repository.api.ConsoleProgressIndicator                             : loaded 2 times (x 108B)
Class org.jetbrains.kotlin.gradle.plugin.mpp.compilationImpl.KotlinCompilationImpl    : loaded 2 times (x 134B)
Class com.android.build.gradle.internal.core.dsl.impl.InstrumentedTestDslInfoImpl$handleProfiling$2: loaded 2 times (x 72B)
Class com.android.build.gradle.internal.lint.AndroidLintTask$VariantCreationAction$Companion$registerLintIntermediateArtifacts$2: loaded 2 times (x 125B)
Class com.android.build.api.dsl.BuildType                                             : loaded 2 times (x 68B)
Class javax.xml.bind.PropertyException                                                : loaded 2 times (x 83B)
Class org.jetbrains.kotlin.gradle.plugin.mpp.AbstractKotlinTargetKt$sam$org_gradle_api_Action$0: loaded 2 times (x 73B)
Class org.jetbrains.kotlin.gradle.plugin.sources.android.configurator.AndroidKaptSourceSetConfigurator: loaded 2 times (x 73B)
Class org.gradle.internal.classloader.FilteringClassLoader                            : loaded 2 times (x 103B)
Class org.jetbrains.org.objectweb.asm.TypeReference                                   : loaded 2 times (x 78B)
Class com.android.build.gradle.internal.lint.JavaArtifactInput_Decorated              : loaded 2 times (x 153B)
Class com.google.protobuf.Extension$ExtensionType                                     : loaded 2 times (x 77B)
Class com.google.common.collect.AbstractMapBasedMultimap$WrappedCollection            : loaded 2 times (x 122B)
Class com.android.sdklib.repository.generated.common.v2.LibraryType                   : loaded 2 times (x 88B)
Class com.android.build.gradle.internal.variant.BaseVariantData$DiscoverableFilterType: loaded 2 times (x 78B)
Class com.google.wireless.android.sdk.stats.GradlePluginData$1                        : loaded 2 times (x 149B)
Class com.google.protobuf.DescriptorProtos$EnumOptions$1                              : loaded 2 times (x 149B)
Class com.android.build.gradle.internal.dsl.LibraryInstallationImpl$AgpDecorated_Decorated: loaded 2 times (x 144B)
Class com.android.build.gradle.internal.tasks.FinalizeBundleTask                      : loaded 2 times (x 324B)
Class [Lcom.google.wireless.android.sdk.stats.TestRun$TestExecution;                  : loaded 2 times (x 67B)
Class org.jetbrains.kotlin.gradle.plugin.mpp.KotlinTargetComponentWithPublication     : loaded 2 times (x 68B)
Class com.android.build.gradle.internal.dsl.AssetPackBundleExtensionImpl              : loaded 2 times (x 68B)
Class [Lorg.jetbrains.kotlin.metadata.ProtoBuf$VersionRequirement$Level;              : loaded 2 times (x 67B)
Class org.jetbrains.kotlin.resolve.jvm.JvmClassName                                   : loaded 2 times (x 74B)
Class com.sun.xml.bind.v2.runtime.reflect.PrimitiveArrayListerDouble                  : loaded 2 times (x 74B)
Class com.sun.xml.bind.v2.runtime.property.ArrayReferenceNodeProperty$MixedTextLoader : loaded 2 times (x 76B)
Class com.android.build.VariantOutput$FilterType                                      : loaded 2 times (x 77B)
Class com.android.build.api.variant.AndroidResourcesBuilder                           : loaded 2 times (x 68B)
Class com.android.build.gradle.internal.api.DefaultAndroidSourceDirectorySet$directories$1: loaded 2 times (x 141B)
Class com.android.build.gradle.internal.lint.LintTaskManager$createLintTasks$5        : loaded 2 times (x 73B)
Class jdk.internal.jimage.ImageReader$Resource                                        : loaded 2 times (x 82B)
Class com.android.build.gradle.internal.dependency.EnumerateClassesTransform          : loaded 2 times (x 76B)
Class com.android.build.gradle.internal.dsl.CoreExternalNativeNdkBuildOptions         : loaded 2 times (x 68B)
Class com.android.build.gradle.internal.dependency.MockableJarTransform$Parameters    : loaded 2 times (x 68B)
Class com.sun.xml.bind.v2.runtime.JAXBContextImpl$1                                   : loaded 2 times (x 76B)
Class com.android.build.gradle.internal.dependency.JdkImageTransformKt                : loaded 2 times (x 69B)
Class com.android.build.api.component.analytics.AnalyticsEnabledApplicationVariant$userVisibleBundleConfig$2: loaded 2 times (x 77B)
Class com.android.build.api.variant.ApplicationVariant                                : loaded 2 times (x 68B)
Class com.sun.xml.bind.v2.runtime.unmarshaller.XmlVisitor$TextPredictor               : loaded 2 times (x 68B)
Class com.sun.xml.bind.v2.runtime.JAXBContextImpl$2                                   : loaded 2 times (x 76B)
Class com.android.build.gradle.internal.tasks.MergeJavaResourceTask$Companion         : loaded 2 times (x 69B)
Class com.android.build.gradle.internal.publishing.PublishingSpecs$VariantSpecBuilder : loaded 2 times (x 68B)
Class com.android.build.api.variant.ManifestFiles                                     : loaded 2 times (x 68B)
Class com.android.build.api.variant.impl.AndroidTestBuilderImpl                       : loaded 2 times (x 90B)
Class com.android.build.gradle.internal.utils.KgpUtils$syncAgpAndKgpSources$kotlinSourceSets$2: loaded 2 times (x 77B)
Class com.android.build.gradle.api.PrivacySandboxSdkPlugin                            : loaded 2 times (x 72B)
Class org.jetbrains.kotlin.metadata.jvm.JvmProtoBuf$StringTableTypes$Record           : loaded 2 times (x 117B)
Class javax.xml.bind.annotation.XmlRootElement                                        : loaded 2 times (x 68B)
Class com.sun.xml.bind.v2.runtime.JAXBContextImpl$3                                   : loaded 2 times (x 72B)
Class com.android.build.gradle.internal.SupportToolsComponents$Companion              : loaded 2 times (x 69B)
Class com.android.build.gradle.internal.scope.InternalArtifactType$MANIFEST_MERGE_REPORT: loaded 2 times (x 72B)
Class com.android.tools.build.jetifier.processor.transform.proguard.ProGuardClassFilterParser$replacer$1: loaded 2 times (x 77B)
Class FlutterTask$readDependencies                                                    : loaded 2 times (x 150B)
Class com.android.build.gradle.tasks.BundleAar$1                                      : loaded 2 times (x 72B)
Class com.sun.xml.bind.v2.runtime.JAXBContextImpl$5                                   : loaded 2 times (x 72B)
Class com.android.build.api.dsl.PrivacySandboxKeepRules                               : loaded 2 times (x 68B)
Class jdk.internal.jrtfs.SystemImage                                                  : loaded 2 times (x 72B)
Class com.android.utils.Pair                                                          : loaded 2 times (x 70B)
Class com.android.build.gradle.tasks.BundleAar$2                                      : loaded 2 times (x 72B)
Class com.sun.xml.bind.v2.model.runtime.RuntimeEnumLeafInfo                           : loaded 2 times (x 68B)
Class com.sun.xml.bind.v2.runtime.JAXBContextImpl$6                                   : loaded 2 times (x 89B)
Class com.android.build.gradle.internal.tasks.MergeGeneratedProguardFilesCreationAction$handleProvider$1: loaded 2 times (x 125B)
Class [Lorg.jetbrains.kotlin.gradle.report.BuildReportMode;                           : loaded 2 times (x 67B)
Class com.android.build.gradle.internal.services.AndroidLocationsBuildService$RegistrationAction: loaded 2 times (x 72B)
Class com.android.build.api.variant.impl.LayeredSourceDirectoriesImpl$getVariantSourcesWithFilter$2$2: loaded 2 times (x 72B)
Class com.android.repository.io.FileOpUtils                                           : loaded 2 times (x 69B)
Class com.android.build.api.component.impl.features.NativeBuildCreationConfigImpl     : loaded 2 times (x 78B)
Class com.google.common.base.Converter$ReverseConverter                               : loaded 2 times (x 88B)
Class org.jetbrains.kotlin.incremental.ClasspathChanges                               : loaded 2 times (x 69B)
Class com.sun.xml.bind.v2.runtime.LifecycleMethods                                    : loaded 2 times (x 70B)
Class com.sun.xml.bind.v2.model.impl.PropertyInfoImpl                                 : loaded 2 times (x 106B)
Class org.jetbrains.kotlin.gradle.plugin.KotlinTarget$DefaultImpls                    : loaded 2 times (x 69B)
Class org.jetbrains.kotlin.gradle.plugin.mpp.compilationImpl.factory.DefaultKotlinCompilationPostConfigure$configure$1: loaded 2 times (x 77B)
Class com.android.build.gradle.internal.lint.AndroidLintTask$UpdateBaselineCreationAction: loaded 2 times (x 93B)
Class com.android.build.gradle.internal.component.TestComponentCreationConfig         : loaded 2 times (x 68B)
Class com.android.build.gradle.internal.dsl.DensitySplitOptions                       : loaded 2 times (x 98B)
Class com.android.build.gradle.internal.dsl.AbiSplitOptions                           : loaded 2 times (x 93B)
Class com.android.build.api.dsl.TestBuildType                                         : loaded 2 times (x 68B)
Class com.android.build.gradle.internal.api.ApkVariantOutputImpl_Decorated            : loaded 2 times (x 179B)
Class org.gradle.internal.classpath.DefaultClassPath$ImmutableUniqueList$Builder      : loaded 2 times (x 73B)
Class com.google.common.collect.AbstractRangeSet                                      : loaded 2 times (x 112B)
Class com.android.sdklib.repository.meta.AddonFactory                                 : loaded 2 times (x 72B)
Class com.android.build.gradle.internal.dsl.ProductFlavor                             : loaded 2 times (x 455B)
Class com.google.common.collect.ExplicitOrdering                                      : loaded 2 times (x 113B)
Class FlutterPlugin$_addFlutterTasks_closure24                                        : loaded 2 times (x 134B)
Class org.jetbrains.kotlin.gradle.model.builder.KotlinModelBuilder                    : loaded 2 times (x 74B)
Class [Lorg.jetbrains.kotlin.gradle.plugin.KotlinCompilation;                         : loaded 2 times (x 67B)
Class org.jetbrains.kotlin.build.report.metrics.BuildTime$Companion$children$2        : loaded 2 times (x 76B)
Class com.android.build.gradle.internal.tasks.ExpandArtProfileWildcardsTask           : loaded 2 times (x 326B)
Class FlutterPlugin$_addFlutterTasks_closure25                                        : loaded 2 times (x 134B)
Class com.google.wireless.android.sdk.stats.GradleBuildMemorySample                   : loaded 2 times (x 200B)
Class com.android.repository.impl.meta.TrimStringAdapter                              : loaded 2 times (x 73B)
Class com.sun.xml.bind.v2.model.impl.RuntimeMapPropertyInfoImpl                       : loaded 2 times (x 135B)
Class com.android.repository.impl.generated.v2.LicenseRefType                         : loaded 2 times (x 75B)
Class com.android.build.gradle.internal.GradleLocalPropertiesFactory                  : loaded 2 times (x 69B)
Class com.android.build.gradle.internal.scope.InternalArtifactType$LIBRARY_AND_LOCAL_JARS_JNI: loaded 2 times (x 72B)
Class com.android.build.gradle.internal.tasks.BundleLibraryClassesJar$CreationAction$handleProvider$1: loaded 2 times (x 125B)
Class com.android.build.gradle.internal.api.TestVariantImpl                           : loaded 2 times (x 260B)
Class com.android.build.gradle.internal.dependency.VariantDependencies$Companion$getComponentFilter$3: loaded 2 times (x 72B)
Class com.google.gson.JsonSyntaxException                                             : loaded 2 times (x 80B)
Class org.jetbrains.kotlin.gradle.plugin.KotlinGradleBuildServices$Parameters         : loaded 2 times (x 68B)
Class com.android.build.gradle.internal.dsl.decorator.SupportedPropertyType$Var$NullableBoolean: loaded 2 times (x 72B)
Class com.google.protobuf.DescriptorProtos$EnumDescriptorProto                        : loaded 2 times (x 211B)
Class com.sun.xml.bind.WhiteSpaceProcessor                                            : loaded 2 times (x 69B)
Class com.android.build.gradle.internal.SdkDirectLoadingStrategy$Companion            : loaded 2 times (x 69B)
Class com.android.build.gradle.internal.cxx.logging.ThreadLoggingEnvironment$Companion$LoggerStack: loaded 2 times (x 70B)
Class com.android.build.gradle.internal.dependency.VariantDependencies$Companion$getComponentFilter$4: loaded 2 times (x 72B)
Class com.google.protobuf.Descriptors$Descriptor                                      : loaded 2 times (x 74B)
Class com.android.build.gradle.internal.tasks.MergeConsumerProguardFilesTask          : loaded 2 times (x 325B)
Class org.jetbrains.kotlin.descriptors.Visibilities$Unknown                           : loaded 2 times (x 77B)
Class com.android.build.api.component.impl.features.AndroidResourcesCreationConfigImpl: loaded 2 times (x 88B)
Class org.jetbrains.kotlin.gradle.plugin.PropertiesProvider$Companion                 : loaded 2 times (x 69B)
Class com.android.build.api.dsl.TestCoverage                                          : loaded 2 times (x 68B)
Class com.android.prefs.VariableValue                                                 : loaded 2 times (x 82B)
Class com.sun.xml.bind.v2.model.core.PropertyKind                                     : loaded 2 times (x 77B)
Class javax.xml.bind.JAXBException                                                    : loaded 2 times (x 83B)
Class com.android.build.gradle.internal.dependency.ModelArtifactCompatibilityRule$Companion$setUp$1: loaded 2 times (x 72B)
Class com.android.build.gradle.internal.tasks.PrepareLintJarForPublish$CreationAction : loaded 2 times (x 89B)
Class com.android.utils.FileUtils                                                     : loaded 2 times (x 69B)
Class com.android.build.api.dsl.ExternalNativeBuildFlags                              : loaded 2 times (x 68B)
Class com.android.build.gradle.internal.errors.IncompatibleProjectOptionsReporter     : loaded 2 times (x 69B)
Class com.google.wireless.android.sdk.stats.GradleBuildProfileOrBuilder               : loaded 2 times (x 68B)
Class [Lcom.android.build.gradle.options.Option;                                      : loaded 2 times (x 67B)
Class org.jetbrains.kotlin.protobuf.GeneratedMessageLite$ExtendableMessage            : loaded 2 times (x 111B)
Class javax.xml.bind.annotation.XmlAccessorOrder                                      : loaded 2 times (x 68B)
Class FlutterPlugin$_configurePluginProject_closure19$_closure61                      : loaded 2 times (x 134B)
Class com.android.build.api.artifact.impl.MultipleArtifactContainer                   : loaded 2 times (x 73B)
Class com.android.build.gradle.tasks.ManifestProcessorTask                            : loaded 2 times (x 323B)
Class com.android.tools.build.jetifier.processor.transform.proguard.ProGuardClassSpecParser$bodyReplacers$1: loaded 2 times (x 77B)
Class com.android.build.api.variant.BundleConfig                                      : loaded 2 times (x 68B)
Class org.jetbrains.kotlin.gradle.plugin.sources.android.AndroidVariantTypeKt         : loaded 2 times (x 69B)
Class org.jetbrains.kotlin.gradle.plugin.KotlinGradleBuildServices$Companion          : loaded 2 times (x 69B)
Class org.jetbrains.kotlin.gradle.logging.GradleLoggingUtilsKt                        : loaded 2 times (x 69B)
Class com.sun.xml.bind.v2.runtime.unmarshaller.Receiver                               : loaded 2 times (x 68B)
Class com.android.builder.profile.NameAnonymizer                                      : loaded 2 times (x 70B)
Class com.android.build.gradle.internal.profile.AnalyticsConfiguratorService$Params_Decorated: loaded 2 times (x 132B)
Class org.jetbrains.org.objectweb.asm.tree.TableSwitchInsnNode                        : loaded 2 times (x 77B)
Class com.google.common.io.CharStreams$NullWriter                                     : loaded 2 times (x 97B)
Class com.android.build.gradle.tasks.JdkImageInput$jrtFsJar$1                         : loaded 2 times (x 72B)
Class com.android.tools.build.jetifier.processor.transform.proguard.ProGuardClassSpecParser$bodyReplacers$2: loaded 2 times (x 77B)
Class net.rubygrapefruit.platform.internal.WrapperProcessLauncher                     : loaded 2 times (x 74B)
Class com.google.protobuf.Internal$FloatList                                          : loaded 2 times (x 68B)
Class com.android.build.gradle.internal.plugins.DynamicFeaturePlugin                  : loaded 2 times (x 94B)
Class com.android.build.gradle.internal.tasks.ApplicationTaskManager                  : loaded 2 times (x 82B)
Class com.google.common.base.Converter$FunctionBasedConverter                         : loaded 2 times (x 88B)
Class com.android.repository.impl.meta.Archive                                        : loaded 2 times (x 82B)
Class com.android.build.gradle.tasks.ExtractDeepLinksTask$AarCreationAction           : loaded 2 times (x 95B)
Class com.android.build.gradle.internal.VariantTaskManager$createAnchorAssembleTasks$3: loaded 2 times (x 73B)
Class com.android.build.gradle.internal.tasks.StripDebugSymbolsTask                   : loaded 2 times (x 327B)
Class com.android.tools.build.jetifier.processor.transform.proguard.ProGuardClassSpecParser$bodyReplacers$3: loaded 2 times (x 77B)
Class com.google.gson.internal.sql.SqlDateTypeAdapter                                 : loaded 2 times (x 72B)
Class com.google.common.collect.HashMultimap                                          : loaded 2 times (x 172B)
Class com.android.build.gradle.internal.VariantTaskManager$createAnchorAssembleTasks$4: loaded 2 times (x 73B)
Class com.android.tools.build.jetifier.processor.transform.proguard.ProGuardClassSpecParser$bodyReplacers$4: loaded 2 times (x 77B)
Class com.android.builder.model.SourceProvider                                        : loaded 2 times (x 68B)
Class com.google.common.base.Converter$ConverterComposition                           : loaded 2 times (x 88B)
Class com.google.wireless.android.sdk.stats.GradleBuildMemorySampleOrBuilder          : loaded 2 times (x 68B)
Class com.android.build.api.variant.HasAndroidTest                                    : loaded 2 times (x 68B)
Class com.sun.xml.bind.v2.runtime.property.StructureLoaderBuilder                     : loaded 2 times (x 68B)
Class com.sun.xml.bind.v2.model.core.ValuePropertyInfo                                : loaded 2 times (x 68B)
Class com.android.build.gradle.internal.scope.InternalArtifactType$GLOBAL_SYNTHETICS_EXTERNAL_LIB: loaded 2 times (x 72B)
Class com.android.build.api.component.impl.HostTestImpl$manifestPlaceholdersCreationConfig$2: loaded 2 times (x 77B)
Class com.android.tools.build.jetifier.processor.transform.proguard.ProGuardClassSpecParser$bodyReplacers$5: loaded 2 times (x 77B)
Class com.android.build.gradle.internal.lint.AndroidLintTask$VariantCreationAction$Companion$registerLintIntermediateArtifacts$1: loaded 2 times (x 125B)
Class org.jetbrains.org.objectweb.asm.Handler                                         : loaded 2 times (x 70B)
Class org.jetbrains.org.objectweb.asm.tree.UnsupportedClassVersionException           : loaded 2 times (x 80B)
Class com.google.common.collect.ImmutableMultimap$EntryCollection                     : loaded 2 times (x 125B)
Class com.android.build.gradle.internal.lint.CustomLintCheckUtils                     : loaded 2 times (x 69B)
Class com.sun.xml.bind.v2.runtime.property.ArrayProperty                              : loaded 2 times (x 100B)
Class com.android.build.gradle.internal.tasks.CheckDuplicateClassesTask               : loaded 2 times (x 322B)
Class com.android.tools.build.jetifier.processor.transform.proguard.ProGuardClassSpecParser$bodyReplacers$6: loaded 2 times (x 77B)
Class com.android.build.gradle.internal.core.dsl.HostTestComponentDslInfo             : loaded 2 times (x 68B)
Class com.android.build.gradle.internal.dsl.JniLibsPackagingImpl$AgpDecorated_Decorated: loaded 2 times (x 140B)
Class com.android.build.gradle.internal.services.LintParallelBuildService$Companion   : loaded 2 times (x 69B)
Class com.android.tools.build.jetifier.processor.transform.proguard.ProGuardClassSpecParser$bodyReplacers$7: loaded 2 times (x 77B)
Class com.android.build.api.variant.impl.SourcesImpl                                  : loaded 2 times (x 115B)
Class org.jetbrains.kotlin.statistics.metrics.IMetricContainer                        : loaded 2 times (x 68B)
Class com.android.build.gradle.internal.lint.LintTaskManager$createLintTasks$4        : loaded 2 times (x 73B)
Class com.android.build.gradle.internal.api.LibraryVariantImpl                        : loaded 2 times (x 229B)
Class com.android.tools.build.jetifier.processor.transform.proguard.ProGuardClassSpecParser$bodyReplacers$8: loaded 2 times (x 77B)
Class com.google.protobuf.Android                                                     : loaded 2 times (x 69B)
Class com.google.gson.internal.bind.JsonTreeWriter                                    : loaded 2 times (x 96B)
Class org.jetbrains.kotlin.metadata.ProtoBuf$Constructor                              : loaded 2 times (x 122B)
Class org.jetbrains.org.objectweb.asm.tree.LdcInsnNode                                : loaded 2 times (x 76B)
Class org.objectweb.asm.TypePath                                                      : loaded 2 times (x 70B)
Class [Lcom.sun.xml.bind.v2.runtime.property.AttributeProperty;                       : loaded 2 times (x 67B)
Class org.jetbrains.kotlin.gradle.plugin.mpp.AbstractKotlinTargetKt$buildAdhocComponentsFromKotlinVariants$1$1$1$1: loaded 2 times (x 77B)
Class org.jetbrains.kotlin.gradle.plugin.AndroidProjectHandler$wireKotlinTasks$preJavaKotlinOutput$1: loaded 2 times (x 73B)
Class com.android.tools.build.jetifier.processor.transform.proguard.ProGuardClassSpecParser$bodyReplacers$9: loaded 2 times (x 77B)
Class org.jetbrains.kotlin.statistics.metrics.BooleanOverridePolicy$OVERRIDE          : loaded 2 times (x 83B)
Class com.android.build.gradle.tasks.ExtractAnnotations_Decorated                     : loaded 2 times (x 390B)
Class com.android.build.gradle.internal.lint.AndroidLintAnalysisTask_Decorated        : loaded 2 times (x 399B)
Class com.android.build.gradle.internal.lint.AndroidArtifactInput_Decorated           : loaded 2 times (x 161B)
Class com.android.build.gradle.internal.SdkComponentsBuildService$VersionedSdkLoader$sdkLoadStrategy$2: loaded 2 times (x 77B)
Class com.android.build.gradle.tasks.VerifyLibraryResourcesTask$CreationAction        : loaded 2 times (x 91B)
Class com.android.build.gradle.tasks.ExtractSupportedLocalesTask                      : loaded 2 times (x 326B)
Class com.android.build.gradle.internal.tasks.PackageRenderscriptTask                 : loaded 2 times (x 579B)
Class org.jetbrains.kotlin.gradle.plugin.mpp.compilationImpl.factory.KotlinCompilationImplFactory$create$1: loaded 2 times (x 77B)
Class com.android.build.gradle.internal.scope.InternalArtifactType$INSTANT_APP_MANIFEST: loaded 2 times (x 72B)
Class org.jetbrains.kotlin.statistics.metrics.StringOverridePolicy$OVERRIDE           : loaded 2 times (x 83B)
Class com.android.build.gradle.internal.dependency.MultiVariantBuildTypeRule          : loaded 2 times (x 77B)
Class com.android.build.gradle.internal.variant.ApplicationVariantFactory             : loaded 2 times (x 106B)
Class com.android.build.gradle.internal.lint.VariantInputs$initialize$4               : loaded 2 times (x 76B)
Class com.android.utils.Environment                                                   : loaded 2 times (x 72B)
Class com.google.protobuf.DescriptorProtos$DescriptorProto                            : loaded 2 times (x 236B)
Class jdk.internal.jrtfs.JrtDirectoryStream$1                                         : loaded 2 times (x 81B)
Class org.jetbrains.kotlin.gradle.internal.StdlibDependencyManagementKt$configureStdlibVersionAlignment$1$1: loaded 2 times (x 77B)
Class com.android.build.gradle.internal.coverage.JacocoOptions_Decorated              : loaded 2 times (x 132B)
Class com.android.build.gradle.api.AndroidSourceFile                                  : loaded 2 times (x 68B)
Class com.google.protobuf.WireFormat                                                  : loaded 2 times (x 69B)
Class com.google.protobuf.UnknownFieldSet                                             : loaded 2 times (x 85B)
Class com.android.build.gradle.internal.plugins.AndroidPluginBaseServices$configuratorService$2: loaded 2 times (x 77B)
Class com.android.build.gradle.internal.api.TestedVariant                             : loaded 2 times (x 68B)
Class com.sun.xml.bind.v2.model.runtime.RuntimeReferencePropertyInfo                  : loaded 2 times (x 68B)
Class com.sun.xml.bind.api.JAXBRIContext                                              : loaded 2 times (x 87B)
Class com.android.build.api.artifact.ArtifactTransformationRequest                    : loaded 2 times (x 68B)
Class com.android.build.gradle.internal.lint.LintTaskManager$createLintTasks$3        : loaded 2 times (x 73B)
Class com.android.build.gradle.internal.plugins.BasePlugin$newExtension$2             : loaded 2 times (x 77B)
Class com.android.build.gradle.internal.scope.InternalArtifactType$STRIPPED_NATIVE_LIBS: loaded 2 times (x 72B)
Class com.google.protobuf.DescriptorProtos$UninterpretedOption                        : loaded 2 times (x 210B)
Class com.google.protobuf.ExtensionRegistryFactory                                    : loaded 2 times (x 69B)
Class [Lcom.android.builder.model.v2.ide.ProjectType;                                 : loaded 2 times (x 67B)
Class com.google.common.cache.LocalCache$EntryIterator                                : loaded 2 times (x 84B)
Class org.jetbrains.kotlin.statistics.metrics.StringOverridePolicy                    : loaded 2 times (x 83B)
Class org.gradle.internal.classloader.ClassLoaderVisitor                              : loaded 2 times (x 74B)
Class com.android.build.api.dsl.Split                                                 : loaded 2 times (x 68B)
Class com.google.common.base.CaseFormat                                               : loaded 2 times (x 81B)
Class org.jetbrains.kotlin.name.ClassId                                               : loaded 2 times (x 70B)
Class com.android.build.gradle.internal.core.dsl.impl.DslInfoCommonKt                 : loaded 2 times (x 69B)
Class org.jetbrains.kotlin.gradle.plugin.sources.android.KotlinAndroidSourceSetInfo   : loaded 2 times (x 73B)
Class org.jetbrains.kotlin.gradle.plugin.internal.DefaultJavaSourceSetsAccessorVariantFactory: loaded 2 times (x 72B)
Class FlutterPlugin$_toCamelCase_closure9                                             : loaded 2 times (x 133B)
Class com.android.build.gradle.internal.core.dsl.impl.VariantDslInfoImpl$nativeBuildDslInfo$2: loaded 2 times (x 77B)
Class com.android.build.api.dsl.CompileOptions                                        : loaded 2 times (x 68B)
Class com.android.builder.dexing.DexingType                                           : loaded 2 times (x 77B)
Class org.jetbrains.kotlin.gradle.plugin.mpp.KotlinCompilationsKt$addSourcesToKotlinCompileTask$2: loaded 2 times (x 77B)
Class com.android.build.gradle.internal.tasks.VariantAwareTaskKt                      : loaded 2 times (x 69B)
Class com.android.build.gradle.internal.test.AbstractTestDataImpl$minSdkVersion$1     : loaded 2 times (x 77B)
Class com.google.gson.internal.sql.SqlTimeTypeAdapter$1                               : loaded 2 times (x 73B)
Class com.android.build.api.variant.ApplicationAndroidResources                       : loaded 2 times (x 68B)
Class com.android.build.gradle.internal.dsl.JavaCompileOptions$AgpDecorated           : loaded 2 times (x 84B)
Class org.jetbrains.kotlin.daemon.common.MultiModuleICSettings                        : loaded 2 times (x 70B)
Class com.sun.xml.bind.v2.model.impl.FieldPropertySeed                                : loaded 2 times (x 88B)
Class com.android.build.gradle.internal.tasks.AppClasspathCheckTask$CreationAction    : loaded 2 times (x 88B)
Class com.android.tools.analytics.JournalingUsageTracker$scheduleJournalTimeout$1     : loaded 2 times (x 73B)
Class [Lcom.android.build.gradle.internal.utils.DependencyInfo;                       : loaded 2 times (x 67B)
Class org.jetbrains.kotlin.utils.SmartList                                            : loaded 2 times (x 161B)
Class com.android.build.gradle.internal.profile.TaskProfilingRecord$Companion         : loaded 2 times (x 69B)
Class com.android.build.gradle.internal.SupportToolsComponents$Companion$build$fileExists$1: loaded 2 times (x 73B)
Class com.android.build.api.dsl.HasInitWith                                           : loaded 2 times (x 68B)
Class com.google.wireless.android.sdk.stats.GradleIntegerOptionEntryOrBuilder         : loaded 2 times (x 68B)
Class org.jetbrains.kotlin.gradle.tasks.DefaultKotlinJavaToolchain$javaVersion$1      : loaded 2 times (x 76B)
Class com.sun.xml.bind.v2.model.impl.ClassInfoImpl$PropertySorter                     : loaded 2 times (x 150B)
Class com.sun.xml.bind.v2.model.nav.Navigator                                         : loaded 2 times (x 68B)
Class com.android.repository.Revision$PreviewComparison                               : loaded 2 times (x 77B)
Class com.android.build.gradle.internal.lint.AndroidLintTask$VariantCreationAction$Companion: loaded 2 times (x 69B)
Class com.android.tools.build.jetifier.core.TypeRewriter                              : loaded 2 times (x 70B)
Class org.jetbrains.kotlin.gradle.tasks.DefaultKotlinJavaToolchain                    : loaded 2 times (x 75B)
Class com.android.build.gradle.internal.dependency.AarResourcesCompilerTransform$Parameters: loaded 2 times (x 68B)
Class com.android.build.gradle.internal.dependency.VariantDependencies                : loaded 2 times (x 74B)
Class com.android.build.gradle.internal.services.DslServices                          : loaded 2 times (x 68B)
Class com.android.build.gradle.internal.scope.InternalArtifactType$SIGNING_CONFIG_DATA: loaded 2 times (x 72B)
Class com.android.build.gradle.internal.core.dsl.AarProducingComponentDslInfo         : loaded 2 times (x 68B)
Class org.jetbrains.kotlin.tooling.core.Extras$Type$Companion                         : loaded 2 times (x 69B)
Class com.android.build.api.variant.impl.ResourcesPackagingImpl                       : loaded 2 times (x 78B)
Class com.android.build.gradle.internal.component.PublishableCreationConfig           : loaded 2 times (x 68B)
Class org.jetbrains.kotlin.gradle.plugin.internal.DefaultBasePluginConfigurationVariantFactory: loaded 2 times (x 72B)
Class com.sun.xml.bind.v2.runtime.unmarshaller.ProxyLoader                            : loaded 2 times (x 76B)
Class com.sun.xml.bind.v2.model.impl.RuntimeTypeInfoSetImpl                           : loaded 2 times (x 121B)
Class com.android.build.api.instrumentation.FramesComputationMode                     : loaded 2 times (x 77B)
Class com.android.build.gradle.internal.dsl.VcsInfoImpl$AgpDecorated                  : loaded 2 times (x 79B)
Class com.android.build.gradle.internal.dsl.ExternalNativeBuild$AgpDecorated_Decorated: loaded 2 times (x 146B)
Class com.android.build.api.dsl.Publishing                                            : loaded 2 times (x 68B)
Class com.google.wireless.android.sdk.stats.GradleBuildProfileSpan$ExecutionType      : loaded 2 times (x 85B)
Class com.android.build.gradle.internal.crash.CrashReporting                          : loaded 2 times (x 69B)
Class org.jetbrains.kotlin.gradle.plugin.mpp.KotlinCompilationsKt$addSourcesToKotlinCompileTask$1: loaded 2 times (x 77B)
Class [Lorg.jetbrains.org.objectweb.asm.AnnotationVisitor;                            : loaded 2 times (x 67B)
Class org.jetbrains.kotlin.gradle.internal.transforms.ClasspathEntrySnapshotTransform$Parameters_Decorated: loaded 2 times (x 131B)
Class org.jetbrains.kotlin.gradle.plugin.RunOnceAfterEvaluatedKt                      : loaded 2 times (x 69B)
Class com.android.build.api.component.impl.DefaultSourcesProviderImpl$getKotlin$1     : loaded 2 times (x 125B)
Class com.android.build.api.variant.Instrumentation                                   : loaded 2 times (x 68B)
Class com.google.common.collect.ImmutableMultimap                                     : loaded 2 times (x 145B)
Class org.jetbrains.kotlin.gradle.report.BuildReportsService                          : loaded 2 times (x 82B)
Class com.android.build.gradle.internal.VariantManager$createVariant$mappingScopePolicy$1: loaded 2 times (x 76B)
Class com.android.build.gradle.internal.scope.InternalArtifactType$LINT_VITAL_RETURN_VALUE: loaded 2 times (x 72B)
Class com.android.build.gradle.internal.tasks.PerModuleReportDependenciesTask$CreationAction$handleProvider$1: loaded 2 times (x 125B)
Class com.android.build.gradle.internal.tasks.factory.GlobalTaskNames                 : loaded 2 times (x 68B)
Class org.jetbrains.kotlin.metadata.ProtoBuf$TypeAliasOrBuilder                       : loaded 2 times (x 68B)
Class com.android.build.gradle.internal.SdkDirectLoadingStrategy$DirectLoadComponents : loaded 2 times (x 70B)
Class com.android.build.gradle.tasks.CompileLibraryResourcesTask                      : loaded 2 times (x 328B)
Class com.android.build.gradle.internal.VariantManager$createVariant$mappingScopePolicy$2: loaded 2 times (x 76B)
Class org.jetbrains.kotlin.gradle.plugin.mpp.KotlinMultiplatformPluginKt              : loaded 2 times (x 69B)
Class com.google.gson.TypeAdapter$1                                                   : loaded 2 times (x 72B)
Class com.android.build.gradle.internal.SdkLocator$SdkLocationSource$LOCAL_SDK_DIR    : loaded 2 times (x 78B)
Class com.android.build.api.variant.impl.ManifestFilesImpl$addSource$1                : loaded 2 times (x 73B)
Class com.android.build.api.attributes.BuildTypeAttr$ImplFactory                      : loaded 2 times (x 73B)
Class com.android.build.gradle.internal.dsl.ModulePropertyKey$BooleanWithDefault$Companion: loaded 2 times (x 69B)
Class com.android.ide.common.resources.FileValidity$FileStatus                        : loaded 2 times (x 77B)
Class org.jetbrains.kotlin.protobuf.ByteString$ByteIterator                           : loaded 2 times (x 68B)
Class com.sun.xml.bind.v2.model.runtime.RuntimeMapPropertyInfo                        : loaded 2 times (x 68B)
Class com.android.repository.impl.meta.Archive$ArchiveFile                            : loaded 2 times (x 77B)
Class com.android.build.gradle.internal.CompileOptions$Companion                      : loaded 2 times (x 69B)
Class org.jetbrains.kotlin.gradle.plugin.mpp.compilationImpl.KotlinCompilationAssociatorKt: loaded 2 times (x 69B)
Class com.android.build.gradle.internal.utils.GradleEnvironmentProviderImpl           : loaded 2 times (x 74B)
Class com.google.common.io.ByteStreams$1                                              : loaded 2 times (x 83B)
Class com.google.gson.internal.ConstructorConstructor$9                               : loaded 2 times (x 74B)
Class com.android.builder.errors.IssueReporter$Severity                               : loaded 2 times (x 77B)
Class com.android.build.gradle.internal.services.VersionedSdkLoaderService$sam$java_util_concurrent_Callable$0: loaded 2 times (x 73B)
Class com.android.build.gradle.internal.VariantManager$getFlavorSelection$1           : loaded 2 times (x 76B)
Class com.android.build.gradle.internal.dsl.PrivacySandboxImpl$AgpDecorated           : loaded 2 times (x 79B)
Class com.android.build.api.dsl.LibraryVariantDimension                               : loaded 2 times (x 68B)
Class org.jetbrains.kotlin.gradle.tasks.AbstractKotlinCompile$compilerRunner$1        : loaded 2 times (x 77B)
Class com.sun.xml.bind.IDResolver                                                     : loaded 2 times (x 73B)
Class [Lcom.android.repository.Revision$PreviewComparison;                            : loaded 2 times (x 67B)
Class [Lcom.android.buildanalyzer.common.TaskCategory;                                : loaded 2 times (x 67B)
Class org.jetbrains.kotlin.gradle.plugin.mpp.compilationImpl.KotlinCompilationSourceSetInclusion: loaded 2 times (x 70B)
Class com.android.build.gradle.internal.tasks.ProguardConfigurableTask                : loaded 2 times (x 337B)
Class com.android.build.gradle.internal.VariantManager$getFlavorSelection$2           : loaded 2 times (x 77B)
Class com.android.build.gradle.internal.core.dsl.ApplicationVariantDslInfo            : loaded 2 times (x 68B)
Class com.google.common.hash.AbstractHashFunction                                     : loaded 2 times (x 93B)
Class com.android.build.gradle.internal.dsl.decorator.DslDecorator$Companion$privateLookupInMethod$2: loaded 2 times (x 76B)
Class com.android.build.gradle.options.Version                                        : loaded 2 times (x 77B)
Class com.android.build.api.extension.impl.VariantApiOperationsRegistrar              : loaded 2 times (x 70B)
Class com.android.build.gradle.internal.core.dsl.impl.LibraryVariantDslInfoImpl$isAndroidTestMultiDexEnabled$2$1: loaded 2 times (x 76B)
Class com.android.build.gradle.internal.scope.BuildArtifactType$JAVAC_CLASSES         : loaded 2 times (x 72B)
Class org.jetbrains.kotlin.gradle.tasks.configuration.BaseKotlinCompileConfig$1$classpathConfiguration$1: loaded 2 times (x 73B)
Class com.android.build.gradle.internal.dependency.ExtractAarTransform                : loaded 2 times (x 76B)
Class com.android.build.gradle.internal.lint.LintModelWriterTask$partialResultsDirPath$1: loaded 2 times (x 72B)
Class com.sun.xml.bind.v2.model.impl.EnumLeafInfoImpl                                 : loaded 2 times (x 126B)
Class com.android.build.gradle.internal.core.dsl.impl.LibraryVariantDslInfoImpl$isAndroidTestMultiDexEnabled$2$2: loaded 2 times (x 76B)
Class com.android.build.gradle.internal.HostTestTaskManager$createRunHostTestTask$1   : loaded 2 times (x 73B)
Class com.android.build.api.component.analytics.AnalyticsEnabledLibraryVariant$userVisibleRenderscript$2: loaded 2 times (x 77B)
Class com.android.build.gradle.internal.core.dsl.impl.LibraryVariantDslInfoImpl$isAndroidTestMultiDexEnabled$2$3: loaded 2 times (x 77B)
Class com.android.build.gradle.internal.core.dsl.InstrumentedTestComponentDslInfo     : loaded 2 times (x 68B)
Class org.jetbrains.kotlin.gradle.plugin.sources.DefaultKotlinSourceSetFactory        : loaded 2 times (x 78B)
Class com.android.build.gradle.internal.lint.DependencyCaches                         : loaded 2 times (x 70B)
Class com.android.build.gradle.internal.lint.VariantInputs_Decorated                  : loaded 2 times (x 180B)
Class com.sun.xml.bind.v2.model.impl.ClassInfoImpl$1                                  : loaded 2 times (x 69B)
Class com.android.build.gradle.tasks.BundleAar$LibraryLocalLintCreationAction$handleProvider$propertyProvider$1: loaded 2 times (x 76B)
Class org.jetbrains.kotlin.gradle.plugin.KotlinCompilationInfo                        : loaded 2 times (x 86B)
Class org.jetbrains.kotlin.tooling.core.Extras$Entry                                  : loaded 2 times (x 70B)
Class com.android.build.api.component.analytics.AnalyticsEnabledVariant               : loaded 2 times (x 154B)
Class com.android.build.gradle.internal.dsl.Splits$AgpDecorated                       : loaded 2 times (x 92B)
Class com.android.build.api.dsl.MultiDexConfig                                        : loaded 2 times (x 68B)
Class com.google.protobuf.Descriptors$FieldDescriptor$JavaType                        : loaded 2 times (x 77B)
Class com.android.build.gradle.internal.core.MergedOptimization                       : loaded 2 times (x 74B)
Class com.android.build.gradle.internal.dsl.ApplicationAndroidResourcesImpl$AgpDecorated: loaded 2 times (x 130B)
Class com.android.builder.sdk.LicenceNotAcceptedException                             : loaded 2 times (x 80B)
Class com.android.build.api.component.impl.DefaultSourcesProviderImpl$getBaselineProfiles$1: loaded 2 times (x 125B)
Class com.android.build.api.variant.impl.VariantImpl$buildConfigFields$2              : loaded 2 times (x 77B)
Class com.android.build.gradle.internal.dsl.VectorDrawablesOptions                    : loaded 2 times (x 85B)
Class org.jetbrains.kotlin.metadata.jvm.JvmProtoBuf$JvmPropertySignature$1            : loaded 2 times (x 142B)
Class [Lorg.jetbrains.kotlin.metadata.ProtoBuf$VersionRequirement$VersionKind;        : loaded 2 times (x 67B)
Class com.android.build.gradle.internal.api.ImmutableFlavorList                       : loaded 2 times (x 163B)
Class com.android.build.gradle.internal.dsl.decorator.DslDecorator$ClassInfoVisitor   : loaded 2 times (x 68B)
Class org.jetbrains.org.objectweb.asm.Frame                                           : loaded 2 times (x 71B)
Class org.gradle.internal.service.DefaultServiceLocator                               : loaded 2 times (x 81B)
Class org.jetbrains.kotlin.protobuf.SmallSortedMap$EmptySet$1                         : loaded 2 times (x 76B)
Class com.google.common.cache.LocalCache$EntrySet                                     : loaded 2 times (x 134B)
Class com.android.build.gradle.internal.databinding.DataBindingExcludeDelegateKt      : loaded 2 times (x 69B)
Class com.sun.xml.bind.v2.runtime.unmarshaller.StructureLoader$1                      : loaded 2 times (x 69B)
Class com.sun.xml.bind.v2.runtime.unmarshaller.Base64Data                             : loaded 2 times (x 87B)
Class com.android.build.gradle.tasks.MergeSourceSetFolders$MergeAssetBaseCreationAction$configure$1: loaded 2 times (x 77B)
Class org.jetbrains.kotlin.gradle.report.UsesBuildMetricsService                      : loaded 2 times (x 68B)
Class org.jetbrains.kotlin.protobuf.SmallSortedMap$EmptySet$2                         : loaded 2 times (x 76B)
Class com.android.build.gradle.internal.tasks.factory.BootClasspathConfigImpl$fullBootClasspathProvider$2$1: loaded 2 times (x 125B)
Class com.android.build.gradle.internal.scope.InternalMultipleArtifactType$LINT_REPORT_LINT_MODEL: loaded 2 times (x 72B)
Class org.gradle.internal.service.UnknownServiceException                             : loaded 2 times (x 81B)
Class org.jetbrains.kotlin.gradle.plugin.mpp.compilationImpl.DefaultKotlinCompilationConfigurationsContainer: loaded 2 times (x 82B)
Class com.android.build.gradle.internal.tasks.factory.BootClasspathConfigImpl$fullBootClasspathProvider$2$2: loaded 2 times (x 125B)
Class com.android.build.gradle.internal.dependency.JetifyTransform$Inject1            : loaded 2 times (x 107B)
Class com.android.build.gradle.internal.lint.AndroidLintTask$SingleVariantCreationAction$Companion: loaded 2 times (x 69B)
Class com.android.build.gradle.internal.tasks.AnchorTaskNames                         : loaded 2 times (x 69B)
Class com.google.gson.internal.bind.DefaultDateTypeAdapter$DateType$1                 : loaded 2 times (x 71B)
Class org.jetbrains.kotlin.gradle.utils.WhenKaptEnabledKt$sam$org_gradle_api_Action$0 : loaded 2 times (x 73B)
Class com.android.build.gradle.internal.profile.AnalyticsService$Params_Decorated     : loaded 2 times (x 153B)
Class org.jetbrains.kotlin.gradle.tasks.DefaultKotlinJavaToolchain_Decorated          : loaded 2 times (x 124B)
Class com.android.build.gradle.internal.tasks.factory.BootClasspathConfigImpl$fullBootClasspathProvider$2$3: loaded 2 times (x 125B)
Class com.android.build.gradle.internal.dependency.AarResourcesCompilerTransform$Parameters_Decorated: loaded 2 times (x 136B)
Class com.android.build.gradle.tasks.GenerateResValues$CreationAction$deprecatedGeneratedResOutputDir$2: loaded 2 times (x 77B)
Class com.android.tools.build.jetifier.core.proguard.ProGuardTypesMap$Companion       : loaded 2 times (x 69B)
Class com.android.build.api.variant.impl.ApplicationVariantImpl$renderscript$2        : loaded 2 times (x 77B)
Class build_aipth69ywdin29xezh1tavcwn$_run_closure1$_closure2                         : loaded 2 times (x 137B)
Class com.sun.xml.bind.v2.runtime.ArrayBeanInfoImpl                                   : loaded 2 times (x 87B)
Class org.jetbrains.kotlin.gradle.plugin.mpp.KotlinWithJavaTarget                     : loaded 2 times (x 137B)
Class com.android.build.gradle.internal.tasks.factory.BootClasspathConfigImpl$fullBootClasspathProvider$2$4: loaded 2 times (x 125B)
Class com.android.build.gradle.internal.ScreenshotTestTaskManager                     : loaded 2 times (x 79B)
Class com.android.build.gradle.internal.core.dsl.impl.ConsumableComponentDslInfoImpl$shadersDslInfo$2: loaded 2 times (x 77B)
Class com.android.builder.profile.AnalyticsProfileWriter                              : loaded 2 times (x 70B)
Class org.apache.http.client.methods.HttpUriRequest                                   : loaded 2 times (x 68B)
Class build_aipth69ywdin29xezh1tavcwn$_run_closure1$_closure3                         : loaded 2 times (x 137B)
Class com.android.build.gradle.internal.tasks.MergeFileTask_Decorated                 : loaded 2 times (x 374B)
Class javax.xml.bind.annotation.XmlElementDecl$GLOBAL                                 : loaded 2 times (x 69B)
Class com.android.build.gradle.internal.tasks.factory.BootClasspathConfigImpl$fullBootClasspathProvider$2$5: loaded 2 times (x 125B)
Class com.google.gson.internal.sql.SqlTypesSupport$1                                  : loaded 2 times (x 72B)
Class org.jetbrains.kotlin.gradle.internal.KotlinDependenciesManagementKt$customizeKotlinDependencies$coreLibrariesVersion$1: loaded 2 times (x 77B)
Class com.android.build.api.variant.VariantSelector                                   : loaded 2 times (x 68B)
Class com.android.prefs.QueryResult                                                   : loaded 2 times (x 82B)
Class org.jetbrains.kotlin.gradle.plugin.DefaultKotlinBasePlugin                      : loaded 2 times (x 80B)
Class com.android.build.gradle.internal.variant.AbstractVariantInputManager           : loaded 2 times (x 95B)
Class com.android.build.gradle.internal.dependency.AarTransform                       : loaded 2 times (x 76B)
Class com.android.sdklib.repository.generated.sysimg.v1.package-info                  : loaded 2 times (x 68B)
Class com.android.build.gradle.internal.dependency.JetifyTransform                    : loaded 2 times (x 76B)
Class com.android.build.gradle.internal.scope.InternalArtifactType$APK_IDE_REDIRECT_FILE: loaded 2 times (x 72B)
Class com.google.gson.internal.sql.SqlTypesSupport$2                                  : loaded 2 times (x 72B)
Class com.android.build.api.component.impl.ComponentImpl$compileClasspath$2           : loaded 2 times (x 77B)
Class org.jetbrains.kotlin.gradle.dsl.ExplicitApiMode                                 : loaded 2 times (x 77B)
Class com.android.build.api.variant.Variant                                           : loaded 2 times (x 68B)
Class org.jetbrains.kotlin.protobuf.MessageLite                                       : loaded 2 times (x 68B)
Class com.android.build.gradle.internal.profile.AnalyticsResourceManagerKt            : loaded 2 times (x 69B)
Class org.jetbrains.kotlin.gradle.plugin.sources.DefaultLanguageSettingsBuilderKt     : loaded 2 times (x 69B)
Class com.android.build.gradle.internal.VariantTaskManager$addBindingDependenciesIfNecessary$dataBindingEnabled$1: loaded 2 times (x 78B)
Class com.android.tools.analytics.UsageTracker                                        : loaded 2 times (x 69B)
Class com.android.build.gradle.internal.lint.AndroidArtifactInput                     : loaded 2 times (x 92B)
Class com.android.build.gradle.tasks.ProcessPackagedManifestTask_Decorated            : loaded 2 times (x 377B)
Class com.android.build.gradle.internal.TaskManager$createVerifyLibraryResTask$1      : loaded 2 times (x 73B)
Class com.android.build.gradle.tasks.ExtractAnnotations                               : loaded 2 times (x 334B)
Class com.android.build.gradle.internal.lint.AndroidLintAnalysisTask                  : loaded 2 times (x 338B)
Class com.android.build.gradle.internal.tasks.factory.features.OptimizationTaskCreationActionImpl: loaded 2 times (x 73B)
Class com.android.build.api.variant.impl.VariantOutputConfigurationImplKt             : loaded 2 times (x 69B)
Class com.android.builder.model.LintOptions$Companion                                 : loaded 2 times (x 69B)
Class org.jetbrains.kotlin.gradle.utils.ConfigurationsKt                              : loaded 2 times (x 69B)
Class com.sun.xml.bind.v2.model.annotation.AbstractInlineAnnotationReaderImpl         : loaded 2 times (x 102B)
Class com.android.build.api.variant.impl.GlobalVariantBuilderConfigImpl               : loaded 2 times (x 74B)
Class com.android.build.gradle.internal.dsl.SigningConfig                             : loaded 2 times (x 145B)
Class org.jetbrains.kotlin.gradle.plugin.mpp.InternalKotlinTarget$DefaultImpls        : loaded 2 times (x 69B)
Class com.sun.xml.bind.v2.runtime.Utils$1                                             : loaded 2 times (x 75B)
Class com.android.build.api.component.impl.DefaultSourcesProviderImpl$defaultJavaSources$1: loaded 2 times (x 76B)
Class com.android.build.gradle.internal.transforms.ShrinkResourcesNewShrinkerTask$CreationAction$handleProvider$1: loaded 2 times (x 125B)
Class com.android.build.api.component.impl.MutableListBackedUpWithListProperty        : loaded 2 times (x 165B)
Class org.jetbrains.kotlin.metadata.ProtoBuf$EffectOrBuilder                          : loaded 2 times (x 68B)
Class com.sun.xml.bind.v2.model.nav.ReflectionNavigator$1                             : loaded 2 times (x 79B)
Class org.jetbrains.kotlin.gradle.plugin.mpp.KotlinMultiplatformPluginKt$sourcesJarTaskNamed$2: loaded 2 times (x 77B)
Class org.jetbrains.kotlin.gradle.plugin.mpp.KotlinMultiplatformPluginKt$sam$org_gradle_api_Action$0: loaded 2 times (x 73B)
Class com.android.build.api.variant.impl.ProviderBasedDirectoryEntryImpl              : loaded 2 times (x 82B)
Class com.android.build.gradle.internal.dependency.RecalculateStackFramesTransform$Parameters_Decorated: loaded 2 times (x 140B)
Class com.android.builder.dexing.R8Tool                                               : loaded 2 times (x 69B)
Class com.android.build.gradle.internal.lint.AndroidLintTask                          : loaded 2 times (x 357B)
Class com.android.build.gradle.internal.transforms.ShrinkResourcesNewShrinkerTask$CreationAction$handleProvider$2: loaded 2 times (x 125B)
Class com.android.build.api.artifact.impl.ArtifactTransformationRequestImpl           : loaded 2 times (x 74B)
Class com.android.tools.build.jetifier.processor.TimestampsPolicy$Companion           : loaded 2 times (x 69B)
Class com.android.tools.build.jetifier.core.pom.PomRewriteRule$Companion              : loaded 2 times (x 69B)
Class com.android.tools.build.jetifier.core.PackageMap$PackageRule$JsonData           : loaded 2 times (x 70B)
Class com.android.builder.model.ApiVersion                                            : loaded 2 times (x 68B)
Class com.sun.xml.bind.v2.model.nav.ReflectionNavigator$2                             : loaded 2 times (x 79B)
Class org.jetbrains.kotlin.statistics.fileloggers.IRecordLogger                       : loaded 2 times (x 68B)
Class com.android.build.gradle.internal.dsl.decorator.DslDecorator$cache$1            : loaded 2 times (x 73B)
Class org.jetbrains.kotlin.load.kotlin.KotlinJvmBinaryClass$AnnotationArrayArgumentVisitor: loaded 2 times (x 68B)
Class com.sun.xml.bind.v2.model.nav.ReflectionNavigator$3                             : loaded 2 times (x 75B)
Class [Lorg.jetbrains.kotlin.statistics.metrics.BooleanMetrics;                       : loaded 2 times (x 67B)
Class com.android.build.gradle.internal.plugins.BasePlugin$managedDeviceRegistry$2    : loaded 2 times (x 77B)
Class com.google.common.collect.HashMultimapGwtSerializationDependencies              : loaded 2 times (x 172B)
Class com.sun.xml.bind.v2.model.nav.ReflectionNavigator$4                             : loaded 2 times (x 75B)
Class com.android.build.gradle.internal.services.R8ParallelBuildService$RegistrationAction: loaded 2 times (x 72B)
Class com.android.build.api.variant.impl.SigningConfigImpl$keyPassword$1              : loaded 2 times (x 73B)
Class com.android.build.api.variant.impl.HasHostTestsCreationConfig                   : loaded 2 times (x 68B)
Class com.sun.xml.bind.v2.model.nav.ReflectionNavigator$5                             : loaded 2 times (x 75B)
Class org.jetbrains.kotlin.compilerRunner.CompilerSystemPropertiesService$Parameters_Decorated: loaded 2 times (x 132B)
Class org.jetbrains.kotlin.tooling.core.ExtrasPropertyKt$extrasFactoryProperty$1      : loaded 2 times (x 92B)
Class com.android.build.api.artifact.impl.OperationRequestsImplKt$toCreate$1          : loaded 2 times (x 73B)
Class com.android.build.gradle.internal.scope.InternalArtifactType$APK_IDE_MODEL      : loaded 2 times (x 72B)
Class org.jetbrains.kotlin.gradle.internal.tasks.TaskWithLocalState                   : loaded 2 times (x 68B)
Class com.sun.xml.bind.v2.runtime.BinderImpl                                          : loaded 2 times (x 84B)
Class org.jetbrains.kotlin.load.kotlin.KotlinJvmBinaryClass                           : loaded 2 times (x 68B)
Class com.google.common.io.Closer                                                     : loaded 2 times (x 76B)
Class com.sun.xml.bind.v2.model.nav.ReflectionNavigator$6                             : loaded 2 times (x 79B)
Class com.android.build.api.artifact.impl.OperationRequestsImplKt$toCreate$2          : loaded 2 times (x 73B)
Class com.android.build.gradle.internal.tasks.factory.features.AndroidResourcesTaskCreationAction: loaded 2 times (x 68B)
Class org.jetbrains.kotlin.gradle.plugin.mpp.HierarchyAttributeContainer$1            : loaded 2 times (x 76B)
Class com.android.build.gradle.internal.api.artifact.SourceArtifactType$JAVA_SOURCES  : loaded 2 times (x 72B)
Class com.google.common.cache.LocalCache$Values                                       : loaded 2 times (x 116B)
Class com.android.build.gradle.internal.SdkLocator$ValidationResult                   : loaded 2 times (x 70B)
Class com.android.build.gradle.internal.variant.DimensionCombinationImpl              : loaded 2 times (x 74B)
Class org.jetbrains.kotlin.gradle.internal.KotlinDependenciesManagementKt$configureDefaultVersionsResolutionStrategy$1$1: loaded 2 times (x 77B)
Class org.jetbrains.kotlin.gradle.internal.Kapt3GradleSubplugin                       : loaded 2 times (x 81B)
Class com.android.build.gradle.internal.core.dsl.features.TestOptionsDslInfo          : loaded 2 times (x 68B)
Class com.android.build.gradle.internal.services.GlobalServiceRegistrationAction$execute$1: loaded 2 times (x 73B)
Class com.android.build.gradle.internal.EmulatorComponents$Companion                  : loaded 2 times (x 69B)
Class com.android.build.gradle.internal.dependency.ExtractProGuardRulesTransform$Companion: loaded 2 times (x 69B)
Class com.android.build.gradle.internal.scope.InternalMultipleArtifactType            : loaded 2 times (x 72B)
Class com.android.build.gradle.internal.tasks.ModuleMetadataWriterTask                : loaded 2 times (x 329B)
Class com.android.build.gradle.internal.dsl.SdkComponentsImpl                         : loaded 2 times (x 82B)
Class com.android.build.gradle.internal.dsl.Splits$AgpDecorated_Decorated             : loaded 2 times (x 143B)
Class org.gradle.internal.classloader.DefaultClassLoaderFactory                       : loaded 2 times (x 80B)
Class com.android.build.api.component.analytics.AnalyticsEnabledApplicationVariant$userVisiblePackaging$2: loaded 2 times (x 77B)
Class jdk.internal.jimage.ImageReader$SharedImageReader                               : loaded 2 times (x 93B)
Class com.google.common.hash.AbstractByteHasher                                       : loaded 2 times (x 145B)
Class com.android.build.gradle.tasks.ProcessLibraryArtProfileTask_Decorated           : loaded 2 times (x 376B)
Class com.android.build.gradle.internal.dsl.LibraryPublishingImpl$AgpDecorated        : loaded 2 times (x 90B)
Class com.android.build.gradle.internal.tasks.DexMergingAction                        : loaded 2 times (x 77B)
Class com.android.build.gradle.internal.scope.InternalArtifactType$PACKAGED_RES       : loaded 2 times (x 72B)
Class com.google.gson.JsonNull                                                        : loaded 2 times (x 90B)
Class com.android.build.api.component.analytics.AnalyticsEnabledApplicationVariantBuilder_Decorated: loaded 2 times (x 257B)
Class com.android.build.gradle.internal.services.ServiceRegistrationAction            : loaded 2 times (x 72B)
Class com.android.build.gradle.internal.tasks.CheckAarMetadataTask$CreationAction$handleProvider$1: loaded 2 times (x 125B)
Class com.android.build.api.component.impl.DefaultSourcesProvider                     : loaded 2 times (x 68B)
Class com.sun.xml.bind.v2.runtime.property.SingleReferenceNodeProperty$1              : loaded 2 times (x 83B)
Class com.android.build.gradle.tasks.JavaCompileCreationAction                        : loaded 2 times (x 88B)
Class org.jetbrains.kotlin.gradle.dsl.KotlinTargetContainerWithJsPresetFunctions      : loaded 2 times (x 68B)
Class com.android.build.gradle.internal.dsl.EmulatorSnapshots_Decorated               : loaded 2 times (x 148B)
Class com.android.build.gradle.internal.dependency.IdentityTransform$Parameters_Decorated: loaded 2 times (x 137B)
Class com.android.build.gradle.internal.tasks.PerModuleReportDependenciesTask$CreationAction$Companion: loaded 2 times (x 69B)
Class com.android.build.gradle.tasks.ExtractDeepLinksTask$BaseCreationAction$configure$1: loaded 2 times (x 77B)
Class com.android.build.gradle.tasks.MapSourceSetPathsTask                            : loaded 2 times (x 332B)
Class com.android.build.gradle.tasks.ProcessManifestForBundleTask                     : loaded 2 times (x 324B)
Class com.android.build.gradle.internal.api.AndroidSourceSetName                      : loaded 2 times (x 70B)
Class com.android.build.gradle.internal.dsl.NdkOptions$DebugSymbolLevel               : loaded 2 times (x 77B)
Class com.android.build.gradle.internal.utils.ViolatingPluginDetector                 : loaded 2 times (x 70B)
Class net.rubygrapefruit.platform.ProcessLauncher                                     : loaded 2 times (x 68B)
Class com.google.common.collect.Interners$InternerImpl                                : loaded 2 times (x 73B)
Class com.android.build.gradle.tasks.ExtractDeepLinksTask$BaseCreationAction$configure$2: loaded 2 times (x 76B)
Class [Lcom.sun.xml.bind.v2.model.core.ID;                                            : loaded 2 times (x 67B)
Class com.android.build.gradle.internal.scope.InternalArtifactType$PACKAGED_MANIFESTS : loaded 2 times (x 72B)
Class com.android.tools.build.jetifier.core.config.Config                             : loaded 2 times (x 70B)
Class org.jetbrains.kotlin.gradle.plugin.sources.android.AndroidBaseSourceSetName$Companion: loaded 2 times (x 69B)
Class com.android.build.gradle.internal.lint.SdkVersionInput_Decorated                : loaded 2 times (x 131B)
Class com.android.sdklib.repository.generated.repository.v2.PlatformDetailsType       : loaded 2 times (x 110B)
Class [Lcom.sun.xml.bind.v2.model.annotation.AnnotationSource;                        : loaded 2 times (x 67B)
Class org.jetbrains.kotlin.gradle.plugin.mpp.KotlinMultiplatformPluginKt$sourcesJarTaskNamed$2$1: loaded 2 times (x 77B)
Class com.android.build.api.artifact.impl.InAndOutDirectoryOperationRequestImpl$Companion: loaded 2 times (x 69B)
Class com.google.protobuf.DescriptorProtos$FieldDescriptorProto$Type                  : loaded 2 times (x 85B)
Class javax.xml.bind.annotation.XmlTransient                                          : loaded 2 times (x 68B)
Class [Lcom.sun.xml.bind.v2.model.annotation.Locatable;                               : loaded 2 times (x 67B)
Class com.android.build.gradle.internal.tasks.BundleToStandaloneApkTask$CreationAction: loaded 2 times (x 88B)
Class com.android.build.gradle.internal.tasks.factory.TaskManagerConfigImpl           : loaded 2 times (x 74B)
Class com.android.build.gradle.internal.utils.KgpUtils                                : loaded 2 times (x 69B)
Class com.android.build.gradle.internal.dsl.decorator.SupportedPropertyType$Var$NullableInt: loaded 2 times (x 72B)
Class com.sun.xml.bind.v2.model.annotation.AnnotationReader                           : loaded 2 times (x 68B)
Class com.google.protobuf.GeneratedMessageV3                                          : loaded 2 times (x 175B)
Class FlutterPlugin$_apply_closure1                                                   : loaded 2 times (x 134B)
Class org.jetbrains.kotlin.gradle.plugin.AndroidProjectHandlerKt$sam$org_gradle_api_specs_Spec$0: loaded 2 times (x 73B)
Class org.jetbrains.kotlin.gradle.utils.StringUtilsKt$lowerCamelCaseName$1            : loaded 2 times (x 123B)
Class com.google.protobuf.DescriptorProtos$EnumOptions$Builder                        : loaded 2 times (x 352B)
Class org.jetbrains.kotlin.build.report.metrics.BuildTimes                            : loaded 2 times (x 70B)
Class com.sun.xml.bind.v2.runtime.unmarshaller.DefaultIDResolver$1                    : loaded 2 times (x 74B)
Class com.sun.xml.bind.v2.runtime.unmarshaller.ChildLoader                            : loaded 2 times (x 70B)
Class com.android.build.gradle.internal.signing.SigningConfigData                     : loaded 2 times (x 70B)
Class com.android.build.gradle.internal.scope.InternalArtifactType$EXTERNAL_LIBS_DEX_ARCHIVE: loaded 2 times (x 72B)
Class FlutterPlugin$_apply_closure2                                                   : loaded 2 times (x 134B)
Class com.android.build.gradle.options.Option$Status$Removed                          : loaded 2 times (x 70B)
Class org.jetbrains.kotlin.gradle.tasks.AbstractKotlinCompile$abstractKotlinCompileArgumentsContributor$2: loaded 2 times (x 77B)
Class org.jetbrains.kotlin.build.report.metrics.BuildAttributes$Companion             : loaded 2 times (x 69B)
Class com.sun.xml.bind.v2.runtime.NameBuilder                                         : loaded 2 times (x 70B)
Class com.android.build.gradle.internal.tasks.LibraryJniLibsTask                      : loaded 2 times (x 325B)
Class com.android.build.gradle.tasks.ShaderCompile                                    : loaded 2 times (x 332B)
Class FlutterPlugin$_apply_closure3                                                   : loaded 2 times (x 134B)
Class com.android.build.gradle.internal.dsl.ApplicationExtensionImpl$AgpDecorated_Decorated: loaded 2 times (x 463B)
Class com.android.build.gradle.BaseExtension                                          : loaded 2 times (x 197B)
Class org.jetbrains.kotlin.descriptors.DescriptorVisibilities                         : loaded 2 times (x 69B)
Class com.android.build.gradle.internal.tasks.CheckAarMetadataTask$CreationAction$configure$1: loaded 2 times (x 72B)
Class com.android.build.gradle.internal.lint.BuildFeaturesInput                       : loaded 2 times (x 72B)
Class com.android.sdklib.repository.targets.PlatformTarget$Library                    : loaded 2 times (x 70B)
Class com.sun.xml.bind.v2.model.impl.ModelBuilder                                     : loaded 2 times (x 90B)
Class com.android.build.gradle.tasks.VerifyLibraryResourcesTask$CreationAction$handleProvider$1: loaded 2 times (x 125B)
Class FlutterPlugin$_addFlutterTasks_closure24$_closure71$_closure77$_closure78       : loaded 2 times (x 133B)
Class org.jetbrains.kotlin.compilerRunner.UsesCompilerSystemPropertiesService         : loaded 2 times (x 68B)
Class com.android.build.gradle.internal.dependency.DexingOutputSplitTransformKt$registerTransformWithOutputType$1$1: loaded 2 times (x 73B)
Class com.android.build.gradle.internal.dependency.AsmClassesTransform                : loaded 2 times (x 77B)
Class com.android.tools.build.jetifier.processor.TimestampsPolicy$Companion$EPOCH$1   : loaded 2 times (x 76B)
Class org.jetbrains.kotlin.gradle.plugin.mpp.AbstractKotlinTarget                     : loaded 2 times (x 136B)
Class com.android.build.gradle.internal.tasks.factory.TaskCreationAction              : loaded 2 times (x 87B)
Class com.android.build.gradle.ProguardFiles$ProguardFile                             : loaded 2 times (x 77B)
Class com.google.wireless.android.sdk.stats.GradlePluginData$Builder                  : loaded 2 times (x 296B)
Class com.android.build.gradle.internal.tasks.CheckAarMetadataTask$CreationAction$configure$2: loaded 2 times (x 72B)
Class org.jetbrains.kotlin.gradle.plugin.sources.android.checker.DiagnosticReporterImpl: loaded 2 times (x 74B)
Class com.android.build.api.artifact.impl.SingleArtifactContainer                     : loaded 2 times (x 73B)
Class com.google.protobuf.CodedInputStream$UnsafeDirectNioDecoder                     : loaded 2 times (x 118B)
Class net.rubygrapefruit.platform.internal.FunctionResult                             : loaded 2 times (x 75B)
Class com.google.common.io.ByteStreams$LimitedInputStream                             : loaded 2 times (x 90B)
Class com.google.protobuf.Descriptors$1                                               : loaded 2 times (x 69B)
Class com.android.build.gradle.internal.scope.InternalArtifactType$PREFAB_PACKAGE     : loaded 2 times (x 72B)
Class com.android.build.gradle.internal.scope.InternalArtifactType$BUNDLE_DEPENDENCY_REPORT: loaded 2 times (x 72B)
Class com.android.build.api.artifact.impl.InternalScopedArtifact$FINAL_TRANSFORMED_CLASSES: loaded 2 times (x 72B)
Class org.jetbrains.kotlin.gradle.targets.native.internal.CInteropLibraryElementsCompatibilityRule: loaded 2 times (x 74B)
Class com.android.build.gradle.internal.AvdComponentsBuildService                     : loaded 2 times (x 74B)
Class com.google.wireless.android.sdk.stats.GradleBuildSplits                         : loaded 2 times (x 216B)
Class com.google.common.collect.NullsFirstOrdering                                    : loaded 2 times (x 113B)
Class com.android.repository.api.Channel                                              : loaded 2 times (x 79B)
Class FlutterPlugin$_apply_closure7                                                   : loaded 2 times (x 134B)
Class com.android.builder.model.BaseConfig                                            : loaded 2 times (x 68B)
Class com.google.common.collect.MapMakerInternalMap$AbstractStrongKeyEntry            : loaded 2 times (x 78B)
Class com.google.common.collect.ImmutableRangeSet$ComplementRanges                    : loaded 2 times (x 167B)
Class org.jetbrains.kotlin.gradle.tasks.UsesKotlinJavaToolchain$DefaultImpls          : loaded 2 times (x 69B)
Class [Lcom.google.gson.ToNumberStrategy;                                             : loaded 2 times (x 67B)
Class FlutterPlugin$_apply_closure8                                                   : loaded 2 times (x 134B)
Class com.android.build.gradle.internal.services.StringCachingBuildService$RegistrationAction: loaded 2 times (x 72B)
Class com.android.build.gradle.options.SyncOptions                                    : loaded 2 times (x 69B)
Class org.jetbrains.kotlin.metadata.ProtoBuf$EnumEntry$1                              : loaded 2 times (x 142B)
Class org.objectweb.asm.Context                                                       : loaded 2 times (x 70B)
Class org.jetbrains.kotlin.gradle.plugin.mpp.compilationImpl.factory.DefaultKotlinCompilationOutputFactory: loaded 2 times (x 72B)
Class com.android.build.gradle.internal.SdkComponentsBuildService$VersionedSdkLoader  : loaded 2 times (x 70B)
Class com.android.build.gradle.internal.scope.InternalArtifactType$VERSION_CONTROL_INFO_FILE: loaded 2 times (x 72B)
Class com.android.tools.build.jetifier.core.proguard.ProGuardTypesMap$expandedRules$2 : loaded 2 times (x 77B)
Class com.google.gson.JsonElement                                                     : loaded 2 times (x 90B)
Class org.jetbrains.org.objectweb.asm.RecordComponentVisitor                          : loaded 2 times (x 75B)
Class com.android.build.gradle.internal.lint.SystemPropertyInputs_Decorated           : loaded 2 times (x 151B)
Class com.google.wireless.android.sdk.stats.GradleBuildVariant$DexMergerTool$1        : loaded 2 times (x 74B)
Class org.jetbrains.kotlin.statistics.metrics.StringAnonymizationPolicy               : loaded 2 times (x 76B)
Class com.android.build.gradle.internal.tasks.LintCompile                             : loaded 2 times (x 322B)
Class org.jetbrains.kotlin.metadata.jvm.deserialization.JvmNameResolverKt             : loaded 2 times (x 69B)
Class org.objectweb.asm.TypeReference                                                 : loaded 2 times (x 78B)
Class com.google.protobuf.Descriptors$FieldDescriptor$1                               : loaded 2 times (x 74B)
Class org.jetbrains.kotlin.compilerRunner.CompilerSystemPropertiesService$sam$org_gradle_api_Action$0: loaded 2 times (x 73B)
Class com.android.build.api.component.impl.features.ResValuesCreationConfigImpl$resValues$2: loaded 2 times (x 77B)
Class com.android.build.api.component.impl.DeviceTestImpl$optimizationCreationConfig$2: loaded 2 times (x 77B)
Class org.jetbrains.kotlin.metadata.ProtoBuf$TypeTable$1                              : loaded 2 times (x 142B)
Class com.android.build.gradle.internal.res.GenerateLibraryRFileTask$TestRuntimeStubRClassCreationAction: loaded 2 times (x 88B)
Class com.android.build.api.attributes.AgpVersionAttr$ImplFactory                     : loaded 2 times (x 73B)
Class org.jetbrains.kotlin.gradle.internal.StdlibDependencyManagementKt$alignStdlibJvmVariantVersions$1: loaded 2 times (x 77B)
Class com.sun.xml.bind.v2.runtime.reflect.PrimitiveArrayListerBoolean                 : loaded 2 times (x 74B)
Class com.android.build.gradle.internal.tasks.MergeConsumerProguardFilesTask$CreationAction$handleProvider$1: loaded 2 times (x 125B)
Class com.android.build.api.variant.VariantOutput                                     : loaded 2 times (x 68B)
Class com.android.build.api.variant.impl.TestedApkPackagingImpl                       : loaded 2 times (x 93B)
Class org.jetbrains.kotlin.gradle.plugin.KotlinCompilationOutput                      : loaded 2 times (x 68B)
Class net.rubygrapefruit.platform.internal.DefaultProcessLauncher                     : loaded 2 times (x 73B)
Class org.jetbrains.kotlin.protobuf.Internal$EnumLite                                 : loaded 2 times (x 68B)
Class com.google.common.collect.NaturalOrdering                                       : loaded 2 times (x 113B)
Class com.android.tools.build.jetifier.processor.transform.proguard.ProGuardClassSpecParser$replacer$1: loaded 2 times (x 77B)
Class com.android.build.gradle.internal.dependency.AndroidXDependencySubstitution     : loaded 2 times (x 69B)
Class com.android.build.api.artifact.ArtifactKind$FILE                                : loaded 2 times (x 70B)
Class com.android.build.gradle.internal.tasks.MergeNativeLibsTaskKt$getExternalNativeLibs$1: loaded 2 times (x 72B)
Class com.android.build.gradle.internal.services.TaskCreationServicesImpl$sam$java_util_concurrent_Callable$0: loaded 2 times (x 73B)
Class com.android.build.gradle.internal.tasks.OptimizeResourcesTask$CreateAction      : loaded 2 times (x 91B)
Class com.android.tools.build.jetifier.processor.transform.proguard.ProGuardClassSpecParser$replacer$2: loaded 2 times (x 77B)
Class com.android.build.gradle.internal.variant.VariantPathHelper$targetFilterConfigurations$2: loaded 2 times (x 77B)
Class org.jetbrains.kotlin.gradle.plugin.statistics.KotlinBuildStatsService$Companion : loaded 2 times (x 69B)
Class com.android.build.gradle.internal.dsl.PrivacySandboxImpl$AgpDecorated_Decorated : loaded 2 times (x 128B)
Class com.android.build.gradle.tasks.MergeResources$CreationAction$configure$1        : loaded 2 times (x 73B)
Class com.android.tools.build.jetifier.processor.transform.proguard.ProGuardClassSpecParser$replacer$3: loaded 2 times (x 77B)
Class com.android.build.api.component.impl.DeviceTestImpl$buildConfigCreationConfig$2 : loaded 2 times (x 77B)
Class com.android.build.gradle.internal.tasks.SigningConfigUtils                      : loaded 2 times (x 69B)
Class com.android.prefs.VariableType                                                  : loaded 2 times (x 77B)
Class com.android.utils.NullLogger                                                    : loaded 2 times (x 83B)
Class com.android.build.api.artifact.impl.ArtifactNamingContext                       : loaded 2 times (x 70B)
Class com.android.build.gradle.tasks.MergeResources$CreationAction$configure$2        : loaded 2 times (x 73B)
Class com.android.build.api.variant.FilterConfiguration$FilterType                    : loaded 2 times (x 77B)
Class com.android.build.gradle.internal.publishing.KotlinMultiplatformVariantSpecBuilder: loaded 2 times (x 88B)
Class com.android.build.gradle.tasks.MapSourceSetPathsTask$CreateAction$handleProvider$1: loaded 2 times (x 125B)
Class com.android.tools.build.jetifier.processor.transform.proguard.ProGuardClassSpecParser$replacer$4: loaded 2 times (x 77B)
Class com.android.build.gradle.internal.dsl.TestOptions$UnitTestOptions_Decorated     : loaded 2 times (x 132B)
Class com.google.protobuf.GeneratedMessage$GeneratedExtension                         : loaded 2 times (x 85B)
Class org.jetbrains.kotlin.tooling.core.Extras                                        : loaded 2 times (x 68B)
Class [Lorg.jetbrains.kotlin.gradle.plugin.KotlinSourceSet;                           : loaded 2 times (x 67B)
Class jdk.internal.jimage.decompressor.ZipDecompressorFactory                         : loaded 2 times (x 72B)
Class org.jetbrains.kotlin.protobuf.AbstractMessageLite$Builder$LimitedInputStream    : loaded 2 times (x 90B)
Class com.google.common.collect.ByFunctionOrdering                                    : loaded 2 times (x 113B)
Class com.google.common.base.Optional                                                 : loaded 2 times (x 78B)
Class com.android.build.gradle.internal.tasks.MergeStartupProfileTask$CreationAction$configure$1$1: loaded 2 times (x 72B)
Class [Lorg.jetbrains.kotlin.build.report.metrics.BuildAttribute;                     : loaded 2 times (x 67B)
Class javax.xml.bind.annotation.XmlAttribute                                          : loaded 2 times (x 68B)
Class com.android.build.gradle.internal.tasks.ParseIntegrityConfigTask$CreationAction : loaded 2 times (x 88B)
Class com.android.build.gradle.internal.dsl.ApplicationBuildFeaturesImpl              : loaded 2 times (x 118B)
Class com.android.build.gradle.internal.core.dsl.features.RenderscriptDslInfo         : loaded 2 times (x 68B)
Class com.android.build.gradle.internal.lint.ArtifactInput                            : loaded 2 times (x 88B)
Class com.sun.xml.bind.v2.model.impl.RuntimeTypeRefImpl                               : loaded 2 times (x 94B)
Class com.android.repository.impl.generated.v1.DependencyType                         : loaded 2 times (x 79B)
Class com.android.build.gradle.internal.signing.SigningConfigDataProvider             : loaded 2 times (x 70B)
Class com.android.build.gradle.tasks.PackageAndroidArtifact$CreationAction            : loaded 2 times (x 90B)
Class com.android.build.gradle.internal.scope.InternalArtifactType$AP_GENERATED_SOURCES: loaded 2 times (x 72B)
Class org.jetbrains.kotlin.gradle.plugin.KotlinMultiplatformPluginKt$whenEvaluated$2  : loaded 2 times (x 77B)
Class org.jetbrains.kotlin.gradle.plugin.sources.android.AndroidBaseSourceSetName$AndroidTest: loaded 2 times (x 70B)
Class com.android.build.gradle.internal.dsl.decorator.SupportedPropertyType           : loaded 2 times (x 71B)
Class com.android.build.gradle.internal.dependency.JacocoInstrumentationService       : loaded 2 times (x 79B)
Class com.sun.xml.bind.v2.runtime.reflect.Accessor$GetterSetterReflection             : loaded 2 times (x 83B)
Class com.android.build.gradle.internal.tasks.AsarsToCompatSplitsTask$CreationAction  : loaded 2 times (x 88B)
Class com.android.build.gradle.api.TestVariant                                        : loaded 2 times (x 68B)
Class com.android.build.gradle.internal.dsl.decorator.DslDecorator$Companion$classLoaderDefineClass$2: loaded 2 times (x 76B)
Class com.google.gson.internal.bind.JsonTreeReader                                    : loaded 2 times (x 96B)
Class com.android.build.gradle.internal.plugins.AndroidPluginBaseServices$optionService$2$1: loaded 2 times (x 76B)
Class com.android.sdklib.repository.generated.sysimg.v2.ObjectFactory                 : loaded 2 times (x 73B)
Class com.android.build.gradle.internal.scope.InternalArtifactType$USES_SDK_LIBRARY_SPLIT_FOR_LOCAL_DEPLOYMENT: loaded 2 times (x 72B)
Class org.jetbrains.kotlin.gradle.plugin.sources.android.KotlinAndroidSourceSetFactory$getOrCreateKotlinSourceSet$1: loaded 2 times (x 77B)
Class com.android.build.api.extension.impl.VariantSelectorImpl                        : loaded 2 times (x 90B)
Class com.android.tools.lint.model.LintModelLintOptions                               : loaded 2 times (x 68B)
Class com.android.build.gradle.internal.dsl.DexOptions_Decorated                      : loaded 2 times (x 158B)
Class com.android.build.gradle.internal.tasks.factory.BootClasspathConfigImpl$mockableJarArtifact$2: loaded 2 times (x 77B)
Class com.android.build.gradle.internal.cxx.logging.IssueReporterLoggingEnvironmentKt : loaded 2 times (x 69B)
Class org.jetbrains.kotlin.gradle.dsl.KotlinAndroidProjectExtension                   : loaded 2 times (x 93B)
Class com.android.build.gradle.internal.errors.SyncIssueReporterImpl$GlobalSyncIssueService$RegistrationAction: loaded 2 times (x 72B)
Class com.android.build.api.variant.impl.ApplicationVariantImpl$dexing$2              : loaded 2 times (x 77B)
Class com.android.build.api.variant.HasAndroidResources                               : loaded 2 times (x 68B)
Class org.jetbrains.org.objectweb.asm.ClassTooLargeException                          : loaded 2 times (x 81B)
Class [Lorg.jetbrains.org.objectweb.asm.Attribute;                                    : loaded 2 times (x 67B)
Class com.sun.xml.bind.v2.model.annotation.ClassLocatable                             : loaded 2 times (x 76B)
Class com.android.build.api.variant.LibraryVariantBuilder                             : loaded 2 times (x 68B)
Class com.android.build.gradle.internal.dsl.InternalLibraryExtension                  : loaded 2 times (x 68B)
Class com.android.build.gradle.internal.scope.InternalArtifactType$EXTERNAL_LIBS_DEX_ARCHIVE_WITH_ARTIFACT_TRANSFORMS: loaded 2 times (x 72B)
Class com.android.build.gradle.tasks.AidlCompile                                      : loaded 2 times (x 326B)
Class com.android.build.api.dsl.DependenciesInfo                                      : loaded 2 times (x 68B)
Class org.jetbrains.kotlin.config.AnalysisFlag                                        : loaded 2 times (x 70B)
Class org.jetbrains.kotlin.metadata.ProtoBuf$TypeTableOrBuilder                       : loaded 2 times (x 68B)
Class com.android.tools.analytics.JournalingUsageTracker                              : loaded 2 times (x 80B)
Class com.android.build.gradle.tasks.MapSourceSetPathsTask$CreateAction               : loaded 2 times (x 91B)
Class com.android.build.api.variant.impl.BundleConfigImpl                             : loaded 2 times (x 74B)
Class com.android.build.api.component.impl.DeviceTestImpl$androidResources$2          : loaded 2 times (x 77B)
Class com.android.build.gradle.tasks.GenerateResValues$CreationAction$handleProvider$1: loaded 2 times (x 125B)
Class com.android.build.gradle.internal.core.dsl.impl.InstrumentedTestDslInfoImpl$getInstrumentationRunner$1: loaded 2 times (x 73B)
Class org.jetbrains.kotlin.gradle.tasks.configuration.BaseKotlinCompileConfig$2$1     : loaded 2 times (x 77B)
Class com.android.build.gradle.internal.api.BaseVariantImpl                           : loaded 2 times (x 213B)
Class org.jetbrains.kotlin.gradle.plugin.sources.DefaultKotlinSourceSetFactory$setUpSourceSetDefaults$1$1: loaded 2 times (x 77B)
Class [Lorg.jetbrains.kotlin.statistics.metrics.NumberAnonymizationPolicy;            : loaded 2 times (x 67B)
Class user_agent_b2f1j4cxt7sh2sb7kuyg50mb2$_run_closure1$_closure2                    : loaded 2 times (x 138B)
Class org.jetbrains.kotlin.protobuf.CodedInputStream                                  : loaded 2 times (x 70B)
Class com.sun.xml.bind.v2.model.core.ReferencePropertyInfo                            : loaded 2 times (x 68B)
Class org.jetbrains.kotlin.gradle.tasks.configuration.AbstractKotlinCompileConfig$1   : loaded 2 times (x 77B)
Class org.jetbrains.kotlin.gradle.plugin.KotlinCompilation$Companion                  : loaded 2 times (x 69B)
Class com.android.build.gradle.internal.core.dsl.impl.InstrumentedTestDslInfoImpl$getInstrumentationRunner$2: loaded 2 times (x 73B)
Class com.android.build.gradle.tasks.VerifyLibraryResourcesTask                       : loaded 2 times (x 329B)
Class com.android.build.api.variant.HasAndroidTestBuilder                             : loaded 2 times (x 68B)
Class com.android.build.gradle.internal.lint.AndroidLintAnalysisTask$initializeGlobalInputs$globalLintJarsFromEnvVariable$1: loaded 2 times (x 72B)
Class com.android.sdklib.repository.generated.addon.v1.MavenType                      : loaded 2 times (x 78B)
Class com.sun.xml.bind.v2.model.impl.ReferencePropertyInfoImpl                        : loaded 2 times (x 125B)
Class com.android.build.gradle.internal.SdkComponentsBuildService$VersionedSdkLoader$optionalLibrariesProvider$1: loaded 2 times (x 73B)
Class com.android.build.gradle.internal.api.LibraryVariantImpl_Decorated              : loaded 2 times (x 280B)
Class org.jetbrains.kotlin.gradle.tasks.configuration.AbstractKotlinCompileConfig$2   : loaded 2 times (x 77B)
Class com.android.build.gradle.internal.tasks.ApplicationIdWriterTask$CreationAction  : loaded 2 times (x 88B)
Class com.android.build.gradle.internal.core.dsl.impl.features.ManifestPlaceholdersDslInfoImpl$placeholders$2: loaded 2 times (x 77B)
Class com.google.protobuf.UnknownFieldSet$Parser                                      : loaded 2 times (x 148B)
Class org.jetbrains.kotlin.gradle.tasks.configuration.AbstractKotlinCompileConfig$3   : loaded 2 times (x 73B)
Class com.android.build.gradle.internal.tasks.MergeArtProfileTask                     : loaded 2 times (x 327B)
Class com.android.build.gradle.internal.res.LinkApplicationAndroidResourcesTask$BaseCreationAction$handleProvider$1: loaded 2 times (x 125B)
Class com.android.build.api.variant.impl.ApplicationVariantImpl$targetSdk$2           : loaded 2 times (x 77B)
Class org.jetbrains.kotlin.statistics.fileloggers.MetricsContainer$Companion          : loaded 2 times (x 69B)
Class com.android.build.gradle.tasks.PackageAndroidArtifact$Companion$getPageSize$2   : loaded 2 times (x 72B)
Class org.jetbrains.kotlin.gradle.tasks.configuration.AbstractKotlinCompileConfig$4   : loaded 2 times (x 77B)
Class org.jetbrains.kotlin.compilerRunner.CompilerSystemPropertiesService$Parameters  : loaded 2 times (x 68B)
Class com.android.build.gradle.internal.res.LinkApplicationAndroidResourcesTask$BaseCreationAction$handleProvider$2: loaded 2 times (x 125B)
Class com.android.build.gradle.internal.tasks.ListingFileRedirectTask$CreationAction  : loaded 2 times (x 88B)
Class com.android.build.gradle.internal.profile.ProfilingMode                         : loaded 2 times (x 77B)
Class com.sun.xml.bind.v2.runtime.property.SingleElementNodeProperty                  : loaded 2 times (x 100B)
Class com.android.build.gradle.internal.dsl.LibraryBuildFeaturesImpl_Decorated        : loaded 2 times (x 182B)
Class com.android.build.gradle.internal.testing.utp.UtpDependencyUtilsKt              : loaded 2 times (x 69B)
Class com.android.build.gradle.internal.scope.InternalArtifactType$NATIVE_SYMBOL_TABLES: loaded 2 times (x 72B)
Class com.android.build.gradle.internal.scope.InternalArtifactType$FEATURE_RESOURCE_PKG: loaded 2 times (x 72B)
Class com.android.build.gradle.internal.instrumentation.AsmClassVisitorsFactoryRegistry: loaded 2 times (x 70B)
Class com.android.build.gradle.internal.dsl.AarMetadataImpl$AgpDecorated_Decorated    : loaded 2 times (x 139B)
Class com.android.repository.impl.generated.v2.CompleteType                           : loaded 2 times (x 82B)
Class com.android.build.gradle.internal.res.LinkApplicationAndroidResourcesTask$BaseCreationAction$handleProvider$4: loaded 2 times (x 125B)
Class org.jetbrains.kotlin.metadata.jvm.JvmProtoBuf$StringTableTypesOrBuilder         : loaded 2 times (x 68B)
Class org.jetbrains.kotlin.gradle.targets.js.npm.SemVer$Companion                     : loaded 2 times (x 69B)
Class [Lcom.android.builder.model.TestOptions$Execution;                              : loaded 2 times (x 67B)
Class com.sun.xml.bind.DatatypeConverterImpl                                          : loaded 2 times (x 109B)
Class com.android.build.gradle.internal.publishing.LibraryVariantSpecBuilder          : loaded 2 times (x 88B)
Class com.google.protobuf.DescriptorProtos$MessageOptionsOrBuilder                    : loaded 2 times (x 68B)
Class com.android.build.gradle.internal.SystemPropertiesFactory                       : loaded 2 times (x 69B)
Class com.android.build.gradle.internal.TaskManager$PreBuildCreationAction            : loaded 2 times (x 89B)
Class com.android.io.CancellableFileIo                                                : loaded 2 times (x 69B)
Class com.google.protobuf.DescriptorProtos$MessageOptions$1                           : loaded 2 times (x 149B)
Class com.android.repository.impl.generated.v1.package-info                           : loaded 2 times (x 68B)
Class com.android.repository.impl.generated.v1.RevisionType                           : loaded 2 times (x 80B)
Class org.jetbrains.kotlin.gradle.plugin.mpp.KotlinUsages                             : loaded 2 times (x 69B)
Class com.android.sdklib.repository.generated.addon.v2.AddonDetailsType               : loaded 2 times (x 125B)
Class org.jetbrains.kotlin.gradle.plugin.mpp.compilationImpl.KotlinCompilationSourceSetInclusion$Companion: loaded 2 times (x 69B)
Class com.android.build.gradle.internal.test.AbstractTestDataImpl$testCoverageEnabled$1: loaded 2 times (x 77B)
Class com.android.build.gradle.internal.tasks.InstallVariantTask$CreationAction       : loaded 2 times (x 89B)
Class org.jetbrains.kotlin.gradle.plugin.KotlinMultiplatformPluginWrapper             : loaded 2 times (x 85B)
Class org.jetbrains.kotlin.gradle.plugin.mpp.KotlinUsages$KotlinJavaRuntimeJarsCompatibility: loaded 2 times (x 74B)
Class com.android.build.api.dsl.Lint                                                  : loaded 2 times (x 68B)
Class com.android.build.gradle.internal.res.LinkApplicationAndroidResourcesTask$Companion: loaded 2 times (x 69B)
Class org.jetbrains.kotlin.gradle.targets.js.dsl.KotlinJsSubTargetContainerDsl        : loaded 2 times (x 68B)
Class com.android.build.gradle.internal.tasks.SigningConfigVersionsWriterTask$CreationAction: loaded 2 times (x 88B)
Class org.jetbrains.kotlin.gradle.dsl.KotlinJvmCompilerOptionsDefault                 : loaded 2 times (x 98B)
Class org.jetbrains.kotlin.gradle.plugin.statistics.KotlinBuildStatHandler            : loaded 2 times (x 69B)
Class org.gradle.internal.classloader.VisitableURLClassLoader$Spec                    : loaded 2 times (x 72B)
Class com.android.tools.analytics.JournalingUsageTracker$State                        : loaded 2 times (x 77B)
Class com.android.build.gradle.internal.tasks.ProcessJavaResTask$CreationAction$fromProjectJavaResJars$1$1: loaded 2 times (x 72B)
Class com.android.build.gradle.tasks.ProcessLibraryManifest                           : loaded 2 times (x 334B)
Class com.android.build.gradle.internal.scope.InternalArtifactType$FULL_JAR           : loaded 2 times (x 72B)
Class com.android.tools.build.jetifier.processor.transform.proguard.ProGuardClassFilterParser$Companion: loaded 2 times (x 69B)
Class com.android.build.gradle.internal.tasks.ProcessJavaResTask$CreationAction$fromProjectJavaResJars$1$2: loaded 2 times (x 73B)
Class com.android.build.gradle.internal.DependencyResourcesComputer_Decorated         : loaded 2 times (x 143B)
Class com.android.build.gradle.internal.ide.Utils                                     : loaded 2 times (x 69B)
Class com.android.build.api.artifact.SingleArtifact$OBFUSCATION_MAPPING_FILE          : loaded 2 times (x 72B)
Class org.jetbrains.kotlin.statistics.metrics.IMetricContainerFactory                 : loaded 2 times (x 68B)
Class com.android.build.gradle.internal.dsl.JniLibsPackagingImpl                      : loaded 2 times (x 87B)
Class org.gradle.api.GradleException                                                  : loaded 2 times (x 80B)
Class com.sun.xml.bind.v2.runtime.unmarshaller.Patcher                                : loaded 2 times (x 68B)
Class com.sun.xml.bind.v2.model.impl.RuntimeReferencePropertyInfoImpl                 : loaded 2 times (x 139B)
Class com.android.build.api.artifact.impl.MultiplePropertyAdapter                     : loaded 2 times (x 77B)
Class org.jetbrains.kotlin.statistics.metrics.BooleanAnonymizationPolicy$SAFE         : loaded 2 times (x 83B)
Class com.android.build.gradle.internal.component.HostTestCreationConfig              : loaded 2 times (x 68B)
Class com.android.ide.common.resources.ResourcePreprocessor                           : loaded 2 times (x 68B)
Class com.sun.xml.bind.v2.runtime.reflect.Lister                                      : loaded 2 times (x 74B)
Class com.android.tools.build.jetifier.processor.transform.proguard.ProGuardClassSpecParser$Companion: loaded 2 times (x 69B)
Class com.google.gson.internal.bind.CollectionTypeAdapterFactory$Adapter              : loaded 2 times (x 72B)
Class com.android.build.gradle.internal.api.artifact.SourceArtifactType               : loaded 2 times (x 72B)
Class com.google.wireless.android.sdk.stats.GradleProjectOptionsSettings              : loaded 2 times (x 217B)
Class [Ljavax.xml.bind.annotation.XmlAccessOrder;                                     : loaded 2 times (x 67B)
Class com.android.build.gradle.internal.dependency.VariantDependencies$Companion$WhenMappings: loaded 2 times (x 69B)
Class com.google.protobuf.MessageLite                                                 : loaded 2 times (x 68B)
Class com.android.build.gradle.api.FusedLibraryPlugin                                 : loaded 2 times (x 72B)
Class org.gradle.api.internal.classpath.ModuleRegistry                                : loaded 2 times (x 68B)
Class com.google.common.hash.HashCode$LongHashCode                                    : loaded 2 times (x 78B)
Class org.jetbrains.kotlin.resolve.scopes.receivers.Receiver                          : loaded 2 times (x 68B)
Class com.sun.xml.bind.v2.runtime.ElementBeanInfoImpl$IntercepterLoader               : loaded 2 times (x 79B)
Class FlutterPlugin$_addFlutterTasks_closure24$_closure68                             : loaded 2 times (x 134B)
Class com.android.build.gradle.internal.utils.DesugarLibConfigExtractor$Inject1       : loaded 2 times (x 107B)
Class com.android.build.gradle.internal.tasks.ProcessJavaResTask$CreationAction$handleProvider$1: loaded 2 times (x 125B)
Class com.android.build.gradle.internal.dsl.LanguageSplitOptions_Decorated            : loaded 2 times (x 126B)
Class com.android.build.gradle.internal.DependencyResourcesComputer$initFromVariantScope$2: loaded 2 times (x 77B)
Class com.android.build.gradle.LibraryPluginKt                                        : loaded 2 times (x 69B)
Class FlutterPlugin$_addFlutterTasks_closure24$_closure69                             : loaded 2 times (x 134B)
Class com.android.build.gradle.internal.dsl.VcsInfoImpl$AgpDecorated_Decorated        : loaded 2 times (x 127B)
Class com.android.build.gradle.internal.dsl.DefaultConfig                             : loaded 2 times (x 423B)
Class com.google.wireless.android.sdk.stats.JavaProcessStats                          : loaded 2 times (x 204B)
Class com.sun.xml.bind.v2.model.impl.ClassInfoImpl$ConflictException                  : loaded 2 times (x 80B)
Class javax.xml.bind.Marshaller                                                       : loaded 2 times (x 68B)
Class org.jetbrains.kotlin.gradle.plugin.mpp.pm20.util.ConfigurationUtilsKt           : loaded 2 times (x 69B)
Class com.android.build.api.variant.impl.TaskProviderBasedDirectoryEntryImpl          : loaded 2 times (x 81B)
Class org.jetbrains.kotlin.gradle.plugin.sources.android.configurator.KotlinAndroidSourceSetConfigurationWithCondition: loaded 2 times (x 74B)
Class [Lcom.android.build.gradle.options.Version;                                     : loaded 2 times (x 67B)
Class com.android.build.api.dsl.TestedExtension                                       : loaded 2 times (x 68B)
Class org.jetbrains.kotlin.cli.common.messages.MessageCollector                       : loaded 2 times (x 68B)
Class com.google.common.collect.CompoundOrdering                                      : loaded 2 times (x 113B)
Class [Lcom.android.build.api.artifact.Artifact;                                      : loaded 2 times (x 67B)
Class com.android.build.gradle.internal.packaging.PackagingOptionsUtilsKt             : loaded 2 times (x 69B)
Class com.android.build.gradle.internal.plugins.VersionCheckPlugin$apply$1            : loaded 2 times (x 77B)
Class com.android.build.gradle.internal.variant.BaseVariantData$DiscoverableFilterType$LANGUAGE: loaded 2 times (x 78B)
Class com.sun.xml.bind.v2.runtime.property.ArrayERProperty                            : loaded 2 times (x 102B)
Class com.android.build.gradle.internal.dependency.CollectClassesTransform$Inject1    : loaded 2 times (x 107B)
Class com.android.build.gradle.internal.dsl.ApplicationAndroidResourcesImpl           : loaded 2 times (x 124B)
Class com.android.repository.Revision$1                                               : loaded 2 times (x 69B)
Class com.android.build.gradle.internal.publishing.VariantSpecBuilderImpl             : loaded 2 times (x 88B)
Class com.android.build.api.component.impl.DefaultSourcesProviderImpl$defaultAssetsSources$1: loaded 2 times (x 76B)
Class com.android.build.gradle.internal.tasks.DexMergingTask$CreationAction           : loaded 2 times (x 91B)
Class com.android.build.api.component.impl.OldVariantApiLegacySupportImpl$JavaCompileOptionsForOldVariantAPI$_annotationProcessorOptions$1: loaded 2 times (x 75B)
Class [Lcom.google.protobuf.Descriptors$Descriptor;                                   : loaded 2 times (x 67B)
Class com.android.sdklib.repository.meta.DetailsTypes$AddonDetailsType$Libraries      : loaded 2 times (x 70B)
Class com.android.build.api.dsl.BaseFlavor                                            : loaded 2 times (x 68B)
Class com.android.build.gradle.internal.tasks.CheckManifest                           : loaded 2 times (x 322B)
Class com.android.build.gradle.internal.dsl.SdkComponentsImpl$ndkDirectory$2          : loaded 2 times (x 77B)
Class [Lcom.android.build.gradle.options.SyncOptions$EvaluationMode;                  : loaded 2 times (x 67B)
Class com.android.build.api.variant.impl.ApplicationAndroidResourcesImpl              : loaded 2 times (x 85B)
Class [Lcom.google.wireless.android.sdk.stats.GradleTaskExecution$TaskState;          : loaded 2 times (x 67B)
Class com.android.build.gradle.internal.core.dsl.impl.AndroidTestComponentDslInfoImpl$signingConfigResolver$2: loaded 2 times (x 77B)
Class com.sun.xml.bind.v2.model.annotation.Init                                       : loaded 2 times (x 69B)
Class com.android.build.gradle.internal.dependency.KotlinPlatformDisambiguationRule   : loaded 2 times (x 74B)
Class com.android.build.api.variant.HostTest                                          : loaded 2 times (x 68B)
Class org.jetbrains.kotlin.gradle.plugin.KotlinMultiplatformPluginKt$sam$org_gradle_api_Action$0: loaded 2 times (x 73B)
Class org.jetbrains.kotlin.gradle.plugin.PropertiesProvider                           : loaded 2 times (x 70B)
Class com.google.protobuf.Message$Builder                                             : loaded 2 times (x 68B)
Class com.android.build.api.dsl.CommonExtension                                       : loaded 2 times (x 68B)
Class org.jetbrains.kotlin.metadata.deserialization.BinaryVersion                     : loaded 2 times (x 71B)
Class com.android.build.gradle.internal.FileExistsValueSource$Params_Decorated        : loaded 2 times (x 132B)
Class com.android.build.gradle.internal.tasks.LintModelMetadataTask                   : loaded 2 times (x 325B)
Class com.android.build.gradle.internal.dependency.JetifyTransform$Companion          : loaded 2 times (x 69B)
Class com.android.build.gradle.internal.variant.VariantFactory                        : loaded 2 times (x 68B)
Class com.android.build.gradle.internal.cxx.configure.Ninja                           : loaded 2 times (x 70B)
Class org.jetbrains.kotlin.gradle.utils.FileUtilsKt                                   : loaded 2 times (x 69B)
Class com.sun.xml.bind.v2.model.impl.ArrayInfoImpl                                    : loaded 2 times (x 96B)
Class com.android.build.gradle.internal.tasks.CheckAarMetadataTask$CreationAction     : loaded 2 times (x 88B)
Class com.android.build.gradle.internal.tasks.factory.VariantTaskCreationAction       : loaded 2 times (x 88B)
Class com.android.build.api.variant.impl.VariantOutputConfigurationImplKt$WhenMappings: loaded 2 times (x 69B)
Class org.jetbrains.kotlin.gradle.plugin.sources.android.KotlinAndroidSourceSetFactory$Companion: loaded 2 times (x 69B)
Class org.jetbrains.kotlin.gradle.plugin.mpp.compilationImpl.factory.EmptyPreConfigure: loaded 2 times (x 72B)
Class com.sun.xml.bind.v2.runtime.AttributeAccessor                                   : loaded 2 times (x 68B)
Class org.jetbrains.kotlin.gradle.plugin.sources.android.AndroidBaseSourceSetName     : loaded 2 times (x 70B)
Class org.jetbrains.kotlin.gradle.report.BuildReportType$Companion                    : loaded 2 times (x 69B)
Class com.android.build.gradle.internal.publishing.OutputSpecImpl                     : loaded 2 times (x 76B)
Class org.jetbrains.kotlin.gradle.plugin.mpp.compilationImpl.KotlinCompilationAssociatorKt$addAllDependenciesFromOtherConfigurations$1$1$1: loaded 2 times (x 73B)
Class com.android.build.gradle.internal.ApiObjectFactory                              : loaded 2 times (x 71B)
Class com.android.build.gradle.internal.tasks.MergeGeneratedProguardFilesCreationAction: loaded 2 times (x 88B)
Class com.android.build.api.variant.impl.ApplicationVariantImpl$packaging$2           : loaded 2 times (x 77B)
Class com.android.build.gradle.internal.dsl.CommonExtensionImpl$sdkComponents$2       : loaded 2 times (x 77B)
Class com.google.protobuf.ByteString$LeafByteString                                   : loaded 2 times (x 101B)
Class com.android.build.gradle.internal.tasks.BundleLibraryClassesJar$CreationAction  : loaded 2 times (x 88B)
Class Dependency_version_checker_gradle$Version$Companion                             : loaded 2 times (x 69B)
Class com.google.common.collect.ImmutableRangeSet                                     : loaded 2 times (x 113B)
Class [Ljavax.xml.bind.annotation.XmlElement;                                         : loaded 2 times (x 67B)
Class FlutterPlugin$_apply_closure2$_closure29$_closure30                             : loaded 2 times (x 134B)
Class org.jetbrains.kotlin.gradle.plugin.ProjectLocalConfigurations$setupAttributesMatchingStrategy$1$1: loaded 2 times (x 76B)
Class com.android.build.gradle.internal.dsl.decorator.annotation.NonNullableSetter    : loaded 2 times (x 68B)
Class com.android.build.gradle.internal.services.AndroidLocationsBuildService$AndroidDirectoryCreator$Params_Decorated: loaded 2 times (x 134B)
Class com.android.build.gradle.internal.api.ImmutableFlavorList$1                     : loaded 2 times (x 81B)
Class com.android.repository.impl.generated.v1.DependenciesType                       : loaded 2 times (x 73B)
Class com.sun.xml.bind.v2.runtime.BridgeAdapter                                       : loaded 2 times (x 85B)
Class com.android.build.gradle.internal.transforms.ShrinkResourcesNewShrinkerTask$CreationAction: loaded 2 times (x 88B)
Class org.jetbrains.kotlin.tooling.core.MutableExtrasImpl                             : loaded 2 times (x 163B)
Class com.android.build.gradle.api.UnitTestVariant                                    : loaded 2 times (x 68B)
Class com.android.build.gradle.internal.core.dsl.impl.features.ShadersDslInfoImpl     : loaded 2 times (x 74B)
Class com.android.build.gradle.internal.lint.AndroidLintAnalysisTask$PerComponentCreationAction$configure$1: loaded 2 times (x 77B)
Class com.android.build.api.component.impl.OldVariantApiLegacySupportImpl$getJavaClasspathArtifacts$extraArtifact$1: loaded 2 times (x 77B)
Class org.jetbrains.kotlin.gradle.plugin.mpp.compilationImpl.DefaultKotlinCompilationFriendPathsResolver: loaded 2 times (x 73B)
Class com.android.build.gradle.internal.scope.InternalArtifactType$UNIT_TEST_LINT_MODEL: loaded 2 times (x 72B)
Class [Lcom.android.build.gradle.internal.tasks.DeviceProviderInstrumentTestTask$CreationAction$Type;: loaded 2 times (x 67B)
Class com.android.build.gradle.tasks.ProcessAndroidResources                          : loaded 2 times (x 323B)
Class com.android.build.gradle.internal.dependency.VariantDependencies$computeLocalFileDependencies$2: loaded 2 times (x 73B)
Class com.android.build.api.variant.impl.MutableAndroidVersion                        : loaded 2 times (x 74B)
Class com.android.build.gradle.internal.dsl.LintImpl                                  : loaded 2 times (x 206B)
Class com.android.build.gradle.internal.component.NestedComponentCreationConfig       : loaded 2 times (x 68B)
Class com.sun.xml.bind.api.CompositeStructure                                         : loaded 2 times (x 70B)
Class org.jetbrains.kotlin.compilerRunner.CompilerSystemPropertiesService             : loaded 2 times (x 78B)
Class org.jetbrains.kotlin.load.kotlin.FileBasedKotlinClass$3$1                       : loaded 2 times (x 75B)
Class org.jetbrains.kotlin.gradle.tasks.KotlinCompile$ScriptFilterSpec                : loaded 2 times (x 73B)
Class com.android.build.gradle.internal.dependency.RecalculateStackFramesTransform$Companion: loaded 2 times (x 69B)
Class com.android.build.gradle.internal.tasks.FinalizeBundleTask$CreationAction$handleProvider$1: loaded 2 times (x 125B)
Class org.jetbrains.kotlin.gradle.targets.js.npm.DefaultPeerNpmDependencyExtension    : loaded 2 times (x 139B)
Class org.jetbrains.kotlin.gradle.plugin.stat.GradleBuildStartParameters              : loaded 2 times (x 70B)
Class com.google.common.collect.RegularImmutableSortedSet                             : loaded 2 times (x 233B)
Class com.google.wireless.android.sdk.stats.GradleBuildProfile                        : loaded 2 times (x 245B)
Class org.jetbrains.kotlin.metadata.jvm.JvmProtoBuf$StringTableTypes$Record$1         : loaded 2 times (x 142B)
Class FlutterPlugin$_addFlutterTasks_closure24$_closure71$_closure77                  : loaded 2 times (x 133B)
Class com.android.build.gradle.internal.scope.InternalArtifactType$UNIT_TEST_CONFIG_DIRECTORY: loaded 2 times (x 72B)
Class com.android.build.gradle.internal.tasks.ProguardConfigurableTask$CreationAction : loaded 2 times (x 98B)
Class com.android.build.api.component.impl.OldVariantApiLegacySupportImpl$manifestPlaceholdersDslInfo$2: loaded 2 times (x 77B)
Class org.jetbrains.kotlin.load.kotlin.FileBasedKotlinClass$4                         : loaded 2 times (x 85B)
Class [Lorg.jetbrains.org.objectweb.asm.SymbolTable$Entry;                            : loaded 2 times (x 67B)
Class org.jetbrains.kotlin.name.FqName                                                : loaded 2 times (x 70B)
Class [Lcom.google.protobuf.GeneratedMessageV3$FieldAccessorTable$FieldAccessor;      : loaded 2 times (x 67B)
Class com.sun.xml.bind.v2.model.impl.RuntimeModelBuilder$IDTransducerImpl             : loaded 2 times (x 86B)
Class com.android.build.gradle.internal.scope.InternalArtifactType$COMPILED_LOCAL_RESOURCES: loaded 2 times (x 72B)
Class com.android.build.gradle.tasks.ProcessManifestForInstantAppTask$CreationAction  : loaded 2 times (x 88B)
Class com.android.build.api.variant.impl.ApplicationVariantImpl$androidResources$2    : loaded 2 times (x 77B)
Class com.android.build.api.component.analytics.AnalyticsEnabledAndroidTestBuilder    : loaded 2 times (x 100B)
Class org.jetbrains.kotlin.gradle.plugin.KotlinJsCompilerTypeHolder                   : loaded 2 times (x 68B)
Class com.android.build.gradle.internal.dsl.DexOptions                                : loaded 2 times (x 101B)
Class org.gradle.api.internal.ClassPathProvider                                       : loaded 2 times (x 68B)
Class com.google.protobuf.DescriptorProtos$EnumDescriptorProto$EnumReservedRangeOrBuilder: loaded 2 times (x 68B)
Class org.jetbrains.kotlin.gradle.internal.KotlinTestDependencyManagementKt           : loaded 2 times (x 69B)
Class com.android.build.gradle.internal.utils.AndroidXDependency$Companion            : loaded 2 times (x 69B)
Class [Lorg.jetbrains.kotlin.gradle.plugin.PropertiesProvider$JvmTargetValidationMode;: loaded 2 times (x 67B)
Class org.jetbrains.kotlin.load.kotlin.FileBasedKotlinClass$3                         : loaded 2 times (x 75B)
Class com.android.build.gradle.internal.plugins.BasePlugin$globalConfig$2             : loaded 2 times (x 77B)
Class com.android.build.gradle.internal.plugins.BasePlugin$versionedSdkLoaderService$2$1: loaded 2 times (x 77B)
Class org.jetbrains.kotlin.metadata.ProtoBuf$VersionRequirement$Level                 : loaded 2 times (x 80B)
Class javax.xml.bind.annotation.XmlAccessOrder                                        : loaded 2 times (x 77B)
Class com.sun.xml.bind.api.RawAccessor                                                : loaded 2 times (x 71B)
Class com.android.build.gradle.internal.dependency.RecalculateStackFramesTransform$Companion$registerRecalculateStackFramesTransform$1$1: loaded 2 times (x 73B)
Class com.google.gson.TypeAdapterFactory                                              : loaded 2 times (x 68B)
Class com.android.build.gradle.internal.scope.UnitTestBuildFeatureValuesImpl          : loaded 2 times (x 85B)
Class com.android.utils.ILogger                                                       : loaded 2 times (x 68B)
Class com.android.build.gradle.internal.services.AndroidLocationsBuildService         : loaded 2 times (x 88B)
Class com.android.build.gradle.internal.dsl.NdkBuildOptions                           : loaded 2 times (x 90B)
Class org.jetbrains.kotlin.metadata.ProtoBuf$Annotation$Argument$Value$Type$1         : loaded 2 times (x 72B)
Class com.android.build.gradle.internal.dependency.RecalculateStackFramesTransform$Companion$registerRecalculateStackFramesTransform$1$2: loaded 2 times (x 75B)
Class com.android.build.gradle.internal.dependency.AgpVersionCompatibilityRule        : loaded 2 times (x 74B)
Class com.android.build.gradle.internal.tasks.CompileArtProfileTask$CreationAction    : loaded 2 times (x 88B)
Class org.jetbrains.kotlin.tooling.core.MutableExtrasImpl$Companion                   : loaded 2 times (x 69B)
Class com.android.build.gradle.internal.dsl.CommonExtensionImpl$dataBinding$1         : loaded 2 times (x 73B)
Class org.jetbrains.kotlin.statistics.fileloggers.MetricsContainer$MetricDescriptor   : loaded 2 times (x 73B)
Class FlutterPlugin$_addFlutterTasks_closure24$_closure70                             : loaded 2 times (x 134B)
Class com.android.build.gradle.internal.DependencyConfigurator$configureVariantTransforms$5$1: loaded 2 times (x 73B)
Class [Lcom.android.build.api.variant.impl.SourceType;                                : loaded 2 times (x 67B)
Class com.android.builder.core.AbstractProductFlavor$DimensionRequest                 : loaded 2 times (x 70B)
Class com.android.build.api.dsl.ApplicationPublishing                                 : loaded 2 times (x 68B)
Class com.android.build.api.variant.ApplicationAndroidResourcesBuilder                : loaded 2 times (x 68B)
Class com.android.sdklib.repository.generated.addon.v2.ObjectFactory                  : loaded 2 times (x 78B)
Class com.android.build.gradle.internal.tasks.factory.features.BuildConfigTaskCreationAction: loaded 2 times (x 68B)
Class FlutterPlugin$_addFlutterTasks_closure24$_closure71                             : loaded 2 times (x 134B)
Class com.google.gson.reflect.TypeToken                                               : loaded 2 times (x 73B)
Class org.jetbrains.kotlin.serialization.deserialization.ProtoEnumFlagsUtilsKt        : loaded 2 times (x 69B)
Class com.android.sdklib.repository.meta.DetailsTypes$MavenType                       : loaded 2 times (x 68B)
Class com.android.build.api.artifact.impl.TypedStorageProvider                        : loaded 2 times (x 70B)
Class [Lorg.jetbrains.kotlin.metadata.ProtoBuf$Visibility;                            : loaded 2 times (x 67B)
Class org.jetbrains.kotlin.gradle.plugin.KotlinCompilationInfo$KPM                    : loaded 2 times (x 87B)
Class org.jetbrains.kotlin.gradle.plugin.mpp.compilationImpl.KotlinCompilationTaskNamesContainer: loaded 2 times (x 70B)
Class org.jetbrains.kotlin.gradle.dsl.DefaultToolchainSupport$sam$org_gradle_api_Action$0: loaded 2 times (x 73B)
Class org.jetbrains.kotlin.gradle.plugin.internal.MavenPluginConfigurator$MavenPluginConfiguratorVariantFactory: loaded 2 times (x 68B)
Class com.android.build.gradle.internal.dependency.FilterShrinkerRulesTransform$Parameters: loaded 2 times (x 68B)
Class org.gradle.internal.classloader.ClasspathUtil$1                                 : loaded 2 times (x 74B)
Class com.android.build.gradle.internal.variant.DefaultFlavorComparator               : loaded 2 times (x 87B)
Class com.google.gson.internal.bind.ReflectiveTypeAdapterFactory$Adapter              : loaded 2 times (x 75B)
Class org.jetbrains.kotlin.gradle.internal.KotlinDependenciesManagementKt$customizeKotlinDependencies$$inlined$providerWithLazyConvention$1: loaded 2 times (x 76B)
Class com.android.build.api.artifact.Artifact$Companion                               : loaded 2 times (x 69B)
Class com.android.build.gradle.internal.dsl.BundleOptionsStoreArchive                 : loaded 2 times (x 75B)
Class com.android.build.gradle.internal.plugins.BasePlugin$sdkComponentsBuildService$2$1: loaded 2 times (x 77B)
Class com.android.sdklib.repository.generated.common.v1.ApiDetailsType                : loaded 2 times (x 99B)
Class com.google.common.io.ByteSource$AsCharSource                                    : loaded 2 times (x 84B)
Class org.jetbrains.kotlin.gradle.tasks.CacheableTasksKt                              : loaded 2 times (x 69B)
Class com.sun.xml.bind.v2.runtime.unmarshaller.Scope                                  : loaded 2 times (x 70B)
Class org.jetbrains.kotlin.gradle.plugin.mpp.compilationImpl.factory.KotlinCompilationImplFactory$ProcessResourcesTaskNameFactory: loaded 2 times (x 68B)
Class com.android.build.gradle.internal.tasks.CheckJetifierTask                       : loaded 2 times (x 324B)
Class com.android.build.gradle.internal.tasks.OptimizeResourcesTask                   : loaded 2 times (x 327B)
Class com.android.builder.core.DexOptions                                             : loaded 2 times (x 68B)
Class com.android.build.gradle.internal.dsl.ConfigurableFilesImpl                     : loaded 2 times (x 78B)
Class org.jetbrains.kotlin.metadata.ProtoBuf$VersionRequirement$VersionKind           : loaded 2 times (x 80B)
Class com.sun.xml.bind.AccessorFactory                                                : loaded 2 times (x 68B)
Class com.android.sdklib.repository.meta.DetailsTypes$PlatformDetailsType             : loaded 2 times (x 68B)
Class com.android.build.gradle.internal.dependency.CollectResourceSymbolsTransform$Inject1: loaded 2 times (x 107B)
Class com.android.tools.build.jetifier.processor.transform.resource.XmlResourcesTransformer: loaded 2 times (x 75B)
Class com.android.build.api.component.analytics.AnalyticsEnabledVariant$userVisibleUnitTest$2: loaded 2 times (x 77B)
Class com.android.build.api.variant.HostTestBuilder                                   : loaded 2 times (x 68B)
Class org.jetbrains.kotlin.load.kotlin.FileBasedKotlinClass$2                         : loaded 2 times (x 85B)
Class user_agent_b2f1j4cxt7sh2sb7kuyg50mb2$_run_closure1                              : loaded 2 times (x 138B)
Class jdk.internal.jimage.ImageBufferCache$2                                          : loaded 2 times (x 89B)
Class com.android.build.gradle.internal.tasks.ExpandArtProfileWildcardsTask$CreationAction$handleProvider$1: loaded 2 times (x 125B)
Class com.android.build.gradle.internal.tasks.DexMergingTask                          : loaded 2 times (x 329B)
Class com.android.build.gradle.tasks.MergeResources$CreationAction$Companion          : loaded 2 times (x 69B)
Class org.jetbrains.kotlin.gradle.plugin.sources.KotlinSourceSetFactory               : loaded 2 times (x 78B)
Class [Lcom.google.protobuf.Descriptors$FieldDescriptor$Type;                         : loaded 2 times (x 67B)
Class [Lcom.android.build.gradle.internal.ide.dependencies.ArtifactCollectionsInputs$RuntimeType;: loaded 2 times (x 67B)
Class javax.xml.bind.annotation.XmlSchema                                             : loaded 2 times (x 68B)
Class com.android.build.gradle.tasks.JavaCompileUtils                                 : loaded 2 times (x 69B)
Class com.google.common.base.Enums$StringConverter                                    : loaded 2 times (x 88B)
Class org.jetbrains.kotlin.protobuf.LazyFieldLite                                     : loaded 2 times (x 80B)
Class com.sun.xml.bind.v2.model.nav.ParameterizedTypeImpl                             : loaded 2 times (x 83B)
Class com.android.build.gradle.internal.dependency.CollectResourceSymbolsTransform    : loaded 2 times (x 76B)
Class com.android.build.gradle.internal.core.dsl.impl.DslInfoBuilder$Companion        : loaded 2 times (x 69B)
Class com.google.protobuf.AbstractParser                                              : loaded 2 times (x 148B)
Class com.google.wireless.android.sdk.stats.GradleBuildProjectOrBuilder               : loaded 2 times (x 68B)
Class org.jetbrains.kotlin.metadata.ProtoBuf$Function                                 : loaded 2 times (x 147B)
Class com.sun.xml.bind.api.ErrorListener                                              : loaded 2 times (x 68B)
Class com.android.build.gradle.tasks.PackageApplication_Decorated                     : loaded 2 times (x 447B)
Class FlutterPlugin$_addFlutterTasks_closure24$_closure69$_closure72$_closure73       : loaded 2 times (x 134B)
Class com.android.build.api.dsl.DexPackaging                                          : loaded 2 times (x 68B)
Class com.google.protobuf.DescriptorProtos$EnumValueOptions                           : loaded 2 times (x 244B)
Class org.jetbrains.kotlin.metadata.ProtoBuf$Annotation$Argument$ValueOrBuilder       : loaded 2 times (x 68B)
Class org.jetbrains.kotlin.gradle.tasks.KotlinCompile$ClasspathSnapshotProperties_Decorated: loaded 2 times (x 135B)
Class FlutterPlugin$_addFlutterTasks_closure24$_closure69$_closure72$_closure74       : loaded 2 times (x 134B)
Class com.android.tools.build.jetifier.core.rule.RewriteRule$Companion                : loaded 2 times (x 69B)
Class com.android.build.gradle.internal.variant.BaseVariantData$DiscoverableFilterType$ABI: loaded 2 times (x 78B)
Class org.jetbrains.kotlin.gradle.plugin.DefaultKotlinBasePlugin$apply$1              : loaded 2 times (x 77B)
Class com.google.protobuf.LazyStringList                                              : loaded 2 times (x 68B)
Class com.android.build.gradle.internal.VariantManager                                : loaded 2 times (x 70B)
Class [Lcom.android.builder.compiling.BuildConfigType;                                : loaded 2 times (x 67B)
Class com.android.build.gradle.internal.lint.AndroidLintGlobalTask$GlobalCreationAction$Companion: loaded 2 times (x 69B)
Class com.android.build.api.dsl.SdkComponents                                         : loaded 2 times (x 68B)
Class com.android.build.gradle.internal.dsl.decorator.SupportedPropertyType$Collection: loaded 2 times (x 72B)
Class build_ev1oh8tcdtroiltg2mfbhyrv7$_run_closure1$_closure2                         : loaded 2 times (x 137B)
Class org.jetbrains.kotlin.metadata.ProtoBuf$MemberKind$1                             : loaded 2 times (x 72B)
Class com.google.protobuf.DescriptorProtos$FieldOptions$1                             : loaded 2 times (x 149B)
Class com.android.buildanalyzer.common.TaskCategory                                   : loaded 2 times (x 78B)
Class com.android.build.gradle.internal.tasks.StripDebugSymbolsTask$CreationAction$handleProvider$1: loaded 2 times (x 125B)
Class com.android.build.api.component.impl.ComponentImpl                              : loaded 2 times (x 183B)
Class com.android.build.gradle.tasks.GenerateBuildConfig                              : loaded 2 times (x 334B)
Class build_ev1oh8tcdtroiltg2mfbhyrv7$_run_closure1$_closure3                         : loaded 2 times (x 137B)
Class com.google.protobuf.DescriptorProtos$DescriptorProto$Builder                    : loaded 2 times (x 335B)
Class org.jetbrains.kotlin.gradle.plugin.AndroidProjectHandler                        : loaded 2 times (x 70B)
Class org.jetbrains.kotlin.gradle.plugin.sources.KotlinSourceSetFactory$Companion     : loaded 2 times (x 69B)
Class com.google.protobuf.Utf8$UnpairedSurrogateException                             : loaded 2 times (x 80B)
Class com.android.build.gradle.internal.core.dsl.impl.ApplicationVariantDslInfoImpl$computeVersionNameSuffix$2: loaded 2 times (x 76B)
Class org.jetbrains.kotlin.load.kotlin.FileBasedKotlinClass$1                         : loaded 2 times (x 85B)
Class com.google.common.hash.AbstractHasher                                           : loaded 2 times (x 140B)
Class net.rubygrapefruit.platform.internal.Platform$Posix                             : loaded 2 times (x 79B)
Class com.google.protobuf.DescriptorProtos$OneofDescriptorProto$Builder               : loaded 2 times (x 296B)
Class com.android.build.gradle.internal.scope.InternalArtifactType$MODULE_AND_RUNTIME_DEPS_CLASSES: loaded 2 times (x 72B)
Class com.android.build.gradle.internal.scope.InternalArtifactType$COMPATIBLE_SCREEN_MANIFEST: loaded 2 times (x 72B)
Class org.jetbrains.kotlin.protobuf.SmallSortedMap$1                                  : loaded 2 times (x 128B)
Class org.jetbrains.kotlin.gradle.report.BuildMetricsService                          : loaded 2 times (x 80B)
Class com.android.build.gradle.internal.tasks.CheckDuplicateClassesTask$CreationAction$handleProvider$1: loaded 2 times (x 125B)
Class com.android.build.gradle.internal.dsl.BundleOptionsTexture$AgpDecorated_Decorated: loaded 2 times (x 132B)
Class com.android.build.gradle.internal.dsl.decorator.SupportedPropertyType$Collection$List: loaded 2 times (x 72B)
Class [Lcom.android.builder.core.ComponentTypeImpl;                                   : loaded 2 times (x 67B)
Class [Lorg.jetbrains.kotlin.config.ExplicitApiMode;                                  : loaded 2 times (x 67B)
Class org.jetbrains.kotlin.metadata.ProtoBuf$Contract$1                               : loaded 2 times (x 142B)
Class com.android.sdklib.repository.generated.addon.v2.ExtraDetailsType               : loaded 2 times (x 83B)
Class com.android.repository.impl.generated.v1.PatchType                              : loaded 2 times (x 85B)
Class com.sun.xml.bind.v2.model.impl.ClassInfoImpl                                    : loaded 2 times (x 135B)
Class com.google.gson.internal.sql.SqlTimestampTypeAdapter$1                          : loaded 2 times (x 73B)
Class com.android.build.gradle.internal.component.TestFixturesCreationConfig          : loaded 2 times (x 68B)
Class com.android.build.gradle.internal.dsl.BuildFeaturesImpl                         : loaded 2 times (x 108B)
Class com.google.protobuf.Extension                                                   : loaded 2 times (x 83B)
Class org.objectweb.asm.ConstantDynamic                                               : loaded 2 times (x 70B)
Class org.jetbrains.kotlin.compilerRunner.KotlinLogger                                : loaded 2 times (x 68B)
Class com.android.build.gradle.internal.tasks.factory.features.ResValuesTaskCreationActionImpl: loaded 2 times (x 73B)
Class com.android.build.gradle.internal.dsl.ExternalNativeBuild                       : loaded 2 times (x 89B)
Class com.android.build.gradle.internal.services.AndroidLocationsBuildService$AndroidDirectoryCreator$Params$Inject: loaded 2 times (x 106B)
Class com.android.build.gradle.tasks.MapSourceSetPathsTask$CreateAction$configure$6$1$2$asFiles$1: loaded 2 times (x 73B)
Class org.jetbrains.kotlin.gradle.tasks.GradleCompileTaskProvider                     : loaded 2 times (x 70B)
Class [Lcom.sun.xml.bind.v2.model.core.PropertyInfo;                                  : loaded 2 times (x 67B)
Class org.jetbrains.kotlin.gradle.plugin.mpp.compilationImpl.KotlinCompilationSourceSetInclusion$Companion$includedSourceSets$2: loaded 2 times (x 76B)
Class org.jetbrains.kotlin.metadata.ProtoBuf$Property$1                               : loaded 2 times (x 142B)
Class com.android.build.gradle.internal.tasks.ValidateResourcesTask$CreateAction$configure$1: loaded 2 times (x 77B)
Class com.android.build.gradle.tasks.MapSourceSetPathsTask$CreateAction$configure$6$1$2$asFiles$2: loaded 2 times (x 72B)
Class com.android.sdklib.BuildToolInfo$PathId                                         : loaded 2 times (x 77B)
Class com.android.build.gradle.internal.SdkLocator$SdkLocationSource$TEST_SDK_DIRECTORY: loaded 2 times (x 78B)
Class com.android.build.gradle.tasks.ExtractSupportedLocalesTask$CreationAction$handleProvider$1: loaded 2 times (x 125B)
Class com.android.build.gradle.internal.tasks.PackageRenderscriptTask$CreationAction$handleProvider$1: loaded 2 times (x 125B)
Class com.android.build.gradle.internal.dependency.DexingOutputSplitTransform$Inject1 : loaded 2 times (x 107B)
Class org.jetbrains.kotlin.protobuf.GeneratedMessageLite$ExtensionDescriptor          : loaded 2 times (x 82B)
Class org.jetbrains.kotlin.gradle.plugin.statistics.DefaultKotlinBuildStatsService$projectsEvaluated$1: loaded 2 times (x 77B)
Class com.android.build.gradle.internal.tasks.CompileArtProfileTask                   : loaded 2 times (x 331B)
Class com.android.build.gradle.internal.scope.InternalArtifactType$NAVIGATION_JSON    : loaded 2 times (x 72B)
Class jdk.internal.jimage.ImageBufferCache$1                                          : loaded 2 times (x 78B)
Class com.google.protobuf.UninitializedMessageException                               : loaded 2 times (x 82B)
Class [Lcom.android.build.gradle.options.ReplacedOption;                              : loaded 2 times (x 67B)
Class com.sun.xml.bind.v2.model.impl.RuntimeElementPropertyInfoImpl                   : loaded 2 times (x 137B)
Class com.sun.xml.bind.v2.runtime.BridgeContextImpl                                   : loaded 2 times (x 75B)
Class org.jetbrains.kotlin.gradle.tasks.configuration.BaseKotlinCompileConfig$1$1     : loaded 2 times (x 77B)
Class com.android.tools.build.jetifier.core.pom.PomRewriteRule$JsonData               : loaded 2 times (x 70B)
Class com.google.protobuf.DescriptorProtos$FieldOptions$Builder                       : loaded 2 times (x 366B)
Class com.android.build.gradle.internal.api.artifact.SourceArtifactType$ANDROID_RESOURCES: loaded 2 times (x 72B)
Class org.jetbrains.kotlin.gradle.plugin.mpp.compilationImpl.factory.DefaultKotlinCompilationTaskNamesContainerFactory: loaded 2 times (x 72B)
Class com.android.build.gradle.internal.dsl.decorator.SupportedPropertyType$Var$Boolean: loaded 2 times (x 72B)
Class com.google.protobuf.DescriptorProtos$FileDescriptorProtoOrBuilder               : loaded 2 times (x 68B)
Class org.jetbrains.kotlin.gradle.plugin.mpp.AbstractKotlinTargetKt$buildAdhocComponentsFromKotlinVariants$1$2: loaded 2 times (x 84B)
Class com.google.protobuf.DescriptorProtos$FieldDescriptorProto$Label$1               : loaded 2 times (x 74B)
Class com.android.build.gradle.internal.tasks.MergeStartupProfileTask_Decorated       : loaded 2 times (x 376B)
Class com.android.repository.impl.generated.v2.TypeDetails                            : loaded 2 times (x 73B)
Class org.jetbrains.kotlin.gradle.tasks.KotlinCompilationTask                         : loaded 2 times (x 68B)
Class com.android.build.gradle.internal.utils.D8BackportedMethodsGenerator$Inject1    : loaded 2 times (x 107B)
Class com.android.build.api.component.impl.features.OptimizationCreationConfigImpl$proguardFiles$2: loaded 2 times (x 77B)
Class com.android.build.gradle.internal.core.MergedFlavor$Companion                   : loaded 2 times (x 69B)
Class FlutterPlugin$_configurePluginDependencies_closure22$_closure65                 : loaded 2 times (x 134B)
Class org.jetbrains.kotlin.statistics.metrics.NumberOverridePolicy$AVERAGE            : loaded 2 times (x 83B)
Class com.android.build.api.variant.DslExtension                                      : loaded 2 times (x 70B)
Class com.android.build.gradle.internal.tasks.ExportConsumerProguardFilesTask_Decorated: loaded 2 times (x 383B)
Class com.google.protobuf.CodedOutputStream$ByteOutputEncoder                         : loaded 2 times (x 108B)
Class com.android.build.gradle.internal.lint.BuildFeaturesInput_Decorated             : loaded 2 times (x 133B)
Class com.sun.xml.bind.v2.runtime.unmarshaller.LocatorEx                              : loaded 2 times (x 68B)
Class javax.xml.bind.JAXBContext                                                      : loaded 2 times (x 76B)
Class com.android.build.gradle.internal.scope.InternalArtifactType$DEVICE_PROVIDER_ANDROID_TEST_ADDITIONAL_OUTPUT: loaded 2 times (x 72B)
Class com.android.build.gradle.internal.tasks.ApkZipPackagingTask$CreationAction      : loaded 2 times (x 88B)
Class com.android.build.api.dsl.AnnotationProcessorOptions                            : loaded 2 times (x 68B)
Class com.android.build.gradle.internal.utils.AnalyticsEnabledValueSource$Params      : loaded 2 times (x 68B)
Class com.google.gson.internal.bind.ObjectTypeAdapter                                 : loaded 2 times (x 72B)
Class [Ljavax.xml.bind.annotation.XmlNs;                                              : loaded 2 times (x 67B)
Class com.android.build.gradle.internal.scope.InternalArtifactType$PREFAB_PACKAGE_CONFIGURATION: loaded 2 times (x 72B)
Class org.jetbrains.kotlin.gradle.tasks.configuration.BaseKotlinCompileConfig$registerTransformsOnce$1: loaded 2 times (x 77B)
Class org.jetbrains.kotlin.gradle.plugin.mpp.DefaultKotlinCompilationOutput$allOutputs$1$1: loaded 2 times (x 73B)
Class com.android.build.gradle.internal.scope.InternalArtifactType$LINT_XML_REPORT    : loaded 2 times (x 72B)
Class com.android.build.gradle.internal.core.dsl.impl.ApplicationVariantDslInfoImpl$versionName$2$2: loaded 2 times (x 73B)
Class com.android.tools.analytics.HostData$classLoadingBean$2                         : loaded 2 times (x 76B)
Class com.android.build.gradle.internal.scope.InternalArtifactType$COMPILE_SYMBOL_LIST: loaded 2 times (x 72B)
Class org.jetbrains.kotlin.gradle.tasks.configuration.BaseKotlinCompileConfig$registerTransformsOnce$2: loaded 2 times (x 77B)
Class com.android.build.gradle.internal.core.dsl.impl.DslInfoCommonKt$initTestApplicationId$2: loaded 2 times (x 72B)
Class com.android.build.gradle.internal.scope.InternalArtifactType$ANNOTATIONS_ZIP    : loaded 2 times (x 72B)
Class com.google.protobuf.CodedInputStream$StreamDecoder                              : loaded 2 times (x 118B)
Class FlutterPlugin$_configurePluginProject_closure19$_closure61$_closure62           : loaded 2 times (x 133B)
Class org.jetbrains.kotlin.gradle.tasks.KotlinJvmCompile                              : loaded 2 times (x 68B)
Class com.android.tools.build.jetifier.processor.Processor$Companion                  : loaded 2 times (x 69B)
Class org.jetbrains.kotlin.gradle.plugin.sources.android.checker.KotlinAndroidSourceSetLayoutChecker$DiagnosticReporter$Companion: loaded 2 times (x 69B)
Class com.android.build.gradle.internal.services.Aapt2DaemonBuildService$Parameters   : loaded 2 times (x 70B)
Class com.android.build.gradle.internal.profile.TaskMetadata                          : loaded 2 times (x 70B)
Class com.android.build.gradle.internal.plugins.FusedLibraryPlugin                    : loaded 2 times (x 79B)
Class com.android.build.gradle.internal.scope.InternalArtifactType$COMPILE_R_CLASS_JAR: loaded 2 times (x 72B)
Class [Lorg.jetbrains.kotlin.statistics.metrics.StringOverridePolicy;                 : loaded 2 times (x 67B)
Class com.android.build.api.dsl.AdbOptions                                            : loaded 2 times (x 68B)
Class com.google.wireless.android.sdk.stats.GradleBuildVariantOrBuilder               : loaded 2 times (x 68B)
Class com.sun.xml.bind.v2.runtime.unmarshaller.LeafPropertyXsiLoader                  : loaded 2 times (x 76B)
Class com.android.build.api.artifact.SingleArtifact$ASSETS                            : loaded 2 times (x 72B)
Class [Lcom.android.build.gradle.internal.publishing.AndroidArtifacts$ArtifactType;   : loaded 2 times (x 67B)
Class com.android.build.gradle.options.StringOption                                   : loaded 2 times (x 84B)
Class org.jetbrains.kotlin.gradle.plugin.mpp.AbstractKotlinTargetKt$buildAdhocComponentsFromKotlinVariants$1$1: loaded 2 times (x 77B)
Class org.jetbrains.kotlin.gradle.plugin.mpp.compilationImpl.factory.DefaultProcessResourcesTaskNameFactory: loaded 2 times (x 72B)
Class com.android.build.api.variant.impl.ResourcesPackagingImpl$pickFirsts$1          : loaded 2 times (x 73B)
Class com.google.gson.internal.LinkedTreeMap$EntrySet$1                               : loaded 2 times (x 79B)
Class com.android.build.api.component.analytics.AnalyticsEnabledComponentBuilder      : loaded 2 times (x 91B)
Class com.android.build.api.dsl.Packaging                                             : loaded 2 times (x 68B)
Class com.google.common.collect.Ordering                                              : loaded 2 times (x 112B)
Class com.sun.xml.bind.api.impl.NameConverter$1                                       : loaded 2 times (x 91B)
Class com.android.sdklib.repository.meta.DetailsTypes                                 : loaded 2 times (x 69B)
Class com.android.build.api.variant.BuildConfigField                                  : loaded 2 times (x 70B)
Class com.android.build.gradle.internal.core.dsl.impl.DslInfoUtilsKt                  : loaded 2 times (x 69B)
Class com.android.build.gradle.internal.dsl.CoreShaderOptions                         : loaded 2 times (x 68B)
Class com.android.build.api.dsl.Bundle                                                : loaded 2 times (x 68B)
Class org.bouncycastle.jcajce.provider.config.ConfigurableProvider                    : loaded 2 times (x 68B)
Class com.android.repository.Revision                                                 : loaded 2 times (x 85B)
Class [Lcom.android.tools.build.gradle.internal.profile.GradleTaskExecutionType;      : loaded 2 times (x 67B)
Class com.android.build.gradle.internal.ide.dependencies.ArtifactUtils                : loaded 2 times (x 69B)
Class com.sun.xml.bind.v2.runtime.Utils                                               : loaded 2 times (x 69B)
Class com.sun.xml.bind.api.impl.NameConverter$2                                       : loaded 2 times (x 91B)
Class javax.xml.bind.annotation.XmlType                                               : loaded 2 times (x 68B)
Class org.jetbrains.kotlin.gradle.plugin.AndroidProjectHandler$postprocessVariant$2$1 : loaded 2 times (x 77B)
Class com.android.build.gradle.internal.dsl.BaselineProfileImpl$AgpDecorated          : loaded 2 times (x 82B)
Class org.jetbrains.kotlin.gradle.plugin.android.AndroidGradleWrapper                 : loaded 2 times (x 69B)
Class com.android.build.api.variant.CanMinifyAndroidResourcesBuilder                  : loaded 2 times (x 68B)
Class com.google.common.collect.EmptyImmutableListMultimap                            : loaded 2 times (x 174B)
Class com.android.build.gradle.tasks.BundleAar                                        : loaded 2 times (x 595B)
Class com.android.build.api.component.analytics.AnalyticsEnabledLibraryVariantBuilder_Decorated: loaded 2 times (x 228B)
Class com.android.build.api.dsl.LibraryExtension                                      : loaded 2 times (x 68B)
Class com.android.build.api.variant.impl.JniLibsPackagingImpl$excludes$1              : loaded 2 times (x 73B)
Class com.google.gson.GsonBuilder                                                     : loaded 2 times (x 70B)
Class org.jetbrains.kotlin.gradle.plugin.sources.android.KotlinAndroidSourceSetNaming : loaded 2 times (x 68B)
Class org.jetbrains.org.objectweb.asm.tree.MultiANewArrayInsnNode                     : loaded 2 times (x 77B)
Class org.jetbrains.kotlin.resolve.scopes.receivers.ReceiverValue                     : loaded 2 times (x 68B)
Class org.jetbrains.kotlin.gradle.tasks.TasksKt$sam$org_gradle_api_Action$0           : loaded 2 times (x 73B)
Class com.android.build.gradle.internal.SdkComponentsBuildService$VersionedSdkLoader$renderScriptSupportJarProvider$1: loaded 2 times (x 73B)
Class com.android.repository.api.ProgressIndicator                                    : loaded 2 times (x 68B)
Class org.jetbrains.kotlin.statistics.metrics.NumericalMetrics                        : loaded 2 times (x 78B)
Class [Lorg.jetbrains.kotlin.metadata.ProtoBuf$Type$Argument$Projection;              : loaded 2 times (x 67B)
Class org.gradle.internal.classloader.ClassLoaderFactory                              : loaded 2 times (x 68B)
Class javax.xml.bind.annotation.XmlRegistry                                           : loaded 2 times (x 68B)
Class org.jetbrains.kotlin.gradle.plugin.internal.IdeaSyncDetector$IdeaSyncDetectorVariantFactory: loaded 2 times (x 68B)
Class com.android.build.gradle.internal.utils.AnalyticsEnabledValueSource$Inject      : loaded 2 times (x 107B)
Class com.android.build.gradle.internal.tasks.AarMetadataTask$Companion               : loaded 2 times (x 69B)
Class com.sun.xml.bind.v2.runtime.unmarshaller.DomLoader                              : loaded 2 times (x 76B)
Class javax.xml.bind.annotation.XmlAccessType                                         : loaded 2 times (x 77B)
Class com.android.build.gradle.tasks.CompileLibraryResourcesTask$CreationAction$handleProvider$1: loaded 2 times (x 125B)
Class org.jetbrains.kotlin.gradle.plugin.mpp.GranularMetadataTransformation           : loaded 2 times (x 70B)
Class com.android.build.gradle.internal.dsl.CoreExternalNativeBuildOptions            : loaded 2 times (x 68B)
Class com.android.build.api.dsl.BundleCodeTransparency                                : loaded 2 times (x 68B)
Class com.google.protobuf.Internal                                                    : loaded 2 times (x 69B)
Class com.google.common.io.CharSource$AsByteSource                                    : loaded 2 times (x 83B)
Class com.android.build.gradle.internal.SdkLibDataFactory$Environment$SystemProperty  : loaded 2 times (x 77B)
Class com.android.repository.api.ProgressIndicatorAdapter                             : loaded 2 times (x 105B)
Class com.android.build.gradle.internal.core.dsl.features.DexingDslInfo               : loaded 2 times (x 68B)
Class org.jetbrains.kotlin.gradle.report.UsesBuildReportsService                      : loaded 2 times (x 68B)
Class com.sun.xml.bind.v2.runtime.reflect.AdaptedAccessor                             : loaded 2 times (x 83B)
Class com.android.build.api.component.impl.features.NativeBuildCreationConfigImpl$externalNativeBuild$2: loaded 2 times (x 77B)
Class com.android.build.gradle.internal.scope.BuildFeatureValuesImpl                  : loaded 2 times (x 97B)
Class com.android.build.gradle.internal.TaskManager$Companion                         : loaded 2 times (x 69B)
Class com.android.build.gradle.internal.dsl.AarMetadataImpl                           : loaded 2 times (x 68B)
Class com.android.build.gradle.internal.services.FakeDependencyJarBuildService$Params_Decorated: loaded 2 times (x 132B)
Class com.google.protobuf.Utf8$Processor                                              : loaded 2 times (x 75B)
Class org.jetbrains.org.objectweb.asm.tree.InsnNode                                   : loaded 2 times (x 76B)
Class com.google.common.base.Absent                                                   : loaded 2 times (x 78B)
Class com.google.protobuf.TextFormat$InvalidEscapeSequenceException                   : loaded 2 times (x 80B)
Class com.sun.xml.bind.v2.runtime.IllegalAnnotationsException$Builder                 : loaded 2 times (x 75B)
Class com.android.build.gradle.internal.scope.InternalArtifactType$MERGED_NATIVE_DEBUG_METADATA: loaded 2 times (x 72B)
Class FlutterExtension_Decorated                                                      : loaded 2 times (x 128B)
Class com.android.build.gradle.internal.dsl.ApplicationExtensionImpl$AgpDecorated     : loaded 2 times (x 374B)
Class org.jetbrains.org.objectweb.asm.AnnotationWriter                                : loaded 2 times (x 76B)
Class com.android.build.gradle.internal.res.Aapt2FromMaven$Companion$Aapt2Extractor   : loaded 2 times (x 76B)
Class com.android.build.gradle.internal.plugins.AndroidPluginBaseServices$projectServices$2$1: loaded 2 times (x 77B)
Class org.jetbrains.kotlin.metadata.ProtoBuf$Annotation$Argument$Value                : loaded 2 times (x 125B)
Class com.android.build.gradle.internal.api.ReadOnlyBuildType                         : loaded 2 times (x 136B)
Class com.android.build.gradle.internal.dependency.AarToClassTransform$Companion      : loaded 2 times (x 69B)
Class com.android.build.api.variant.impl.HostTestBuilderImpl                          : loaded 2 times (x 84B)
Class com.android.build.gradle.internal.publishing.AarOrJarTypeToConsume              : loaded 2 times (x 70B)
Class com.android.build.gradle.api.JavaCompileOptions                                 : loaded 2 times (x 68B)
Class com.android.build.gradle.internal.dsl.ApplicationPublishingImpl                 : loaded 2 times (x 79B)
Class org.jetbrains.kotlin.gradle.plugin.mpp.compilationImpl.KotlinCompilationSourceSetInclusion$include$1: loaded 2 times (x 77B)
Class com.android.build.gradle.internal.TaskManager$configureTestData$1               : loaded 2 times (x 125B)
Class com.android.build.gradle.internal.tasks.ProguardConfigurableTask$CreationAction$handleProvider$1: loaded 2 times (x 125B)
Class com.android.build.gradle.internal.dsl.BaselineProfileImpl                       : loaded 2 times (x 77B)
Class org.jetbrains.kotlin.gradle.plugin.KotlinPlatformType$DisambiguationRule        : loaded 2 times (x 74B)
Class com.android.build.gradle.internal.core.MergedOptions                            : loaded 2 times (x 68B)
Class com.android.build.api.variant.ApplicationVariantBuilder                         : loaded 2 times (x 68B)
Class com.google.protobuf.GeneratedMessageV3$FieldAccessorTable$FieldAccessor         : loaded 2 times (x 68B)
Class com.sun.xml.bind.v2.model.runtime.RuntimeTypeInfo                               : loaded 2 times (x 68B)
Class com.android.build.gradle.internal.dsl.KeepRulesImpl$AgpDecorated_Decorated      : loaded 2 times (x 135B)
Class jdk.internal.jimage.ImageHeader                                                 : loaded 2 times (x 69B)
Class com.android.build.gradle.tasks.CompileLibraryResourcesTask_Decorated            : loaded 2 times (x 383B)
Class com.android.build.gradle.tasks.JavaCompileKt                                    : loaded 2 times (x 69B)
Class com.android.build.gradle.tasks.BundleAar$AbstractLibraryCreationAction          : loaded 2 times (x 89B)
Class com.android.build.gradle.internal.tasks.AppMetadataTask                         : loaded 2 times (x 325B)
Class com.android.build.gradle.tasks.JavaCompileCreationAction$handleProvider$1       : loaded 2 times (x 76B)
Class com.android.build.gradle.tasks.JavaCompileCreationAction$handleProvider$2       : loaded 2 times (x 76B)
Class com.android.build.gradle.internal.tasks.CompressAssetsTask                      : loaded 2 times (x 325B)
Class com.android.build.gradle.internal.ide.dependencies.LibraryDependencyCacheBuildService$Parameters: loaded 2 times (x 68B)
Class com.android.ide.common.repository.GradleVersion                                 : loaded 2 times (x 91B)
Class javax.xml.bind.annotation.XmlMixed                                              : loaded 2 times (x 68B)
Class com.android.build.gradle.tasks.BundleAar$LibraryCreationAction                  : loaded 2 times (x 89B)
Class com.android.build.gradle.internal.variant.LibraryVariantFactory                 : loaded 2 times (x 106B)
Class com.android.build.gradle.internal.dependency.AndroidAttributes                  : loaded 2 times (x 70B)
Class org.jetbrains.kotlin.gradle.plugin.sources.android.KotlinAndroidSourceSets$applyKotlinAndroidSourceSetLayout$2: loaded 2 times (x 77B)
Class com.android.build.gradle.internal.services.FakeDependencyJarBuildService$lazyCachedFakeJar$1: loaded 2 times (x 73B)
Class com.android.build.gradle.internal.plugins.AndroidPluginBaseServices$basePluginApply$2: loaded 2 times (x 73B)
Class [Lcom.android.build.gradle.options.TestRunnerArguments;                         : loaded 2 times (x 67B)
Class com.android.ide.common.workers.ExecutorServiceAdapter                           : loaded 2 times (x 85B)
Class com.android.build.gradle.internal.tasks.ProcessJavaResTask$CreationAction$getProjectJavaRes$3$1: loaded 2 times (x 72B)
Class com.android.build.gradle.internal.tasks.ProcessJavaResTask_Decorated            : loaded 2 times (x 648B)
Class com.sun.xml.bind.v2.runtime.property.Utils$1                                    : loaded 2 times (x 75B)
Class com.sun.xml.bind.v2.runtime.reflect.Accessor$1                                  : loaded 2 times (x 83B)
Class com.android.build.gradle.internal.tasks.CheckJetifierTask$CreationAction        : loaded 2 times (x 89B)
Class com.android.build.gradle.internal.TaskManager$MergeType$PACKAGE                 : loaded 2 times (x 78B)
Class org.jetbrains.kotlin.gradle.plugin.sources.android.KotlinAndroidSourceSets$applyKotlinAndroidSourceSetLayout$3: loaded 2 times (x 77B)
Class com.android.build.api.artifact.impl.StorageProviderImpl$fileStorage$1           : loaded 2 times (x 76B)
Class com.android.build.gradle.internal.plugins.AndroidPluginBaseServices$basePluginApply$3: loaded 2 times (x 73B)
Class org.gradle.api.internal.classpath.ManifestUtil                                  : loaded 2 times (x 69B)
Class org.gradle.api.specs.Spec                                                       : loaded 2 times (x 68B)
Class com.sun.xml.bind.v2.runtime.reflect.Accessor$2                                  : loaded 2 times (x 85B)
Class com.android.build.gradle.internal.dsl.ModulePropertyKey$OptionalBoolean$Companion: loaded 2 times (x 69B)
Class com.android.build.gradle.internal.dependency.RecalculateStackFramesTransform$Companion$registerRecalculateStackFramesTransform$1: loaded 2 times (x 73B)
Class com.android.build.gradle.internal.dependency.DexingRegistration$registerTransform$1: loaded 2 times (x 73B)
Class com.android.build.gradle.internal.dependency.AarTransform$Inject1               : loaded 2 times (x 107B)
Class com.android.tools.build.jetifier.processor.transform.proguard.ProGuardClassSpecParser$bodyReplacers$10: loaded 2 times (x 77B)
Class com.android.build.gradle.internal.plugins.AndroidPluginBaseServices$basePluginApply$4: loaded 2 times (x 73B)
Class com.android.build.api.variant.AndroidComponentsExtension                        : loaded 2 times (x 68B)
Class [Lcom.android.build.gradle.options.BooleanOption;                               : loaded 2 times (x 67B)
Class com.android.tools.build.jetifier.processor.transform.proguard.ProGuardTransformer: loaded 2 times (x 75B)
Class com.google.common.collect.RangeSet                                              : loaded 2 times (x 68B)
Class com.android.build.gradle.internal.tasks.MergeNativeLibsTask_Decorated           : loaded 2 times (x 393B)
Class com.android.build.api.artifact.SingleArtifact$AAR                               : loaded 2 times (x 72B)
Class com.android.build.gradle.internal.dependency.DexingNoClasspathTransform$Inject1 : loaded 2 times (x 110B)
Class com.android.build.api.variant.impl.SourcesImpl$artProfile$1                     : loaded 2 times (x 73B)
Class com.android.tools.build.jetifier.processor.transform.proguard.ProGuardClassSpecParser$bodyReplacers$11: loaded 2 times (x 77B)
Class [Lorg.jetbrains.kotlin.gradle.targets.js.npm.NpmDependency$Scope;               : loaded 2 times (x 67B)
Class com.android.build.gradle.internal.dsl.DensitySplitOptions$AgpDecorated_Decorated: loaded 2 times (x 155B)
Class com.android.build.gradle.internal.dsl.AbiSplitOptions$AgpDecorated_Decorated    : loaded 2 times (x 146B)
Class build_95nb4kwpi25o3twxfo2vn255e$_run_closure2                                   : loaded 2 times (x 137B)
Class com.android.build.gradle.internal.scope.BootClasspathBuilder$computeAdditionalAndRequestedOptionalLibraries$4$1: loaded 2 times (x 77B)
Class com.sun.xml.bind.v2.runtime.property.ArrayReferenceNodeProperty                 : loaded 2 times (x 102B)
Class org.jetbrains.kotlin.gradle.tasks.configuration.AbstractKotlinCompileConfig$1$1$1: loaded 2 times (x 77B)
Class com.android.tools.build.jetifier.processor.transform.proguard.ProGuardClassSpecParser$bodyReplacers$12: loaded 2 times (x 77B)
Class [Lorg.jetbrains.kotlin.gradle.plugin.sources.android.checker.KotlinAndroidSourceSetLayoutChecker;: loaded 2 times (x 67B)
Class org.jetbrains.kotlin.gradle.plugin.VariantImplementationFactories$Inject        : loaded 2 times (x 94B)
Class com.android.build.gradle.internal.lint.AndroidLintGlobalTask                    : loaded 2 times (x 313B)
Class com.google.wireless.android.sdk.stats.GradleBuildProject$CompileOptionsOrBuilder: loaded 2 times (x 68B)
Class com.android.build.gradle.internal.dsl.decorator.SupportedPropertyType$Collection$Map: loaded 2 times (x 72B)
Class com.android.build.gradle.internal.tasks.ValidateResourcesTask$Companion         : loaded 2 times (x 69B)
Class com.google.gson.internal.bind.TypeAdapters$1                                    : loaded 2 times (x 73B)
Class com.android.build.api.variant.impl.VariantBuilderImpl$registeredExtensionDelegate$1: loaded 2 times (x 76B)
Class org.jetbrains.kotlin.gradle.dsl.DefaultToolchainSupport$wireToolchainToTasks$1  : loaded 2 times (x 77B)
Class com.google.gson.JsonIOException                                                 : loaded 2 times (x 80B)
Class com.google.protobuf.CodedOutputStream$OutOfSpaceException                       : loaded 2 times (x 80B)
Class com.android.build.api.variant.impl.SigningConfigImpl$storePassword$1            : loaded 2 times (x 73B)
Class com.android.build.gradle.internal.tasks.ExtractNativeDebugMetadataTask$FullCreationAction$handleProvider$1: loaded 2 times (x 125B)
Class com.android.build.gradle.tasks.GenerateResValues$CreationAction                 : loaded 2 times (x 91B)
Class com.google.gson.internal.bind.TypeAdapters$2                                    : loaded 2 times (x 73B)
Class com.android.build.api.component.analytics.AnalyticsEnabledApplicationVariant$generatesApk$2: loaded 2 times (x 77B)
Class com.android.builder.core.ComponentType                                          : loaded 2 times (x 68B)
Class org.jetbrains.kotlin.tooling.core.ExtrasUtilsKt                                 : loaded 2 times (x 69B)
Class [Lorg.jetbrains.kotlin.descriptors.CallableMemberDescriptor$Kind;               : loaded 2 times (x 67B)
Class com.android.build.gradle.internal.component.KmpCreationConfig                   : loaded 2 times (x 68B)
Class com.sun.xml.bind.v2.model.impl.RuntimeModelBuilder                              : loaded 2 times (x 98B)
Class com.android.build.gradle.internal.dependency.DexingNoClasspathTransform         : loaded 2 times (x 79B)
Class com.google.gson.internal.bind.TypeAdapters$3                                    : loaded 2 times (x 73B)
Class com.android.build.gradle.internal.profile.AnalyticsConfiguratorService$createAnalyticsService$2: loaded 2 times (x 73B)
Class com.sun.xml.bind.v2.model.runtime.RuntimeElementPropertyInfo                    : loaded 2 times (x 68B)
Class com.google.gson.internal.bind.TypeAdapters$4                                    : loaded 2 times (x 73B)
Class com.android.build.gradle.internal.plugins.BasePlugin$createVariantModel$1       : loaded 2 times (x 77B)
Class org.jetbrains.kotlin.com.intellij.util.xmlb.annotations.Transient               : loaded 2 times (x 68B)
Class com.android.build.gradle.internal.utils.CompileData                             : loaded 2 times (x 70B)
Class org.jetbrains.kotlin.gradle.utils.ProviderApiUtilsKt                            : loaded 2 times (x 69B)
Class com.android.ide.common.resources.FileValidity                                   : loaded 2 times (x 74B)
Class com.google.gson.internal.bind.TypeAdapters$5                                    : loaded 2 times (x 73B)
Class org.jetbrains.kotlin.gradle.plugin.mpp.KotlinUsages$KotlinUsagesDisambiguation  : loaded 2 times (x 74B)
Class com.android.build.gradle.internal.plugins.BasePlugin$createVariantModel$2       : loaded 2 times (x 77B)
Class com.android.build.api.dsl.Splits                                                : loaded 2 times (x 68B)
Class com.android.build.gradle.internal.utils.D8BackportedMethodsGenerator$Parameters_Decorated: loaded 2 times (x 143B)
Class org.jetbrains.kotlin.metadata.jvm.deserialization.JvmNameResolverBase$Companion : loaded 2 times (x 69B)
Class com.google.common.collect.MapMaker$Dummy                                        : loaded 2 times (x 77B)
Class com.google.protobuf.DescriptorProtos$OneofDescriptorProto                       : loaded 2 times (x 197B)
Class com.google.gson.internal.bind.TypeAdapters$6                                    : loaded 2 times (x 73B)
Class org.jetbrains.kotlin.gradle.plugin.sources.DefaultKotlinSourceSetFactory$sam$org_gradle_api_Action$0: loaded 2 times (x 73B)
Class com.android.build.gradle.internal.plugins.BasePlugin$createVariantModel$3       : loaded 2 times (x 77B)
Class com.android.build.gradle.internal.plugins.BasePlugin$versionedSdkLoaderService$2$1$1: loaded 2 times (x 77B)
Class org.jetbrains.kotlin.gradle.tasks.configuration.AbstractKotlinCompileConfig$incrementalModuleInfoProvider$1: loaded 2 times (x 77B)
Class com.google.gson.internal.bind.TypeAdapters$7                                    : loaded 2 times (x 73B)
Class com.android.build.gradle.internal.plugins.BasePlugin$createVariantModel$4       : loaded 2 times (x 77B)
Class com.android.build.gradle.internal.dsl.ResourcesPackagingImpl$AgpDecorated       : loaded 2 times (x 84B)
Class com.android.build.api.dsl.SingleVariant                                         : loaded 2 times (x 68B)
Class com.android.build.gradle.internal.plugins.BasePlugin$versionedSdkLoaderService$2$1$2: loaded 2 times (x 77B)
Class com.android.build.gradle.internal.dsl.Lockable                                  : loaded 2 times (x 68B)
Class com.android.sdklib.AndroidTargetHash                                            : loaded 2 times (x 69B)
Class com.android.build.gradle.internal.dsl.BaseAppModuleExtension_Decorated$hasProperty: loaded 2 times (x 150B)
Class com.android.repository.impl.generated.v1.ObjectFactory                          : loaded 2 times (x 105B)
Class com.android.build.gradle.internal.tasks.MergeNativeDebugMetadataTask$Companion$WhenMappings: loaded 2 times (x 69B)
Class com.android.build.gradle.internal.api.LibraryVariantOutputImpl_Decorated        : loaded 2 times (x 163B)
Class com.google.gson.internal.bind.TypeAdapters$8                                    : loaded 2 times (x 73B)
Class com.android.build.gradle.tasks.ExtractDeepLinksTask$CreationAction              : loaded 2 times (x 95B)
Class com.google.wireless.android.sdk.stats.GradleBuildVariant$NativeBuildConfigInfoOrBuilder: loaded 2 times (x 68B)
Class com.android.build.gradle.internal.res.GenerateLibraryRFileTask$TestRuntimeStubRClassCreationAction$handleProvider$1: loaded 2 times (x 125B)
Class com.android.build.api.component.analytics.AnalyticsEnabledLibraryVariant$userVisibleAndroidTest$2: loaded 2 times (x 77B)
Class com.android.build.gradle.tasks.ProcessApplicationManifest$CreationAction        : loaded 2 times (x 88B)
Class com.android.tools.build.jetifier.core.pom.DependencyVersions$Companion          : loaded 2 times (x 69B)
Class com.google.gson.internal.bind.TypeAdapters$9                                    : loaded 2 times (x 73B)
Class com.android.build.gradle.internal.profile.AnalyticsResourceManager$WhenMappings : loaded 2 times (x 69B)
Class com.sun.xml.bind.v2.runtime.property.SingleMapNodeProperty                      : loaded 2 times (x 100B)
Class com.android.build.api.component.impl.DeviceTestImpl$renderscriptCreationConfig$2: loaded 2 times (x 77B)
Class com.google.protobuf.AbstractMessageLite$Builder                                 : loaded 2 times (x 124B)
Class org.jetbrains.kotlin.build.report.metrics.BuildMetricsReporter                  : loaded 2 times (x 68B)
Class com.android.build.gradle.internal.core.InternalBaseVariant$MergedFlavor         : loaded 2 times (x 68B)
Class com.google.common.base.Enums                                                    : loaded 2 times (x 69B)
Class org.jetbrains.org.objectweb.asm.tree.InvokeDynamicInsnNode                      : loaded 2 times (x 76B)
Class com.sun.xml.bind.v2.runtime.property.UnmarshallerChain                          : loaded 2 times (x 70B)
Class org.jetbrains.kotlin.gradle.plugin.KotlinCompilationInfo$TCS                    : loaded 2 times (x 87B)
Class com.android.build.api.variant.impl.SigningConfigImpl$enableV2Signing$1          : loaded 2 times (x 73B)
Class com.google.protobuf.Descriptors$EnumValueDescriptor$1                           : loaded 2 times (x 89B)
Class com.google.wireless.android.sdk.stats.GradleBuildProjectMetricsOrBuilder        : loaded 2 times (x 68B)
Class com.android.tools.build.jetifier.core.utils.StdOutLogConsumer                   : loaded 2 times (x 75B)
Class com.google.protobuf.Descriptors$EnumValueDescriptor$2                           : loaded 2 times (x 74B)
Class build_2ew9c87to5eu3jpdkdavgj2yc                                                 : loaded 2 times (x 178B)
Class org.jetbrains.kotlin.metadata.ProtoBuf$Expression$ConstantValue$1               : loaded 2 times (x 72B)
Class org.jetbrains.kotlin.metadata.ProtoBuf$MemberKind                               : loaded 2 times (x 80B)
Class org.jetbrains.org.objectweb.asm.ClassWriter                                     : loaded 2 times (x 102B)
Class com.google.protobuf.DescriptorProtos$FieldOptions                               : loaded 2 times (x 262B)
Class com.android.build.gradle.internal.scope.InternalArtifactType$AAPT_PROGUARD_FILE : loaded 2 times (x 72B)
Class com.android.build.api.artifact.impl.TypedStorageProvider$getArtifact$2$1        : loaded 2 times (x 77B)
Class com.android.build.gradle.tasks.MergeSourceSetFolders$MergeAppAssetCreationAction: loaded 2 times (x 89B)
Class com.android.build.api.component.impl.DeviceTestImpl$pseudoLocalesEnabled$2      : loaded 2 times (x 77B)
Class com.google.wireless.android.sdk.stats.GradleBuildProject$Builder                : loaded 2 times (x 354B)
Class com.sun.xml.bind.v2.model.annotation.XmlRootElementQuick                        : loaded 2 times (x 90B)
Class org.jetbrains.kotlin.descriptors.DeclarationDescriptor                          : loaded 2 times (x 68B)
Class com.android.build.gradle.internal.scope.InternalArtifactType$LINT_VITAL_PARTIAL_RESULTS: loaded 2 times (x 72B)
Class com.android.build.api.variant.Dexing                                            : loaded 2 times (x 68B)
Class com.android.build.gradle.internal.tasks.ExtractProguardFiles                    : loaded 2 times (x 323B)
Class com.android.build.gradle.internal.dsl.CmakeOptions                              : loaded 2 times (x 96B)
Class com.android.build.gradle.internal.lint.SdkVersionInput                          : loaded 2 times (x 71B)
Class com.google.common.collect.BaseImmutableMultimap                                 : loaded 2 times (x 121B)
Class com.android.build.gradle.internal.tasks.ClasspathComparisonTask                 : loaded 2 times (x 324B)
Class com.android.builder.model.Named                                                 : loaded 2 times (x 68B)
Class com.android.build.gradle.internal.profile.AnalyticsResourceManager$getProjectBuilder$1: loaded 2 times (x 77B)
Class com.android.build.gradle.internal.tasks.PrepareLintJarForPublishKt              : loaded 2 times (x 69B)
Class com.android.build.gradle.internal.scope.InternalArtifactType$LIBRARY_JNI        : loaded 2 times (x 72B)
Class org.jetbrains.kotlin.gradle.plugin.mpp.compilationImpl.factory.KotlinCompilationDependencyConfigurationsFactoriesKt: loaded 2 times (x 69B)
Class com.android.build.gradle.internal.dependency.DexingRegistration$ComponentAgnosticParameters: loaded 2 times (x 70B)
Class com.android.build.gradle.internal.dependency.AarToClassTransform$Params         : loaded 2 times (x 68B)
Class com.android.tools.build.jetifier.core.rule.RewriteRule                          : loaded 2 times (x 70B)
Class com.google.common.collect.MapMakerInternalMap$InternalEntryHelper               : loaded 2 times (x 68B)
Class org.jetbrains.org.objectweb.asm.tree.FrameNode                                  : loaded 2 times (x 77B)
Class com.google.wireless.android.sdk.stats.GradleTaskExecution$TaskState$1           : loaded 2 times (x 74B)
Class com.sun.xml.bind.v2.model.impl.RuntimeBuiltinLeafInfoImpl$10$1                  : loaded 2 times (x 354B)
Class com.android.build.gradle.internal.scope.InternalArtifactType$KOTLINC            : loaded 2 times (x 72B)
Class com.android.build.gradle.internal.dependency.PlatformAttrTransform$Inject1      : loaded 2 times (x 107B)
Class org.jetbrains.kotlin.gradle.utils.SingleAction                                  : loaded 2 times (x 71B)
Class [Lcom.google.wireless.android.sdk.stats.GradleBuildProject$PluginType;          : loaded 2 times (x 67B)
Class com.android.build.gradle.internal.scope.ProjectInfo                             : loaded 2 times (x 70B)
Class com.android.builder.core.AbstractBuildType                                      : loaded 2 times (x 151B)
Class com.android.build.gradle.internal.lint.SourceProviderInput$initialize$1         : loaded 2 times (x 72B)
Class com.android.build.gradle.internal.TaskManager$createAnchorTasks$1               : loaded 2 times (x 73B)
Class com.android.tools.build.jetifier.core.type.JavaType$Companion                   : loaded 2 times (x 69B)
Class com.android.build.gradle.internal.core.dsl.impl.ConsumableComponentDslInfoImpl$buildConfigDslInfo$2: loaded 2 times (x 77B)
Class com.android.build.api.dsl.FusedLibraryExtension                                 : loaded 2 times (x 68B)
Class com.android.build.gradle.internal.lint.SourceProviderInput$initialize$2         : loaded 2 times (x 72B)
Class org.jetbrains.kotlin.gradle.tasks.KotlinCompilerPluginData                      : loaded 2 times (x 70B)
Class com.sun.xml.bind.v2.runtime.ClassBeanInfoImpl                                   : loaded 2 times (x 90B)
Class org.jetbrains.kotlin.gradle.targets.metadata.KotlinMetadataTargetConfiguratorKt : loaded 2 times (x 69B)
Class com.android.build.gradle.internal.utils.DesugarLibUtils$registerDesugarLibConfigExtractorTransformIfAbsent$1: loaded 2 times (x 72B)
Class com.android.build.gradle.internal.services.RunOnceBuildServiceImpl              : loaded 2 times (x 80B)
Class org.jetbrains.kotlin.gradle.plugin.mpp.KotlinJvmAndroidCompilationFactory       : loaded 2 times (x 79B)
Class com.sun.xml.bind.v2.runtime.property.ArrayElementNodeProperty                   : loaded 2 times (x 103B)
Class com.android.build.gradle.tasks.BundleAar$Companion$prependToCopyPath$1$1        : loaded 2 times (x 73B)
Class com.android.build.gradle.internal.lint.SourceProviderInput$initialize$3         : loaded 2 times (x 72B)
Class com.android.build.gradle.internal.scope.InternalArtifactType$MERGED_RES_INCREMENTAL_FOLDER: loaded 2 times (x 72B)
Class com.android.build.gradle.internal.tasks.ModuleMetadataWriterTask$CreationAction$handleProvider$1: loaded 2 times (x 125B)
Class com.android.build.api.variant.impl.BundleConfigImpl$metadataFiles$1             : loaded 2 times (x 76B)
Class org.jetbrains.kotlin.statistics.metrics.OverrideMetricContainer                 : loaded 2 times (x 78B)
Class com.android.build.api.dsl.PublishingOptions                                     : loaded 2 times (x 68B)
Class com.android.build.VariantOutput                                                 : loaded 2 times (x 68B)
Class com.android.build.gradle.internal.api.artifact.SourceArtifactType$JNI           : loaded 2 times (x 72B)
Class com.android.build.gradle.internal.errors.SyncIssueReporterImpl$GlobalSyncIssueService$Parameters_Decorated: loaded 2 times (x 135B)
Class com.google.protobuf.Parser                                                      : loaded 2 times (x 68B)
Class com.google.common.base.Throwables                                               : loaded 2 times (x 69B)
Class com.android.build.api.dsl.BundleDensity                                         : loaded 2 times (x 68B)
Class com.android.build.gradle.internal.lint.VariantInputs$initialize$7$1             : loaded 2 times (x 77B)
Class com.android.build.gradle.internal.lint.EnvironmentVariableInputs_Decorated      : loaded 2 times (x 143B)
Class com.android.build.gradle.internal.lint.SourceProviderInput$initialize$4         : loaded 2 times (x 72B)
Class com.android.build.gradle.internal.scope.ArtifactPublishingUtil$publishIntermediateArtifact$2: loaded 2 times (x 77B)
Class com.android.build.api.component.impl.ComponentBuilderImpl                       : loaded 2 times (x 90B)
Class com.android.build.gradle.internal.core.dsl.impl.ConsumableComponentDslInfoImpl$manifestPlaceholdersDslInfo$2: loaded 2 times (x 77B)
Class com.android.build.gradle.internal.dsl.TestFixturesImpl_Decorated                : loaded 2 times (x 129B)
Class com.android.build.gradle.internal.dependency.JdkImageTransform                  : loaded 2 times (x 77B)
Class com.android.build.gradle.internal.plugins.BasePlugin$extensionData$2            : loaded 2 times (x 77B)
Class com.android.build.gradle.internal.tasks.LintModelMetadataTask_Decorated         : loaded 2 times (x 378B)
Class com.android.build.gradle.internal.lint.SourceProviderInput$initialize$5         : loaded 2 times (x 72B)
Class com.google.gson.internal.sql.SqlDateTypeAdapter$1                               : loaded 2 times (x 73B)
Class com.android.build.gradle.internal.BuildFeaturesUtils                            : loaded 2 times (x 69B)
Class com.google.protobuf.DescriptorProtos$FieldDescriptorProto$Type$1                : loaded 2 times (x 74B)
Class com.android.build.gradle.internal.plugins.LibraryPlugin$LibraryAndroidComponentsExtensionImplCompat: loaded 2 times (x 105B)
Class org.jetbrains.kotlin.gradle.plugin.mpp.AbstractKotlinTargetKt                   : loaded 2 times (x 69B)
Class com.android.build.api.component.impl.DeviceTestImpl_Decorated                   : loaded 2 times (x 561B)
Class com.android.build.gradle.internal.dsl.OptimizationImpl$AgpDecorated             : loaded 2 times (x 81B)
Class com.google.protobuf.GeneratedMessageV3$1                                        : loaded 2 times (x 76B)
Class org.jetbrains.kotlin.gradle.plugin.mpp.KotlinUsageContext$MavenScope            : loaded 2 times (x 77B)
Class FlutterPlugin$_addFlutterTasks_closure25$_closure79$_closure80                  : loaded 2 times (x 134B)
Class com.android.build.gradle.internal.tasks.FinalizeBundleTask$CreationAction       : loaded 2 times (x 88B)
Class com.android.build.gradle.tasks.ProcessManifestForBundleTask$CreationAction$handleProvider$1: loaded 2 times (x 125B)
Class [Lcom.android.build.gradle.internal.profile.ProfilingMode;                      : loaded 2 times (x 67B)
Class com.android.build.api.dsl.Optimization                                          : loaded 2 times (x 68B)
Class FlutterAppPluginLoaderPlugin                                                    : loaded 2 times (x 88B)
Class com.android.sdklib.repository.meta.Library                                      : loaded 2 times (x 87B)
Class com.android.build.gradle.internal.lint.AndroidLintTask$FixSingleVariantCreationAction: loaded 2 times (x 93B)
Class com.android.build.gradle.internal.res.Aapt2FromMaven$Companion                  : loaded 2 times (x 69B)
Class org.jetbrains.kotlin.gradle.tasks.KotlinCompile$defaultKotlinJavaToolchain$1    : loaded 2 times (x 77B)
Class com.android.build.gradle.internal.dsl.ModulePropertyKey$BooleanWithDefault      : loaded 2 times (x 82B)
Class com.android.build.gradle.internal.crash.ExternalApiUsageException               : loaded 2 times (x 80B)
Class [Lnet.rubygrapefruit.platform.internal.FunctionResult$Failure;                  : loaded 2 times (x 67B)
Class com.android.build.gradle.internal.scope.BootClasspathBuilder$CacheKey           : loaded 2 times (x 70B)
Class com.android.build.gradle.internal.AndroidTestTaskManager$createConnectedTestForVariant$1: loaded 2 times (x 73B)
Class com.android.build.gradle.internal.services.Aapt2ThreadPoolBuildService$Params_Decorated: loaded 2 times (x 132B)
Class net.rubygrapefruit.platform.internal.Platform$Windows                           : loaded 2 times (x 77B)
Class com.sun.xml.bind.v2.ContextFactory                                              : loaded 2 times (x 69B)
Class com.android.repository.impl.generated.v1.RepositoryType                         : loaded 2 times (x 84B)
Class com.android.build.gradle.internal.scope.InternalArtifactType$MERGED_ML_MODELS   : loaded 2 times (x 72B)
Class user_agent_3qtthdpp706br53fmjmmslv4c$_run_closure1$_closure2                    : loaded 2 times (x 138B)
Class org.jetbrains.kotlin.cli.common.messages.MessageCollector$Companion$NONE$1      : loaded 2 times (x 74B)
Class org.jetbrains.kotlin.protobuf.RopeByteString                                    : loaded 2 times (x 108B)
Class org.jetbrains.kotlin.gradle.logging.GradleKotlinLogger                          : loaded 2 times (x 77B)
Class org.jetbrains.kotlin.gradle.plugin.mpp.compilationImpl.DefaultKotlinCompilationSourceSetsContainer$source$1: loaded 2 times (x 77B)
Class com.android.build.gradle.internal.LibraryTaskManager                            : loaded 2 times (x 81B)
Class org.jetbrains.kotlin.gradle.plugin.sources.FragmentConsistencyChecks$optInAnnotationsCheck$1: loaded 2 times (x 77B)
Class org.jetbrains.kotlin.gradle.plugin.KotlinCompilation                            : loaded 2 times (x 68B)
Class org.gradle.internal.IoActions                                                   : loaded 2 times (x 69B)
Class com.android.build.gradle.internal.tasks.LibraryJniLibsTask$CreationAction$handleProvider$1: loaded 2 times (x 125B)
Class org.jetbrains.kotlin.gradle.plugin.sources.FragmentConsistencyChecks$optInAnnotationsCheck$2: loaded 2 times (x 76B)
Class com.android.build.gradle.internal.dsl.BundleOptionsDeviceTier$AgpDecorated      : loaded 2 times (x 83B)
Class com.google.common.collect.MapMakerInternalMap$StrongKeyDummyValueEntry$Helper   : loaded 2 times (x 77B)
Class javax.xml.bind.annotation.adapters.XmlAdapter                                   : loaded 2 times (x 71B)
Class com.android.sdklib.repository.generated.common.v1.IdDisplayType                 : loaded 2 times (x 81B)
Class org.jetbrains.kotlin.gradle.dsl.KotlinCompile                                   : loaded 2 times (x 68B)
Class com.android.build.gradle.internal.tasks.factory.features.ResValuesTaskCreationAction: loaded 2 times (x 68B)
Class com.android.tools.build.jetifier.core.proguard.ProGuardTypesMap$JsonData        : loaded 2 times (x 70B)
Class com.android.build.gradle.internal.api.artifact.SourceArtifactType$KOTLIN_SOURCES: loaded 2 times (x 72B)
Class com.android.builder.internal.BaseConfigImpl                                     : loaded 2 times (x 113B)
Class com.sun.xml.bind.v2.model.annotation.XmlElementQuick                            : loaded 2 times (x 94B)
Class com.google.common.collect.AllEqualOrdering                                      : loaded 2 times (x 112B)
Class com.sun.xml.bind.v2.model.impl.RuntimeBuiltinLeafInfoImpl$UUIDImpl              : loaded 2 times (x 134B)
Class com.android.build.gradle.internal.dsl.LibraryExtensionImpl$AgpDecorated         : loaded 2 times (x 357B)
Class com.android.build.gradle.internal.cxx.gradle.generator.NativeProjectPath        : loaded 2 times (x 70B)
Class [Lcom.android.build.api.variant.VariantOutputConfiguration$OutputType;          : loaded 2 times (x 67B)
Class com.android.build.api.instrumentation.InstrumentationScope                      : loaded 2 times (x 77B)
Class com.google.protobuf.ByteString$ByteIterator                                     : loaded 2 times (x 68B)
Class com.android.sdklib.repository.generated.sysimg.v4.ObjectFactory                 : loaded 2 times (x 73B)
Class com.android.build.api.variant.BuiltArtifact                                     : loaded 2 times (x 68B)
Class com.android.build.gradle.internal.TaskManager$createDependencyStreams$1         : loaded 2 times (x 77B)
Class com.android.build.api.component.UnitTest                                        : loaded 2 times (x 68B)
Class com.android.build.gradle.internal.dsl.DataBindingOptions$AgpDecorated           : loaded 2 times (x 110B)
Class [Lcom.google.wireless.android.sdk.stats.GradleBuildVariant$VariantType;         : loaded 2 times (x 67B)
Class com.android.build.gradle.internal.PlatformToolsComponents                       : loaded 2 times (x 70B)
Class org.jetbrains.kotlin.gradle.plugin.VariantImplementationFactories$Companion$getProvider$1: loaded 2 times (x 76B)
Class com.android.build.gradle.internal.lint.AndroidLintGlobalTask$LintFixCreationAction: loaded 2 times (x 91B)
Class com.android.build.api.dsl.LibraryKeepRules                                      : loaded 2 times (x 68B)
Class com.google.protobuf.UnsafeUtil$JvmMemoryAccessor                                : loaded 2 times (x 89B)
Class com.google.common.collect.ComparatorOrdering                                    : loaded 2 times (x 113B)
Class com.android.repository.api.ProgressRunner                                       : loaded 2 times (x 68B)
Class com.android.build.gradle.internal.dependency.AarResourcesCompilerTransform$Inject1: loaded 2 times (x 107B)
Class com.android.build.api.component.analytics.AnalyticsEnabledApplicationVariant    : loaded 2 times (x 216B)
Class com.android.build.gradle.internal.profile.AnalyticsResourceManager$getVariantBuilder$1: loaded 2 times (x 77B)
Class org.jetbrains.kotlin.gradle.internal.StdlibDependencyManagementKt$sam$org_gradle_api_Action$0: loaded 2 times (x 73B)
Class com.android.build.gradle.internal.dsl.BuildType$Companion                       : loaded 2 times (x 69B)
Class com.android.build.gradle.options.TestRunnerArguments                            : loaded 2 times (x 77B)
Class com.android.build.gradle.internal.services.BaseServicesImpl                     : loaded 2 times (x 82B)
Class org.jetbrains.kotlin.config.LanguageFeature$State                               : loaded 2 times (x 80B)
Class com.sun.xml.bind.v2.runtime.ElementBeanInfoImpl$1                               : loaded 2 times (x 104B)
Class com.android.build.gradle.internal.GradleLocalPropertiesFactory$get$propertiesContent$1: loaded 2 times (x 73B)
Class com.android.build.gradle.internal.dsl.LibraryAndroidResourcesImpl               : loaded 2 times (x 120B)
Class com.android.build.api.variant.impl.CodeTransparencyImpl                         : loaded 2 times (x 73B)
Class com.android.build.gradle.internal.core.dsl.features.UnitTestOptionsDslInfo      : loaded 2 times (x 68B)
Class com.android.build.api.dsl.DataBinding                                           : loaded 2 times (x 68B)
Class com.android.build.gradle.internal.plugins.PrivacySandboxSdkPlugin               : loaded 2 times (x 79B)
Class [Lorg.jetbrains.kotlin.build.report.metrics.BuildTime;                          : loaded 2 times (x 67B)
Class org.jetbrains.kotlin.gradle.plugin.mpp.DecoratedKotlinCompilation               : loaded 2 times (x 182B)
Class com.android.build.gradle.internal.dsl.NdkBuildOptions$AgpDecorated_Decorated    : loaded 2 times (x 141B)
Class com.android.build.gradle.internal.core.dsl.features.ManifestPlaceholdersDslInfo : loaded 2 times (x 68B)
Class com.sun.istack.SAXParseException2                                               : loaded 2 times (x 86B)
Class com.android.build.api.variant.LibraryAndroidComponentsExtension                 : loaded 2 times (x 68B)
Class org.jetbrains.kotlin.gradle.targets.js.ir.KotlinJsIrTarget                      : loaded 2 times (x 218B)
Class com.android.build.api.artifact.impl.ArtifactOperationRequest                    : loaded 2 times (x 68B)
Class com.android.build.gradle.internal.TaskManager$createCompileAnchorTask$1         : loaded 2 times (x 72B)
Class org.jetbrains.kotlin.statistics.metrics.BooleanOverridePolicy$OR                : loaded 2 times (x 83B)
Class com.android.build.api.dsl.PrivacySandboxSdkBundle                               : loaded 2 times (x 68B)
Class com.android.build.gradle.internal.dsl.decorator.SupportedPropertyType$Block     : loaded 2 times (x 72B)
Class com.android.builder.profile.NameAnonymizer$VariantIdCacheLoader                 : loaded 2 times (x 74B)
Class com.android.build.gradle.internal.dependency.GenericTransformParameters         : loaded 2 times (x 68B)
Class com.android.build.gradle.internal.profile.AnalyticsResourceManager              : loaded 2 times (x 70B)
Class com.android.build.gradle.internal.tasks.MergeConsumerProguardFilesTask$CreationAction: loaded 2 times (x 91B)
Class org.jetbrains.kotlin.gradle.plugin.mpp.compilationImpl.DefaultKotlinCompilationSourceSetsContainer$allKotlinSourceSetsImpl$1$1: loaded 2 times (x 123B)
Class com.android.build.api.dsl.ConfigurableFiles                                     : loaded 2 times (x 68B)
Class com.google.protobuf.Utf8$UnsafeProcessor                                        : loaded 2 times (x 75B)
Class com.android.sdklib.IAndroidTarget                                               : loaded 2 times (x 68B)
Class com.google.gson.internal.$Gson$Types                                            : loaded 2 times (x 69B)
Class com.android.build.gradle.internal.core.dsl.impl.DslInfoBuilder$computeNames$1   : loaded 2 times (x 77B)
Class com.google.protobuf.DescriptorProtos$FieldDescriptorProto                       : loaded 2 times (x 219B)
Class com.android.build.gradle.internal.dsl.decorator.LockableSet$LockableIterator    : loaded 2 times (x 79B)
Class com.android.build.api.dsl.ApplicationBaseFlavor                                 : loaded 2 times (x 68B)
Class org.jetbrains.kotlin.gradle.plugin.sources.DefaultLanguageSettingsBuilder       : loaded 2 times (x 88B)
Class org.jetbrains.kotlin.gradle.tasks.AbstractKotlinCompile$kotlinLogger$2          : loaded 2 times (x 77B)
Class com.sun.xml.bind.v2.model.annotation.XmlTypeQuick                               : loaded 2 times (x 93B)
Class [Lcom.android.build.gradle.internal.publishing.AndroidArtifacts$PublishedConfigType;: loaded 2 times (x 67B)
Class org.apache.http.HttpMessage                                                     : loaded 2 times (x 68B)
Class com.android.build.gradle.internal.TaskManager$MergeType$MERGE                   : loaded 2 times (x 78B)
Class com.android.sdklib.repository.generated.common.v2.ObjectFactory                 : loaded 2 times (x 73B)
Class com.android.repository.impl.meta.PackageDisplayNameQualifier                    : loaded 2 times (x 68B)
Class com.android.build.gradle.internal.lint.AndroidLintTask$SingleVariantCreationAction: loaded 2 times (x 93B)
Class com.sun.xml.bind.v2.runtime.reflect.Accessor$ReadOnlyFieldReflection            : loaded 2 times (x 83B)
Class com.google.protobuf.CodedOutputStream$OutputStreamEncoder                       : loaded 2 times (x 108B)
Class user_agent_6qc1bp7kvbhs8ioaf48wg1siq                                            : loaded 2 times (x 175B)
Class org.jetbrains.kotlin.metadata.ProtoBuf$Type$Argument$Projection                 : loaded 2 times (x 80B)
Class [Lorg.jetbrains.kotlin.statistics.metrics.BooleanOverridePolicy;                : loaded 2 times (x 67B)
Class com.android.build.gradle.options.TestRunnerArguments$Companion                  : loaded 2 times (x 69B)
Class com.android.build.gradle.LibraryPlugin                                          : loaded 2 times (x 74B)
Class com.google.common.collect.LexicographicalOrdering                               : loaded 2 times (x 113B)
Class BaseFlutterTask$_buildBundle_closure3                                           : loaded 2 times (x 134B)
Class com.android.build.gradle.internal.tasks.LibraryAarJarsTask$Companion            : loaded 2 times (x 69B)
Class com.sun.xml.bind.v2.runtime.unmarshaller.Intercepter                            : loaded 2 times (x 68B)
Class com.google.wireless.android.sdk.stats.GradleBuildProject$CompileOptions         : loaded 2 times (x 196B)
Class com.android.build.gradle.internal.model.CoreExternalNativeBuild                 : loaded 2 times (x 68B)
Class com.android.build.gradle.internal.errors.SyncIssueReporterImpl                  : loaded 2 times (x 75B)
Class com.android.build.gradle.internal.scope.InternalArtifactType$APK_ZIP            : loaded 2 times (x 72B)
Class com.google.common.collect.ImmutableSortedMap$Builder                            : loaded 2 times (x 88B)
Class com.google.common.collect.RangeGwtSerializationDependencies                     : loaded 2 times (x 69B)
Class com.sun.xml.bind.v2.runtime.Coordinator                                         : loaded 2 times (x 81B)
Class com.android.build.gradle.internal.plugins.AndroidPluginBaseServices$settingsExtension$2: loaded 2 times (x 77B)
Class com.android.build.api.artifact.impl.SingleInitialProviderRequestImpl            : loaded 2 times (x 70B)
Class com.android.build.api.dsl.BundleStoreArchive                                    : loaded 2 times (x 68B)
Class com.android.build.gradle.internal.ide.v2.GlobalSyncService$RegistrationAction   : loaded 2 times (x 72B)
Class com.android.build.api.dsl.ApkExtension                                          : loaded 2 times (x 68B)
Class com.android.build.api.variant.impl.LayeredSourceDirectoriesImpl$getVariantSourcesWithFilter$1: loaded 2 times (x 76B)
Class javax.xml.bind.annotation.XmlID                                                 : loaded 2 times (x 68B)
Class com.sun.xml.bind.v2.model.nav.ReflectionNavigator                               : loaded 2 times (x 121B)
Class com.android.build.gradle.internal.tasks.MergeNativeLibsTaskKt                   : loaded 2 times (x 69B)
Class [Lcom.google.gson.ReflectionAccessFilter$FilterResult;                          : loaded 2 times (x 67B)
Class com.android.build.gradle.internal.attributes.VariantAttr                        : loaded 2 times (x 68B)
Class [Lorg.jetbrains.kotlin.statistics.metrics.IMetricContainerFactory;              : loaded 2 times (x 67B)
Class com.android.build.gradle.internal.dsl.CoreExternalNativeCmakeOptions            : loaded 2 times (x 68B)
Class com.android.build.gradle.internal.profile.AnalyticsConfiguratorService$Params   : loaded 2 times (x 68B)
Class org.jetbrains.kotlin.metadata.deserialization.Flags$BooleanFlagField            : loaded 2 times (x 74B)
Class com.android.build.gradle.internal.DependencyResourcesComputer$ResourceSourceSetInput: loaded 2 times (x 70B)
Class com.android.build.api.component.analytics.AnalyticsEnabledLibraryVariant_Decorated: loaded 2 times (x 244B)
Class com.android.build.gradle.internal.cxx.logging.ThreadLoggingEnvironment$Companion: loaded 2 times (x 69B)
Class com.android.build.gradle.internal.tasks.ExtractVersionControlInfoTask$CreationAction: loaded 2 times (x 88B)
Class com.android.build.gradle.internal.core.dsl.impl.ApplicationVariantDslInfoImpl$versionCode$2$versionCodeFromFlavors$1: loaded 2 times (x 76B)
Class org.jetbrains.kotlin.gradle.plugin.mpp.KotlinAndroidTarget$createAndroidUsageContexts$3$1: loaded 2 times (x 77B)
Class org.jetbrains.kotlin.metadata.ProtoBuf$TypeParameter$1                          : loaded 2 times (x 142B)
Class org.jetbrains.kotlin.gradle.incremental.IncrementalModuleInfoBuildService$Companion$registerIfAbsent$1: loaded 2 times (x 77B)
Class com.android.build.gradle.internal.cxx.configure.GradleLocalPropertiesKt         : loaded 2 times (x 69B)
Class com.android.build.gradle.internal.tasks.ParseIntegrityConfigTask                : loaded 2 times (x 323B)
Class [Lcom.android.build.gradle.internal.publishing.AndroidArtifacts$ArtifactScope;  : loaded 2 times (x 67B)
Class [Lcom.android.build.api.artifact.impl.InternalScopedArtifacts$InternalScope;    : loaded 2 times (x 67B)
Class javax.xml.bind.ContextFinder                                                    : loaded 2 times (x 69B)
Class jdk.internal.jimage.decompressor.StringSharingDecompressorFactory               : loaded 2 times (x 72B)
Class [Lcom.sun.xml.bind.v2.runtime.Location;                                         : loaded 2 times (x 67B)
Class FlutterTask$_getAssets_closure1                                                 : loaded 2 times (x 133B)
Class com.android.build.gradle.internal.tasks.TestPreBuildTask                        : loaded 2 times (x 324B)
Class com.android.build.gradle.internal.component.features.OptimizationCreationConfig : loaded 2 times (x 68B)
Class com.sun.xml.bind.v2.runtime.unmarshaller.XsiNilLoader                           : loaded 2 times (x 78B)
Class com.android.build.gradle.internal.dsl.BaseAppModuleExtension_Decorated$buildTypes$0: loaded 2 times (x 150B)
Class com.android.build.gradle.internal.scope.InternalArtifactType$GLOBAL_SYNTHETICS_SUBPROJECT: loaded 2 times (x 72B)
Class com.google.gson.internal.bind.TypeAdapters$34$1                                 : loaded 2 times (x 72B)
Class org.jetbrains.kotlin.gradle.internal.Kapt3GradleSubplugin$Kapt3SubpluginContext : loaded 2 times (x 70B)
Class org.jetbrains.kotlin.protobuf.FieldSet$FieldDescriptorLite                      : loaded 2 times (x 68B)
Class com.android.build.gradle.options.ProjectOptionService                           : loaded 2 times (x 75B)
Class [Lorg.jetbrains.kotlin.build.report.metrics.ValueType;                          : loaded 2 times (x 67B)
Class com.android.repository.impl.generated.generic.v2.package-info                   : loaded 2 times (x 68B)
Class com.android.build.gradle.internal.utils.KgpUtils$configureKotlinCompileTasks$1  : loaded 2 times (x 73B)
Class com.android.build.gradle.internal.tasks.OptimizeResourcesTask$CreateAction$handleProvider$operationRequest$1: loaded 2 times (x 125B)
Class com.android.build.gradle.internal.utils.AnalyticsSettingsUtils                  : loaded 2 times (x 69B)
Class org.apache.http.HttpEntity                                                      : loaded 2 times (x 68B)
Class com.android.build.gradle.internal.errors.SyncIssueReporter                      : loaded 2 times (x 74B)
Class com.android.build.gradle.internal.core.dsl.ComponentDslInfo$DslDefinedHostTest  : loaded 2 times (x 70B)
Class com.android.build.gradle.internal.tasks.OptimizeResourcesTask$CreateAction$handleProvider$operationRequest$2: loaded 2 times (x 125B)
Class com.android.build.api.variant.impl.ApplicationVariantImpl_Decorated             : loaded 2 times (x 612B)
Class com.android.build.api.variant.impl.SigningConfigImpl$enableV1Signing$1          : loaded 2 times (x 73B)
Class com.google.wireless.android.sdk.stats.GradleBuildProfileSpan$ExecutionType$1    : loaded 2 times (x 74B)
Class com.google.common.collect.ImmutableMultimap$Builder                             : loaded 2 times (x 81B)
Class com.google.protobuf.CodedOutputStream                                           : loaded 2 times (x 107B)
Class com.google.gson.internal.$Gson$Types$ParameterizedTypeImpl                      : loaded 2 times (x 79B)
Class com.android.build.gradle.options.ProjectOptionService$Params$Inject             : loaded 2 times (x 104B)
Class com.android.ide.common.repository.GradleVersion$VersionQualifiers               : loaded 2 times (x 70B)
Class com.sun.xml.bind.v2.runtime.JAXBContextImpl                                     : loaded 2 times (x 88B)
Class com.sun.xml.bind.v2.runtime.reflect.AdaptedLister                               : loaded 2 times (x 75B)
Class com.android.build.gradle.internal.scope.InternalArtifactType$RUNTIME_LIBRARY_CLASSES_DIR: loaded 2 times (x 72B)
Class com.android.build.gradle.internal.dependency.ModelArtifactCompatibilityRule     : loaded 2 times (x 74B)
Class com.android.build.gradle.internal.tasks.factory.features.OptimizationTaskCreationAction: loaded 2 times (x 68B)
Class com.android.build.gradle.internal.scope.InternalArtifactType$COMBINED_ART_PROFILE: loaded 2 times (x 72B)
Class com.android.build.gradle.internal.tasks.MergeArtProfileTask$CreationAction$handleProvider$1: loaded 2 times (x 125B)
Class com.android.build.gradle.internal.variant.TestVariantData                       : loaded 2 times (x 70B)
Class org.jetbrains.kotlin.gradle.plugin.KotlinTargetPreset                           : loaded 2 times (x 68B)
Class com.android.build.gradle.internal.scope.InternalArtifactType$FEATURE_NAME       : loaded 2 times (x 72B)
Class FlutterPlugin$_addFlutterTasks_closure24$_closure69$_closure72                  : loaded 2 times (x 134B)
Class com.android.build.gradle.internal.api.ReadOnlyBaseConfig                        : loaded 2 times (x 114B)
Class com.android.build.gradle.internal.dependency.AlternateCompatibilityRule         : loaded 2 times (x 77B)
Class org.jetbrains.kotlin.gradle.dsl.KotlinAndroidProjectExtension_Decorated         : loaded 2 times (x 146B)
Class org.jetbrains.kotlin.statistics.metrics.NumberAnonymizationPolicy$RANDOM_10_PERCENT: loaded 2 times (x 83B)
Class com.android.build.gradle.internal.transforms.ShrinkResourcesNewShrinkerTask     : loaded 2 times (x 331B)
Class [Lcom.sun.xml.bind.v2.model.impl.ClassInfoImpl$PropertyGroup;                   : loaded 2 times (x 67B)
Class com.android.build.gradle.internal.tasks.DeviceProviderInstrumentTestTask$CreationAction$Type: loaded 2 times (x 77B)
Class com.android.build.gradle.internal.scope.InternalArtifactType$FEATURE_SET_METADATA: loaded 2 times (x 72B)
Class com.android.build.gradle.internal.core.MergedAnnotationProcessorOptions         : loaded 2 times (x 105B)
Class com.android.build.gradle.internal.profile.AnalyticsConfiguratorService$Inject   : loaded 2 times (x 100B)
Class com.android.build.gradle.internal.variant.LegacyVariantInputManager             : loaded 2 times (x 95B)
Class com.android.build.gradle.internal.scope.InternalArtifactType$GLOBAL_SYNTHETICS_MIXED_SCOPE: loaded 2 times (x 72B)
Class com.sun.xml.bind.v2.model.core.NonElementRef                                    : loaded 2 times (x 68B)
Class com.google.protobuf.ExtensionRegistry                                           : loaded 2 times (x 85B)
Class net.rubygrapefruit.platform.internal.NativeLibraryLocator                       : loaded 2 times (x 71B)
Class com.android.build.gradle.internal.publishing.AndroidArtifactsUtilKt             : loaded 2 times (x 69B)
Class com.android.sdklib.repository.meta.DetailsTypes$SourceDetailsType               : loaded 2 times (x 68B)
Class com.android.sdklib.repository.generated.repository.v1.package-info              : loaded 2 times (x 68B)
Class org.jetbrains.org.objectweb.asm.tree.TypeAnnotationNode                         : loaded 2 times (x 78B)
Class [Lcom.google.protobuf.WireFormat$FieldType;                                     : loaded 2 times (x 67B)
Class com.android.build.api.variant.impl.FlatSourceDirectoriesImpl$getAsFileTreesForOldVariantAPI$1: loaded 2 times (x 73B)
Class com.android.build.gradle.internal.SdkComponentsKt                               : loaded 2 times (x 69B)
Class com.android.build.api.variant.ExternalNativeBuild                               : loaded 2 times (x 68B)
Class com.android.build.gradle.internal.services.ClassesHierarchyBuildService$RegistrationAction: loaded 2 times (x 72B)
Class com.android.prefs.AbstractAndroidLocations$Companion                            : loaded 2 times (x 69B)
Class com.google.wireless.android.sdk.stats.GradleBuildProfileSpan$1                  : loaded 2 times (x 149B)
Class com.google.wireless.android.sdk.stats.GarbageCollectionStats$1                  : loaded 2 times (x 149B)
Class org.jetbrains.kotlin.metadata.ProtoBuf$Annotation$Argument$Value$Type           : loaded 2 times (x 80B)
Class com.android.build.api.dsl.LibraryInstallation                                   : loaded 2 times (x 68B)
Class com.android.build.gradle.internal.test.AbstractTestDataImpl                     : loaded 2 times (x 108B)
Class com.android.build.gradle.internal.variant.BaseVariantData$WhenMappings          : loaded 2 times (x 69B)
Class com.android.build.api.variant.impl.HostTestBuilderImpl$Companion                : loaded 2 times (x 69B)
Class com.android.build.gradle.internal.utils.GradlePluginUtils                       : loaded 2 times (x 69B)
Class [Lorg.jetbrains.kotlin.load.kotlin.header.KotlinClassHeader$Kind;               : loaded 2 times (x 67B)
Class com.sun.xml.bind.v2.runtime.unmarshaller.DefaultIDResolver                      : loaded 2 times (x 74B)
Class Dependency_version_checker_gradle$1$1                                           : loaded 2 times (x 76B)
Class [Lorg.objectweb.asm.Attribute;                                                  : loaded 2 times (x 67B)
Class com.sun.xml.bind.v2.ClassFactory$1                                              : loaded 2 times (x 78B)
Class com.android.build.gradle.internal.tasks.MergeNativeDebugMetadataTask_Decorated  : loaded 2 times (x 374B)
Class com.android.tools.build.jetifier.core.pom.DependencyVersions                    : loaded 2 times (x 70B)
Class org.jetbrains.kotlin.gradle.internal.KotlinDependenciesManagementKt$sam$org_gradle_api_Action$0: loaded 2 times (x 73B)
Class org.jetbrains.org.objectweb.asm.AnnotationVisitor                               : loaded 2 times (x 75B)
Class com.android.repository.impl.generated.v2.ChannelRefType                         : loaded 2 times (x 75B)
Class com.android.build.gradle.internal.SdkComponentsBuildService$VersionedSdkLoader$buildToolInfoProvider$1: loaded 2 times (x 73B)
Class com.android.build.gradle.tasks.ProcessLibraryManifest$CreationAction$handleProvider$1: loaded 2 times (x 125B)
Class com.android.build.gradle.internal.component.features.BuildConfigCreationConfig  : loaded 2 times (x 68B)
Class org.jetbrains.kotlin.gradle.tasks.TasksProviderKt$sam$org_gradle_api_Action$0   : loaded 2 times (x 73B)
Class com.android.build.api.variant.ComponentBuilder                                  : loaded 2 times (x 68B)
Class org.gradle.api.internal.classpath.EffectiveClassPath                            : loaded 2 times (x 88B)
Class org.jetbrains.kotlin.gradle.tasks.DefaultKotlinJavaToolchain$DefaultJavaToolchainSetter: loaded 2 times (x 73B)
Class com.android.build.gradle.internal.res.GenerateLibraryRFileTask$CreationAction   : loaded 2 times (x 88B)
Class com.android.build.gradle.tasks.ProcessLibraryManifest$CreationAction$handleProvider$2: loaded 2 times (x 125B)
Class org.jetbrains.kotlin.metadata.jvm.deserialization.JvmMetadataVersion$Companion  : loaded 2 times (x 69B)
Class org.jetbrains.kotlin.gradle.tasks.configuration.AbstractKotlinCompileConfig$getClasspathSnapshotDir$1: loaded 2 times (x 76B)
Class com.sun.xml.bind.v2.model.impl.DummyPropertyInfo                                : loaded 2 times (x 68B)
Class com.android.build.gradle.tasks.ProcessLibraryManifest$CreationAction$handleProvider$3: loaded 2 times (x 125B)
Class com.android.build.api.variant.DexPackagingOptions                               : loaded 2 times (x 68B)
Class com.google.common.io.Files                                                      : loaded 2 times (x 69B)
Class com.android.build.gradle.tasks.ProcessLibraryManifest$CreationAction$handleProvider$4: loaded 2 times (x 125B)
Class org.jetbrains.kotlin.gradle.plugin.mpp.compilationImpl.factory.KotlinJvmCompilerOptionsFactory$create$kotlinOptions$1: loaded 2 times (x 101B)
Class com.android.build.gradle.internal.lint.AndroidLintTextOutputTask$LintVitalCreationAction: loaded 2 times (x 90B)
Class com.android.build.api.variant.impl.DirectoryEntry                               : loaded 2 times (x 68B)
Class com.android.build.api.component.analytics.AnalyticsEnabledUnitTest              : loaded 2 times (x 123B)
Class com.android.build.gradle.internal.variant.VariantPathHelper$aarLocation$2       : loaded 2 times (x 77B)
Class org.jetbrains.kotlin.gradle.targets.js.npm.DefaultNpmDependencyExtension        : loaded 2 times (x 150B)
Class com.android.build.gradle.api.AnnotationProcessorOptions                         : loaded 2 times (x 68B)
Class [Lorg.jetbrains.kotlin.config.ApiVersion;                                       : loaded 2 times (x 67B)
Class com.android.repository.impl.generated.generic.v2.GenericDetailsType             : loaded 2 times (x 74B)
Class com.android.build.gradle.internal.VariantTaskManager$createReportTasks$signingReportComponents$1: loaded 2 times (x 78B)
Class com.android.build.gradle.internal.scope.InternalArtifactType$MERGED_JAVA_RES    : loaded 2 times (x 72B)
Class com.google.gson.internal.bind.ReflectiveTypeAdapterFactory                      : loaded 2 times (x 73B)
Class com.google.gson.LongSerializationPolicy                                         : loaded 2 times (x 78B)
Class com.android.build.gradle.internal.dsl.BundleOptionsTexture$AgpDecorated         : loaded 2 times (x 83B)
Class com.android.build.gradle.internal.tasks.factory.GlobalTaskCreationConfigImpl$platformAttrs$2$attributes$1: loaded 2 times (x 72B)
Class org.jetbrains.kotlin.gradle.tasks.KotlinCompile$scriptSources$1                 : loaded 2 times (x 77B)
Class org.jetbrains.kotlin.build.report.metrics.BuildPerformanceMetric                : loaded 2 times (x 77B)
Class com.android.repository.impl.meta.RepoPackageImpl$Dependencies                   : loaded 2 times (x 70B)
Class com.android.build.gradle.internal.scope.InternalArtifactType$METADATA_FEATURE_DECLARATION: loaded 2 times (x 72B)
Class com.android.build.gradle.internal.VariantTaskManager$createReportTasks$signingReportComponents$2: loaded 2 times (x 76B)
Class org.jetbrains.kotlin.gradle.plugin.sources.android.KotlinAndroidSourceSetLayoutKt$singleTargetAndroidSourceSetLayout$1: loaded 2 times (x 76B)
Class com.android.build.gradle.internal.dsl.BaselineProfileImpl$AgpDecorated_Decorated: loaded 2 times (x 130B)
Class org.jetbrains.kotlin.gradle.report.BuildReportMode$Companion                    : loaded 2 times (x 69B)
Class org.jetbrains.kotlin.gradle.plugin.sources.android.configurator.MultiplatformLayoutV2DefaultManifestLocationConfigurator: loaded 2 times (x 73B)
Class org.jetbrains.kotlin.gradle.plugin.internal.DefaultKotlinTestReportCompatibilityHelperVariantFactory: loaded 2 times (x 72B)
Class org.jetbrains.kotlin.gradle.utils.ObjectCollectionExtKt$sam$org_gradle_api_Action$0: loaded 2 times (x 73B)
Class org.jetbrains.kotlin.gradle.plugin.mpp.KotlinCompilationFactory$DefaultImpls    : loaded 2 times (x 69B)
Class com.android.build.gradle.internal.scope.InternalArtifactType$JAVA_RES           : loaded 2 times (x 72B)
Class com.android.build.gradle.internal.api.artifact.SourceArtifactType$ASSETS        : loaded 2 times (x 72B)
Class com.android.tools.r8.Version                                                    : loaded 2 times (x 69B)
Class com.android.build.gradle.internal.utils.D8BackportedMethodsGenerator            : loaded 2 times (x 76B)
Class com.sun.xml.bind.v2.model.core.LeafInfo                                         : loaded 2 times (x 68B)
Class com.android.build.api.variant.impl.LibraryVariantImpl                           : loaded 2 times (x 428B)
Class com.android.build.gradle.internal.tasks.ProcessJavaResTask$CreationAction       : loaded 2 times (x 88B)
Class com.android.build.gradle.internal.scope.InternalArtifactType$METADATA_APPLICATION_ID: loaded 2 times (x 72B)
Class com.android.build.api.artifact.impl.ArtifactsImpl                               : loaded 2 times (x 79B)
Class com.google.common.io.CharStreams                                                : loaded 2 times (x 69B)
Class org.objectweb.asm.commons.Remapper                                              : loaded 2 times (x 86B)
Class com.android.build.api.variant.impl.FlatSourceDirectoriesImpl$getAsFileTrees$1   : loaded 2 times (x 73B)
Class com.android.build.gradle.internal.lint.LintTool                                 : loaded 2 times (x 75B)
Class com.sun.xml.bind.v2.runtime.ValueListBeanInfoImpl                               : loaded 2 times (x 87B)
Class com.android.build.gradle.internal.DependencyConfigurator$configureVariantTransforms$3$1: loaded 2 times (x 73B)
Class com.google.gson.internal.$Gson$Preconditions                                    : loaded 2 times (x 69B)
Class org.jetbrains.kotlin.gradle.plugin.sources.android.AndroidBaseSourceSetName$Test: loaded 2 times (x 70B)
Class com.android.build.gradle.internal.dsl.BuildType$AgpDecorated                    : loaded 2 times (x 373B)
Class com.android.build.api.dsl.AndroidTest                                           : loaded 2 times (x 68B)
Class com.android.build.gradle.internal.profile.AnalyticsServiceApi                   : loaded 2 times (x 68B)
Class com.android.build.gradle.internal.utils.DesugarLibUtils$getD8DesugarMethodFileFromTransform$1: loaded 2 times (x 72B)
Class com.android.build.gradle.internal.res.GenerateLibraryRFileTask                  : loaded 2 times (x 335B)
Class com.android.build.gradle.internal.dependency.SubtractingArtifactCollection      : loaded 2 times (x 82B)
Class com.google.common.io.ByteArrayDataOutput                                        : loaded 2 times (x 68B)
Class com.android.build.gradle.internal.plugins.BasePlugin$extension$2                : loaded 2 times (x 77B)
Class com.sun.xml.bind.v2.runtime.property.ArrayElementLeafProperty                   : loaded 2 times (x 103B)
Class com.android.build.gradle.internal.scope.InternalArtifactType$FEATURE_PUBLISHED_DEX: loaded 2 times (x 72B)
Class org.jetbrains.kotlin.gradle.plugin.mpp.compilationImpl.factory.DefaultKotlinCompilationDependencyConfigurationsFactory: loaded 2 times (x 73B)
Class com.android.build.gradle.internal.tasks.ExtractApksTask$CreationAction          : loaded 2 times (x 88B)
Class com.android.build.gradle.internal.tasks.CheckManifest$CreationAction$handleProvider$1: loaded 2 times (x 125B)
Class com.android.build.api.artifact.impl.TypedStorageProvider$getArtifact$1$1        : loaded 2 times (x 77B)
Class org.bouncycastle.operator.OperatorCreationException                             : loaded 2 times (x 80B)
Class com.android.build.gradle.internal.services.Aapt2ThreadPoolBuildService$RegistrationAction: loaded 2 times (x 72B)
Class org.jetbrains.kotlin.gradle.tasks.KotlinCompile$disableMultiModuleIC$2          : loaded 2 times (x 77B)
Class org.jetbrains.kotlin.gradle.tasks.DefaultKotlinJavaToolchain$currentJvmJdkToolsJar$1: loaded 2 times (x 76B)
Class com.android.build.gradle.internal.api.ApkVariantImpl                            : loaded 2 times (x 247B)
Class org.jetbrains.kotlin.gradle.plugin.internal.BasePluginConfiguration$BasePluginConfigurationVariantFactory: loaded 2 times (x 68B)
Class com.android.build.gradle.internal.dsl.BundleOptionsStoreArchive$AgpDecorated_Decorated: loaded 2 times (x 127B)
Class org.objectweb.asm.commons.LocalVariablesSorter                                  : loaded 2 times (x 108B)
Class org.jetbrains.org.objectweb.asm.MethodTooLargeException                         : loaded 2 times (x 81B)
Class com.android.build.gradle.internal.plugins.AndroidPluginBaseServices$projectServices$2: loaded 2 times (x 77B)
Class net.rubygrapefruit.platform.internal.Platform$Unsupported                       : loaded 2 times (x 77B)
Class org.jetbrains.org.objectweb.asm.tree.TypeInsnNode                               : loaded 2 times (x 77B)
Class org.jetbrains.kotlin.gradle.plugin.KotlinTargetConfiguratorKt$WhenMappings      : loaded 2 times (x 69B)
Class org.jetbrains.kotlin.gradle.utils.ObjectCollectionExtKt                         : loaded 2 times (x 69B)
Class com.google.common.collect.Interners                                             : loaded 2 times (x 69B)
Class com.android.build.gradle.internal.tasks.MergeStartupProfileTask$CreationAction$configure$1: loaded 2 times (x 77B)
Class com.android.build.gradle.internal.scope.InternalArtifactType$VERIFIED_LIBRARY_RESOURCES: loaded 2 times (x 72B)
Class org.jetbrains.kotlin.gradle.incremental.IncrementalModuleInfoProvider           : loaded 2 times (x 68B)
Class [Lcom.android.build.gradle.internal.dsl.ModulePropertyKey;                      : loaded 2 times (x 67B)
Class com.android.build.gradle.internal.tasks.SigningConfigUtils$Companion$gson$2     : loaded 2 times (x 76B)
Class com.android.build.gradle.internal.scope.InternalArtifactType$JAVAC              : loaded 2 times (x 72B)
Class com.android.build.gradle.internal.TestFixturesTaskManager                       : loaded 2 times (x 79B)
Class com.google.gson.internal.ConstructorConstructor                                 : loaded 2 times (x 70B)
Class com.google.protobuf.FieldSet$FieldDescriptorLite                                : loaded 2 times (x 68B)
Class com.android.build.gradle.internal.plugins.LibraryPlugin$1                       : loaded 2 times (x 84B)
Class com.android.build.gradle.internal.scope.ArtifactPublishingUtil                  : loaded 2 times (x 69B)
Class com.android.build.gradle.internal.publishing.AndroidArtifacts                   : loaded 2 times (x 69B)
Class com.android.build.api.variant.impl.DependenciesInfoBuilderImpl_Decorated        : loaded 2 times (x 140B)
Class org.jetbrains.kotlin.gradle.plugin.internal.DefaultMppTestReportHelperVariantFactory: loaded 2 times (x 72B)
Class com.sun.xml.bind.v2.model.impl.TypeInfoSetImpl                                  : loaded 2 times (x 109B)
Class com.android.build.gradle.internal.scope.InternalArtifactType$SOURCE_SET_PATH_MAP: loaded 2 times (x 72B)
Class com.android.build.api.variant.PropertyAccessNotAllowedException                 : loaded 2 times (x 80B)
Class com.android.build.api.artifact.Artifact$Replaceable                             : loaded 2 times (x 68B)
Class com.sun.xml.bind.v2.model.annotation.MethodLocatable                            : loaded 2 times (x 76B)
Class com.android.repository.impl.generated.v1.LocalPackage                           : loaded 2 times (x 138B)
Class com.android.sdklib.repository.generated.sysimg.v4.package-info                  : loaded 2 times (x 68B)
Class org.jetbrains.kotlin.statistics.metrics.IStatisticsValuesConsumer               : loaded 2 times (x 68B)
Class com.android.tools.analytics.CommonMetricsData$GarbageCollectionStatsDiffs       : loaded 2 times (x 69B)
Class org.apache.http.client.ClientProtocolException                                  : loaded 2 times (x 80B)
Class com.google.common.collect.MapMakerInternalMap$Strength$1                        : loaded 2 times (x 78B)
Class org.jetbrains.kotlin.build.report.metrics.BuildTimes$Companion                  : loaded 2 times (x 69B)
Class com.android.build.gradle.internal.signing.SigningConfigData$Companion           : loaded 2 times (x 69B)
Class org.jetbrains.kotlin.gradle.plugin.mpp.KotlinCompilationsKt                     : loaded 2 times (x 69B)
Class com.android.build.gradle.tasks.AnalyzeDependenciesTask$CreationAction           : loaded 2 times (x 88B)
Class com.android.build.gradle.internal.tasks.DependencyReportTask                    : loaded 2 times (x 313B)
Class org.jetbrains.kotlin.gradle.plugin.AndroidProjectHandler$configureTarget$kotlinOptions$1: loaded 2 times (x 101B)
Class com.android.build.gradle.internal.services.RunOnceBuildServiceImpl$RegistrationAction: loaded 2 times (x 71B)
Class org.gradle.internal.installation.CurrentGradleInstallation                      : loaded 2 times (x 71B)
Class com.google.common.collect.MapMakerInternalMap$Strength$2                        : loaded 2 times (x 78B)
Class com.google.protobuf.CodedOutputStream$HeapNioEncoder                            : loaded 2 times (x 109B)
Class com.android.build.gradle.internal.lint.LintMode                                 : loaded 2 times (x 77B)
Class [Lcom.sun.xml.bind.v2.runtime.property.StructureLoaderBuilder;                  : loaded 2 times (x 67B)
Class com.android.build.api.variant.impl.ApplicationMultiOutputHandler                : loaded 2 times (x 93B)
Class com.android.build.api.component.impl.features.InstrumentationCreationConfigImpl : loaded 2 times (x 81B)
Class com.android.build.gradle.internal.tasks.AppPreBuildTask                         : loaded 2 times (x 324B)
Class org.jetbrains.kotlin.gradle.plugin.sources.FragmentConsistencyChecks$languageVersionCheck$1: loaded 2 times (x 77B)
Class com.android.build.gradle.internal.res.Aapt2FromMaven$Companion$create$1         : loaded 2 times (x 73B)
Class com.android.build.api.artifact.impl.OperationRequestsImplKt$toTransform$1       : loaded 2 times (x 73B)
Class com.android.build.gradle.internal.scope.InternalMultipleArtifactType$DEX        : loaded 2 times (x 72B)
Class org.jetbrains.kotlin.gradle.plugin.sources.FragmentConsistencyChecks$languageVersionCheck$2: loaded 2 times (x 76B)
Class com.android.build.gradle.internal.dsl.BundleOptions$AgpDecorated                : loaded 2 times (x 123B)
Class org.gradle.internal.agents.InstrumentingClassLoader                             : loaded 2 times (x 68B)
Class org.gradle.internal.installation.CurrentGradleInstallationLocator               : loaded 2 times (x 69B)
Class com.android.build.api.component.impl.TestComponentImpl                          : loaded 2 times (x 203B)
Class org.jetbrains.kotlin.gradle.plugin.AndroidProjectHandler$wireExtensionOptionsToCompilation$1: loaded 2 times (x 77B)
Class org.jetbrains.kotlin.metadata.ProtoBuf$VersionRequirement$Level$1               : loaded 2 times (x 72B)
Class com.android.sdklib.BuildToolInfo                                                : loaded 2 times (x 74B)
Class com.android.build.gradle.internal.EnvironmentVariablesPropertiesFactory         : loaded 2 times (x 69B)
Class com.android.build.gradle.tasks.CommandLineArgumentProviderAdapter               : loaded 2 times (x 73B)
Class com.android.build.gradle.internal.scope.InternalArtifactType$UNIT_TEST_CODE_COVERAGE: loaded 2 times (x 72B)
Class com.android.build.api.artifact.InAndOutDirectoryOperationRequest                : loaded 2 times (x 68B)
Class com.android.build.api.component.impl.DeviceTestImpl$manifestPlaceholdersCreationConfig$2: loaded 2 times (x 77B)
Class org.jetbrains.kotlin.gradle.utils.WhenKaptEnabledKt                             : loaded 2 times (x 69B)
Class org.jetbrains.kotlin.gradle.plugin.internal.KotlinTestReportCompatibilityHelper$KotlinTestReportCompatibilityHelperVariantFactory: loaded 2 times (x 68B)
Class com.android.build.api.artifact.impl.SingleArtifactContainer$initArtifactContainer$1: loaded 2 times (x 77B)
Class [Lcom.android.sdklib.repository.legacy.remote.internal.DownloadCache$Strategy;  : loaded 2 times (x 67B)
Class org.gradle.api.internal.classpath.Module                                        : loaded 2 times (x 68B)
Class [Lorg.jetbrains.kotlin.build.report.metrics.BuildAttributeKind;                 : loaded 2 times (x 67B)
Class com.android.build.gradle.internal.dsl.CommonExtensionImpl                       : loaded 2 times (x 312B)
Class org.jetbrains.kotlin.gradle.tasks.DefaultKotlinJavaToolchain$wireJvmTargetToToolchain$1$1: loaded 2 times (x 76B)
Class com.android.build.gradle.internal.SdkType                                       : loaded 2 times (x 77B)
Class com.android.sdklib.repository.legacy.remote.internal.DownloadCache$Strategy     : loaded 2 times (x 77B)
Class com.android.build.api.component.analytics.AnalyticsEnabledLibraryVariant        : loaded 2 times (x 189B)
Class com.android.build.gradle.internal.dependency.MockableJarTransform$Inject1       : loaded 2 times (x 107B)
Class com.android.build.gradle.internal.DependencyConfigurator$Companion              : loaded 2 times (x 69B)
Class com.android.build.gradle.internal.dependency.SubtractingArtifactCollection$SubtractingArtifactResult$removedFiles$1: loaded 2 times (x 77B)
Class com.android.build.gradle.internal.dependency.VariantDependencies$computeLocalFileDependencies$dependencies$1: loaded 2 times (x 73B)
Class com.android.build.gradle.internal.core.MergedExternalNativeNdkBuildOptions      : loaded 2 times (x 84B)
Class com.android.build.api.attributes.AgpVersionAttr$Companion                       : loaded 2 times (x 69B)
Class com.android.tools.analytics.HostData$osBean$2                                   : loaded 2 times (x 76B)
Class com.android.build.gradle.internal.scope.InternalMultipleArtifactType$EXTERNAL_LIBS_DEX: loaded 2 times (x 72B)
Class com.android.build.gradle.internal.utils.D8BackportedMethodsGenerator$Parameters : loaded 2 times (x 68B)
Class com.google.protobuf.Utf8$SafeProcessor                                          : loaded 2 times (x 75B)
Class com.android.build.gradle.api.BaseVariant$getFlavorName                          : loaded 2 times (x 150B)
Class com.google.common.io.ByteSource$ByteArrayByteSource                             : loaded 2 times (x 83B)
Class javax.activation.DataHandler                                                    : loaded 2 times (x 90B)
Class com.android.build.gradle.internal.dsl.PostProcessingBlock$1                     : loaded 2 times (x 69B)
Class com.android.prefs.Global                                                        : loaded 2 times (x 78B)
Class Dependency_version_checker_gradle$special$$inlined$apply$1                      : loaded 2 times (x 72B)
Class com.android.build.gradle.internal.lint.SourceProviderInput_Decorated            : loaded 2 times (x 159B)
Class com.android.build.gradle.internal.ide.dependencies.ArtifactCollectionsInputsImpl: loaded 2 times (x 81B)
Class com.sun.xml.bind.v2.runtime.unmarshaller.SAXConnector$TagNameImpl               : loaded 2 times (x 73B)
Class com.android.build.gradle.internal.dependency.SubtractingArtifactCollection$SubtractingArtifactResult$fileCollection$1: loaded 2 times (x 77B)
Class com.google.protobuf.Internal$IntList                                            : loaded 2 times (x 68B)
Class com.android.build.gradle.internal.core.dsl.TestedVariantDslInfo                 : loaded 2 times (x 68B)
Class com.android.build.gradle.internal.scope.InternalArtifactType$EXTERNAL_FILE_LIB_DEX_ARCHIVES: loaded 2 times (x 72B)
Class com.google.common.collect.ImmutableSortedSet                                    : loaded 2 times (x 233B)
Class com.android.repository.impl.generated.v1.RemotePackage                          : loaded 2 times (x 155B)
Class com.android.build.gradle.internal.dsl.LibraryPublishingImpl$AgpDecorated_Decorated: loaded 2 times (x 140B)
Class com.android.build.gradle.internal.core.SettingsOptions                          : loaded 2 times (x 70B)
Class org.jetbrains.org.objectweb.asm.ClassReader                                     : loaded 2 times (x 90B)
Class [Lcom.google.protobuf.WireFormat$JavaType;                                      : loaded 2 times (x 67B)
Class com.android.build.gradle.internal.scope.InternalArtifactType$COMPILE_AND_RUNTIME_NOT_NAMESPACED_R_CLASS_JAR: loaded 2 times (x 72B)
Class com.android.build.gradle.internal.scope.InternalArtifactType$NESTED_RESOURCES_VALIDATION_REPORT: loaded 2 times (x 72B)
Class com.android.build.gradle.internal.core.MergedFlavor                             : loaded 2 times (x 201B)
Class com.android.build.gradle.internal.variant.VariantModel                          : loaded 2 times (x 68B)
Class com.android.build.api.variant.impl.ManifestFilesImpl$all$1                      : loaded 2 times (x 72B)
Class com.sun.xml.bind.v2.model.impl.AnyTypeImpl                                      : loaded 2 times (x 87B)
Class com.android.sdklib.OptionalLibrary                                              : loaded 2 times (x 68B)
Class com.android.build.gradle.internal.DependencyConfigurator$configureGeneralTransforms$1: loaded 2 times (x 77B)
Class com.android.build.gradle.ProguardFiles                                          : loaded 2 times (x 69B)
Class com.android.build.gradle.internal.dsl.ProductFlavorFactory                      : loaded 2 times (x 75B)
Class org.jetbrains.kotlin.gradle.tasks.FailedCompilationException                    : loaded 2 times (x 80B)
Class com.sun.xml.bind.v2.model.core.ErrorHandler                                     : loaded 2 times (x 68B)
Class com.android.build.gradle.internal.DependencyConfigurator$configureGeneralTransforms$2: loaded 2 times (x 77B)
Class com.android.build.api.variant.impl.FlatSourceDirectoriesImpl$addStaticSource$1  : loaded 2 times (x 73B)
Class com.android.build.gradle.internal.dsl.ViewBindingOptionsImpl                    : loaded 2 times (x 82B)
Class com.android.build.gradle.internal.ide.dependencies.LibraryDependencyCacheBuildService$RegistrationAction: loaded 2 times (x 72B)
Class com.sun.xml.bind.v2.model.core.PropertyInfo                                     : loaded 2 times (x 68B)
Class com.sun.xml.bind.v2.model.impl.RuntimeBuiltinLeafInfoImpl$1                     : loaded 2 times (x 74B)
Class com.android.build.api.variant.impl.SigningConfigImpl$storeType$1                : loaded 2 times (x 73B)
Class com.google.protobuf.Descriptors$FileDescriptor                                  : loaded 2 times (x 74B)
Class net.rubygrapefruit.platform.internal.NativeLibraryLoader                        : loaded 2 times (x 71B)
Class com.google.common.collect.MapMakerInternalMap$Segment                           : loaded 2 times (x 140B)
Class org.jetbrains.kotlin.gradle.tasks.KotlinCompile$androidLayoutResources$1        : loaded 2 times (x 76B)
Class com.android.sdklib.repository.generated.repository.v2.SourceDetailsType         : loaded 2 times (x 104B)
Class [Lcom.sun.xml.bind.v2.model.impl.PropertyInfoImpl;                              : loaded 2 times (x 67B)
Class com.sun.xml.bind.v2.model.impl.RuntimeBuiltinLeafInfoImpl$2                     : loaded 2 times (x 134B)
Class org.jetbrains.kotlin.gradle.plugin.mpp.compilationImpl.KotlinCompilationSourceSetsContainerKt: loaded 2 times (x 69B)
Class com.android.build.gradle.internal.DependencyConfigurator$configureGeneralTransforms$4: loaded 2 times (x 73B)
Class com.android.build.gradle.tasks.JavaPreCompileTask$CreationAction                : loaded 2 times (x 88B)
Class com.android.tools.build.jetifier.core.utils.Log                                 : loaded 2 times (x 69B)
Class org.jetbrains.kotlin.gradle.report.BuildReportMode                              : loaded 2 times (x 77B)
Class com.android.build.gradle.internal.dsl.AnnotationProcessorOptions$AgpDecorated_Decorated: loaded 2 times (x 151B)
Class com.android.build.gradle.internal.model.CoreCmakeOptions                        : loaded 2 times (x 68B)
Class com.android.build.api.variant.HasUnitTest                                       : loaded 2 times (x 68B)
Class com.android.build.gradle.internal.dependency.VersionedCodeShrinker              : loaded 2 times (x 70B)
Class com.sun.xml.bind.v2.runtime.Name                                                : loaded 2 times (x 73B)
Class com.sun.xml.bind.v2.model.impl.RuntimeBuiltinLeafInfoImpl$3                     : loaded 2 times (x 134B)
Class com.android.build.gradle.internal.DependencyConfigurator$configureGeneralTransforms$5: loaded 2 times (x 73B)
Class com.android.build.gradle.internal.dsl.InitWithUtilKt                            : loaded 2 times (x 69B)
Class com.android.build.gradle.internal.profile.ProjectData                           : loaded 2 times (x 70B)
Class com.sun.xml.bind.v2.util.FlattenIterator                                        : loaded 2 times (x 77B)
Class com.android.build.gradle.internal.res.GenerateLibraryRFileTask_Decorated        : loaded 2 times (x 397B)
Class com.sun.xml.bind.v2.model.impl.RuntimeBuiltinLeafInfoImpl$4                     : loaded 2 times (x 134B)
Class com.android.build.gradle.internal.DependencyConfigurator$configureGeneralTransforms$6: loaded 2 times (x 73B)
Class com.android.build.gradle.internal.lint.LintModelWriterTask                      : loaded 2 times (x 325B)
Class com.android.build.gradle.internal.SdkComponentsBuildService$VersionedNdkHandler : loaded 2 times (x 70B)
Class com.android.build.gradle.internal.dsl.ManagedVirtualDevice                      : loaded 2 times (x 99B)
Class [Lcom.google.wireless.android.sdk.stats.AndroidStudioEvent$IdeBrand;            : loaded 2 times (x 67B)
Class com.sun.xml.bind.v2.model.impl.RuntimeBuiltinLeafInfoImpl$5                     : loaded 2 times (x 134B)
Class com.android.build.gradle.internal.DependencyConfigurator$configureGeneralTransforms$7: loaded 2 times (x 77B)
Class com.android.build.gradle.internal.tasks.DexMergingTask$CreationAction$handleProvider$1: loaded 2 times (x 125B)
Class com.android.build.api.component.analytics.AnalyticsEnabledVariantBuilder        : loaded 2 times (x 128B)
Class com.android.build.gradle.internal.services.Aapt2ThreadPoolBuildServiceKt        : loaded 2 times (x 69B)
Class org.jetbrains.kotlin.build.SourcesUtilsKt                                       : loaded 2 times (x 69B)
Class com.sun.xml.bind.v2.model.annotation.XmlElementDeclQuick                        : loaded 2 times (x 94B)
Class com.sun.xml.bind.v2.model.impl.RuntimeBuiltinLeafInfoImpl$6                     : loaded 2 times (x 134B)
Class com.android.build.gradle.internal.DependencyConfigurator$configureGeneralTransforms$8: loaded 2 times (x 73B)
Class com.android.build.api.dsl.BundleLanguage                                        : loaded 2 times (x 68B)
Class org.jetbrains.org.objectweb.asm.Opcodes                                         : loaded 2 times (x 68B)
Class com.android.builder.model.level2.DependencyGraphs                               : loaded 2 times (x 68B)
Class com.sun.xml.bind.v2.runtime.FilterTransducer                                    : loaded 2 times (x 86B)
Class com.sun.xml.bind.v2.model.impl.RuntimeBuiltinLeafInfoImpl$7                     : loaded 2 times (x 134B)
Class com.android.build.gradle.internal.DependencyConfigurator$configureGeneralTransforms$9: loaded 2 times (x 73B)
Class com.android.build.api.variant.impl.LayeredSourceDirectoriesImpl$addAll$1        : loaded 2 times (x 73B)
Class com.android.build.gradle.internal.res.LinkApplicationAndroidResourcesTask$CreationAction: loaded 2 times (x 94B)
Class com.google.gson.internal.bind.DateTypeAdapter                                   : loaded 2 times (x 72B)
Class org.jetbrains.kotlin.protobuf.CodedOutputStream$ByteBufferOutputStream          : loaded 2 times (x 84B)
Class com.android.repository.impl.meta.Archive$PatchType                              : loaded 2 times (x 79B)
Class com.sun.xml.bind.v2.model.impl.RuntimeBuiltinLeafInfoImpl$8                     : loaded 2 times (x 134B)
Class com.android.sdklib.repository.meta.DetailsTypes$AddonDetailsType                : loaded 2 times (x 68B)
Class org.jetbrains.kotlin.gradle.plugin.mpp.compilationImpl.KotlinCompilationAssociatorKt$addAllDependenciesFromOtherConfigurations$1: loaded 2 times (x 77B)
Class com.google.wireless.android.sdk.stats.GradleBuildSplits$Builder                 : loaded 2 times (x 315B)
Class build_76zswgdv84dfuch5vtsglpx8q$_run_closure1$_closure2                         : loaded 2 times (x 137B)
Class com.google.protobuf.Writer                                                      : loaded 2 times (x 68B)
Class com.sun.xml.bind.v2.model.impl.RuntimeBuiltinLeafInfoImpl$9                     : loaded 2 times (x 134B)
Class com.android.build.gradle.internal.tasks.MergeNativeDebugMetadataTask            : loaded 2 times (x 323B)
Class org.jetbrains.kotlin.gradle.plugin.sources.android.configurator.MultiplatformLayoutV2DependsOnConfigurator: loaded 2 times (x 73B)
Class build_76zswgdv84dfuch5vtsglpx8q$_run_closure1$_closure3                         : loaded 2 times (x 137B)
Class com.android.repository.api.RepoManager                                          : loaded 2 times (x 92B)
Class org.jetbrains.kotlin.gradle.utils.ParsedGradleVersion$Companion                 : loaded 2 times (x 69B)
Class com.android.build.gradle.internal.variant.VariantPathHelper$renderscriptObjOutputDir$2: loaded 2 times (x 77B)
Class com.google.protobuf.DescriptorProtos$EnumDescriptorProtoOrBuilder               : loaded 2 times (x 68B)
Class com.android.tools.analytics.AnalyticsPaths                                      : loaded 2 times (x 69B)
Class com.android.build.gradle.internal.res.Aapt2FromMaven$Companion$Aapt2Version     : loaded 2 times (x 69B)
Class com.android.tools.build.jetifier.processor.transform.Transformer                : loaded 2 times (x 68B)
Class com.sun.xml.bind.v2.runtime.unmarshaller.Loader                                 : loaded 2 times (x 75B)
Class com.android.sdklib.repository.generated.repository.v1.ObjectFactory             : loaded 2 times (x 77B)
Class com.android.build.api.variant.AarMetadata_Decorated                             : loaded 2 times (x 138B)
Class com.android.build.gradle.internal.testing.TestData                              : loaded 2 times (x 68B)
Class com.android.build.gradle.internal.AndroidTestTaskManager$createTopLevelTasks$4  : loaded 2 times (x 73B)
Class javax.xml.bind.UnmarshalException                                               : loaded 2 times (x 83B)
Class com.android.build.gradle.options.ProjectOptionService$Params_Decorated          : loaded 2 times (x 132B)
Class org.jetbrains.kotlin.build.report.metrics.ValueType                             : loaded 2 times (x 77B)
Class com.sun.xml.bind.v2.model.impl.ElementInfoImpl$PropertyImpl                     : loaded 2 times (x 131B)
Class com.android.build.api.component.impl.ComponentUtils                             : loaded 2 times (x 69B)
Class com.android.build.api.variant.impl.FileEntry                                    : loaded 2 times (x 68B)
Class com.android.build.gradle.internal.lint.LintModelWriterTask$Companion            : loaded 2 times (x 69B)
Class com.android.build.gradle.internal.tasks.ExpandArtProfileWildcardsTask$CreationAction: loaded 2 times (x 88B)
Class com.google.wireless.android.sdk.stats.TestRun$TestExecution                     : loaded 2 times (x 85B)
Class org.jetbrains.kotlin.gradle.plugin.sources.android.KotlinAndroidSourceSetLayoutExtensionKt: loaded 2 times (x 69B)
Class com.android.build.gradle.internal.core.dsl.impl.features.OptimizationDslInfoImpl$WhenMappings: loaded 2 times (x 69B)
Class com.sun.xml.bind.v2.model.core.NonElement                                       : loaded 2 times (x 68B)
Class com.android.build.gradle.tasks.GenerateBuildConfig$CreationAction$handleProvider$2: loaded 2 times (x 125B)
Class com.android.build.gradle.internal.tasks.LintModelMetadataTask$Companion$registerOutputArtifacts$1: loaded 2 times (x 125B)
Class com.android.tools.analytics.HostData$runtimeBean$2                              : loaded 2 times (x 76B)
Class com.android.build.gradle.tasks.BundleAar$LibraryLocalLintCreationAction$handleProvider$1: loaded 2 times (x 125B)
Class com.android.build.gradle.internal.scope.BuildArtifactSpec$Companion             : loaded 2 times (x 69B)
Class com.android.build.api.component.impl.features.InstrumentationCreationConfigImpl$instrumentation$2: loaded 2 times (x 77B)
Class com.android.build.gradle.internal.manifest.ManifestDataProvider                 : loaded 2 times (x 68B)
Class com.android.build.gradle.TestedExtension                                        : loaded 2 times (x 217B)
Class org.gradle.internal.service.CachingServiceLocator                               : loaded 2 times (x 80B)
Class com.android.build.gradle.internal.TaskManager$AbstractPreBuildCreationAction    : loaded 2 times (x 89B)
Class [Lorg.jetbrains.kotlin.gradle.targets.js.KotlinJsCompilerAttribute;             : loaded 2 times (x 67B)
Class com.android.build.api.artifact.Artifact$Category                                : loaded 2 times (x 77B)
Class com.android.build.gradle.internal.lint.ProjectInputs$initializeFromProject$1    : loaded 2 times (x 72B)
Class com.android.build.gradle.internal.tasks.LintModelMetadataTask$CreationAction    : loaded 2 times (x 88B)
Class org.jetbrains.kotlin.gradle.plugin.AndroidTestedVariantArtifactsFilter          : loaded 2 times (x 73B)
Class com.android.build.gradle.internal.tasks.AsarsToCompatSplitsTask                 : loaded 2 times (x 331B)
Class com.google.wireless.android.sdk.stats.ApiVersion$1                              : loaded 2 times (x 149B)
Class org.jetbrains.kotlin.gradle.plugin.KotlinPlatformType$Companion                 : loaded 2 times (x 69B)
Class com.android.build.gradle.internal.dsl.JavaCompileOptions$AgpDecorated_Decorated : loaded 2 times (x 132B)
Class com.android.build.gradle.internal.dsl.decorator.DslDecorator$findAbstractProperties$1$2: loaded 2 times (x 76B)
Class org.jetbrains.kotlin.descriptors.DescriptorVisibility                           : loaded 2 times (x 75B)
Class com.android.build.gradle.internal.EmulatorComponents$Companion$build$fileExists$1: loaded 2 times (x 73B)
Class com.android.sdklib.repository.legacy.LegacyDownloader                           : loaded 2 times (x 82B)
Class com.android.build.gradle.internal.services.Aapt2Input                           : loaded 2 times (x 68B)
Class com.android.build.gradle.internal.scope.InternalArtifactType$COMPRESSED_ASSETS  : loaded 2 times (x 72B)
Class org.jetbrains.kotlin.gradle.plugin.AndroidGradlePluginVersion$Companion         : loaded 2 times (x 69B)
Class com.android.build.gradle.internal.dsl.BundleOptionsAbi$AgpDecorated_Decorated   : loaded 2 times (x 127B)
Class com.android.build.gradle.internal.api.LazyAndroidSourceSet                      : loaded 2 times (x 70B)
Class com.android.build.gradle.internal.dsl.decorator.DslDecorator$findAbstractProperties$1$3: loaded 2 times (x 76B)
Class org.jetbrains.org.objectweb.asm.ModuleWriter                                    : loaded 2 times (x 79B)
Class [Lcom.android.build.api.component.impl.LifecycleTasksImpl$LifecycleEvent;       : loaded 2 times (x 67B)
Class com.android.build.gradle.tasks.MergeSourceSetFolders$MergeAppAssetCreationAction$handleProvider$1: loaded 2 times (x 125B)
Class com.android.build.gradle.internal.dsl.BundleOptionsCodeTransparency$AgpDecorated: loaded 2 times (x 79B)
Class com.android.build.gradle.internal.DefaultConfigData                             : loaded 2 times (x 70B)
Class com.android.build.gradle.internal.VariantTaskManager$addBindingDependenciesIfNecessary$viewBindingEnabled$1: loaded 2 times (x 78B)
Class com.android.build.gradle.internal.scope.InternalArtifactType$LINT_MODEL         : loaded 2 times (x 72B)
Class com.android.build.api.component.impl.DeviceTestImpl$dexing$2                    : loaded 2 times (x 77B)
Class org.jetbrains.kotlin.gradle.tooling.BuildKotlinToolingMetadataTaskKt            : loaded 2 times (x 69B)
Class org.jetbrains.kotlin.statistics.BuildSessionLogger                              : loaded 2 times (x 75B)
Class [Lcom.android.build.gradle.options.OptionalBooleanOption;                       : loaded 2 times (x 67B)
Class com.sun.xml.bind.v2.runtime.property.PropertyFactory                            : loaded 2 times (x 69B)
Class com.android.build.api.variant.impl.FilterConfigurationImpl                      : loaded 2 times (x 74B)
Class com.android.build.api.variant.MultiOutputHandler                                : loaded 2 times (x 68B)
Class com.android.build.gradle.internal.tasks.CompileArtProfileTask$CreationAction$handleProvider$1: loaded 2 times (x 125B)
Class com.android.tools.build.jetifier.processor.transform.TransformationContext      : loaded 2 times (x 70B)
Class com.android.tools.build.jetifier.core.pom.PomDependency                         : loaded 2 times (x 70B)
Class com.android.build.gradle.internal.api.artifact.SourceArtifactType$BASELINE_PROFILES: loaded 2 times (x 72B)
Class com.android.build.gradle.internal.dsl.ExternalNativeBuildOptions                : loaded 2 times (x 91B)
Class com.sun.xml.bind.v2.runtime.unmarshaller.UnmarshallingContext$ExpectedTypeRootLoader: loaded 2 times (x 78B)
Class com.android.build.gradle.internal.tasks.CompileArtProfileTask$CreationAction$handleProvider$2: loaded 2 times (x 125B)
Class com.android.sdklib.repository.generated.addon.v2.LibrariesType                  : loaded 2 times (x 73B)
Class com.android.build.gradle.internal.dependency.DexingOutputSplitTransform$Parameters_Decorated: loaded 2 times (x 137B)
Class com.android.build.gradle.internal.tasks.CompileArtProfileTask$CreationAction$handleProvider$3: loaded 2 times (x 125B)
Class org.jetbrains.kotlin.statistics.metrics.BooleanOverridePolicy                   : loaded 2 times (x 83B)
Class com.android.build.api.artifact.ArtifactKind$DIRECTORY                           : loaded 2 times (x 70B)
Class net.rubygrapefruit.platform.internal.Platform$Linux64Bit                        : loaded 2 times (x 81B)
Class com.android.build.gradle.internal.core.MergedAarMetadata                        : loaded 2 times (x 82B)
Class com.android.build.gradle.internal.tasks.CompileArtProfileTask$CreationAction$handleProvider$4: loaded 2 times (x 125B)
Class com.android.tools.build.jetifier.processor.transform.proguard.patterns.PatternHelper: loaded 2 times (x 69B)
Class com.google.wireless.android.sdk.stats.AsmFramesComputationModeUpdate            : loaded 2 times (x 192B)
Class com.android.build.gradle.internal.dsl.BundleOptionsDeviceTier$AgpDecorated_Decorated: loaded 2 times (x 132B)
Class com.android.build.gradle.internal.dsl.AbstractPublishing                        : loaded 2 times (x 71B)
Class com.android.build.gradle.internal.dependency.ExtractProGuardRulesTransform$Inject1: loaded 2 times (x 107B)
Class org.jetbrains.kotlin.metadata.ProtoBuf$Type$Argument$Projection$1               : loaded 2 times (x 72B)
Class org.objectweb.asm.Handle                                                        : loaded 2 times (x 70B)
Class com.android.build.gradle.internal.profile.WorkerProfilingRecord                 : loaded 2 times (x 70B)
Class com.sun.xml.bind.v2.runtime.unmarshaller.UnmarshallingContext$State             : loaded 2 times (x 70B)
Class javax.xml.bind.annotation.XmlInlineBinaryData                                   : loaded 2 times (x 68B)
Class com.android.build.gradle.internal.tasks.ExtractNativeDebugMetadataTask$SymbolTableCreationAction$handleProvider$1: loaded 2 times (x 125B)
Class com.android.tools.build.jetifier.core.pom.DependencyVersionsMap$Companion       : loaded 2 times (x 69B)
Class com.android.build.gradle.internal.profile.AnalyticsConfiguratorService$RegistrationAction: loaded 2 times (x 72B)
Class com.android.build.gradle.internal.NdkHandlerInput                               : loaded 2 times (x 71B)
Class com.android.build.gradle.internal.tasks.DexArchiveBuilderTask                   : loaded 2 times (x 337B)
Class [Lcom.android.repository.Revision$Precision;                                    : loaded 2 times (x 67B)
Class com.android.build.gradle.internal.component.VariantCreationConfig               : loaded 2 times (x 68B)
Class Dependency_version_checker_gradle$Version                                       : loaded 2 times (x 72B)
Class com.android.build.gradle.internal.tasks.MergeJavaResourceTaskKt                 : loaded 2 times (x 69B)
Class com.android.build.gradle.internal.LibraryTaskManager$MergeResourceCallback$handleProvider$1: loaded 2 times (x 125B)
Class FlutterPlugin$_detectLowCompileSdkVersionOrNdkVersion_closure21                 : loaded 2 times (x 133B)
Class com.android.build.gradle.internal.TaskManager$MergeType                         : loaded 2 times (x 78B)
Class com.android.build.gradle.internal.tasks.ExtractProfilerNativeDependenciesTask$CreationAction: loaded 2 times (x 88B)
Class com.android.build.gradle.internal.dependency.ConstraintHandler                  : loaded 2 times (x 69B)
Class com.google.wireless.android.sdk.stats.GradleBuildProject$PluginGeneration$1     : loaded 2 times (x 74B)
Class com.google.common.collect.AbstractMapBasedMultimap$AsMap                        : loaded 2 times (x 126B)
Class com.android.tools.lint.model.LintModelArtifactType                              : loaded 2 times (x 77B)
Class com.android.build.api.variant.MultiOutputHandler$Companion                      : loaded 2 times (x 69B)
Class com.android.build.gradle.internal.cxx.logging.PassThroughRecordingLoggingEnvironment: loaded 2 times (x 81B)
Class com.android.SdkConstants                                                        : loaded 2 times (x 69B)
Class org.gradle.internal.classpath.DefaultClassPath                                  : loaded 2 times (x 88B)
Class org.jetbrains.kotlin.descriptors.CallableMemberDescriptor$Kind                  : loaded 2 times (x 77B)
Class org.jetbrains.kotlin.incremental.ChangedFiles                                   : loaded 2 times (x 69B)
Class com.android.build.gradle.internal.scope.InternalArtifactType$GLOBAL_SYNTHETICS_FILE_LIB: loaded 2 times (x 72B)
Class com.android.build.gradle.internal.scope.InternalArtifactType$SOURCE_JAR         : loaded 2 times (x 72B)
Class com.android.build.gradle.internal.DependencyConfigurator$configureVariantTransforms$2: loaded 2 times (x 73B)
Class com.android.build.api.variant.JniLibsTestedApkPackaging                         : loaded 2 times (x 68B)
Class com.google.gson.JsonObject                                                      : loaded 2 times (x 91B)
Class com.android.build.api.variant.impl.SigningConfigImpl                            : loaded 2 times (x 77B)
Class com.google.protobuf.ProtocolStringList                                          : loaded 2 times (x 68B)
Class org.jetbrains.kotlin.metadata.jvm.deserialization.JvmNameResolverBase           : loaded 2 times (x 78B)
Class com.android.build.gradle.internal.DependencyConfigurator$configureVariantTransforms$3: loaded 2 times (x 73B)
Class com.android.build.gradle.internal.scope.InternalArtifactType$LINT_SARIF_REPORT  : loaded 2 times (x 72B)
Class com.android.build.api.variant.impl.ResourcesApkPackagingImpl$excludes$1         : loaded 2 times (x 73B)
Class org.jetbrains.kotlin.descriptors.Visibilities$Private                           : loaded 2 times (x 77B)
Class com.google.common.collect.AbstractSetMultimap                                   : loaded 2 times (x 172B)
Class org.jetbrains.kotlin.gradle.tasks.configuration.BaseKotlinCompileConfig$2$1$1$1 : loaded 2 times (x 76B)
Class com.android.build.gradle.internal.scope.BootClasspathBuilder$computeClasspath$1$1: loaded 2 times (x 77B)
Class org.jetbrains.kotlin.statistics.fileloggers.FileRecordLogger                    : loaded 2 times (x 79B)
Class com.android.build.api.component.impl.DefaultSourcesProviderImpl$getShaders$1    : loaded 2 times (x 76B)
Class com.android.build.gradle.internal.tasks.SigningConfigVersionsWriterTask         : loaded 2 times (x 328B)
Class com.android.build.gradle.internal.tasks.NdkTask                                 : loaded 2 times (x 328B)
Class com.android.build.gradle.api.AndroidBasePlugin                                  : loaded 2 times (x 72B)
Class com.google.protobuf.Descriptors$EnumValueDescriptor                             : loaded 2 times (x 77B)
Class org.jetbrains.kotlin.gradle.plugin.KotlinBasePlugin                             : loaded 2 times (x 68B)
Class com.google.common.collect.MapMakerInternalMap$1                                 : loaded 2 times (x 81B)
Class org.jetbrains.kotlin.gradle.tasks.configuration.BaseKotlinCompileConfig$2$1$1$2 : loaded 2 times (x 76B)
Class com.android.repository.impl.generated.generic.v2.ObjectFactory                  : loaded 2 times (x 73B)
Class com.android.build.gradle.internal.DependencyConfigurator$configureVariantTransforms$5: loaded 2 times (x 73B)
Class com.android.build.gradle.internal.tasks.ExtractNativeDebugMetadataTask          : loaded 2 times (x 328B)
Class com.android.build.gradle.api.BaseVariant                                        : loaded 2 times (x 68B)
Class com.google.protobuf.DescriptorProtos$EnumValueDescriptorProto$1                 : loaded 2 times (x 149B)
Class org.jetbrains.kotlin.statistics.metrics.BooleanMetrics                          : loaded 2 times (x 78B)
Class com.android.builder.model.ClassField                                            : loaded 2 times (x 68B)
Class com.sun.xml.bind.v2.runtime.unmarshaller.LocatorExWrapper                       : loaded 2 times (x 84B)
Class com.sun.xml.bind.v2.model.impl.SingleTypePropertyInfoImpl                       : loaded 2 times (x 111B)
Class com.android.build.gradle.internal.tasks.AppMetadataTask$Companion               : loaded 2 times (x 69B)
Class com.android.build.gradle.internal.api.DefaultAndroidSourceSet_Decorated         : loaded 2 times (x 278B)
Class com.android.build.api.variant.GeneratesApk                                      : loaded 2 times (x 68B)
Class com.android.build.gradle.internal.dsl.ValidationUtilKt                          : loaded 2 times (x 69B)
Class [Lorg.jetbrains.kotlin.metadata.ProtoBuf$Annotation$Argument$Value$Type;        : loaded 2 times (x 67B)
Class javax.xml.bind.ServiceLoaderUtil                                                : loaded 2 times (x 69B)
Class com.android.build.api.variant.impl.BuiltArtifactsImpl                           : loaded 2 times (x 84B)
Class com.android.build.gradle.options.ApiStage$Deprecated                            : loaded 2 times (x 70B)
Class org.jetbrains.kotlin.build.report.metrics.BuildTime$Companion                   : loaded 2 times (x 69B)
Class com.sun.xml.bind.v2.runtime.reflect.NullSafeAccessor                            : loaded 2 times (x 83B)
Class org.jetbrains.kotlin.gradle.plugin.mpp.KotlinNativeTarget                       : loaded 2 times (x 141B)
Class com.android.build.gradle.internal.tasks.SigningConfigWriterTask                 : loaded 2 times (x 325B)
Class com.android.build.gradle.internal.manifest.LazyManifestParser                   : loaded 2 times (x 74B)
Class org.jetbrains.kotlin.gradle.plugin.KotlinGradleBuildServices$detectKotlinPluginLoadedInMultipleProjects$onRegister$1: loaded 2 times (x 77B)
Class com.android.build.api.dsl.AaptOptions                                           : loaded 2 times (x 68B)
Class com.android.build.gradle.internal.dependency.JetifyTransform$Parameters_Decorated: loaded 2 times (x 137B)
Class com.android.build.gradle.internal.res.GenerateApiPublicTxtTask                  : loaded 2 times (x 324B)
Class com.android.build.api.variant.impl.TaskProviderBasedDirectoryEntryImpl$asFiles$1: loaded 2 times (x 72B)
Class com.google.gson.internal.ReflectionAccessFilterHelper                           : loaded 2 times (x 69B)
Class com.android.build.gradle.internal.dsl.KeepRulesImpl                             : loaded 2 times (x 82B)
Class org.jetbrains.org.objectweb.asm.FieldVisitor                                    : loaded 2 times (x 74B)
Class FlutterPlugin$_detectLowCompileSdkVersionOrNdkVersion_closure21$_closure63$_closure64: loaded 2 times (x 134B)
Class com.android.build.api.variant.impl.ArtifactMetadataProcessor                    : loaded 2 times (x 69B)
Class com.android.tools.r8.internal.Pl0                                               : loaded 2 times (x 71B)
Class com.android.build.api.variant.impl.ApkPackagingImpl                             : loaded 2 times (x 87B)
Class [Lorg.jetbrains.kotlin.gradle.report.BuildReportType;                           : loaded 2 times (x 67B)
Class com.android.build.gradle.internal.AndroidTestTaskManager$createTopLevelTasks$3  : loaded 2 times (x 72B)
Class com.android.Version                                                             : loaded 2 times (x 69B)
Class org.jetbrains.kotlin.cli.common.messages.CompilerMessageSeverity                : loaded 2 times (x 77B)
Class com.android.build.api.component.analytics.AnalyticsEnabledAndroidTest           : loaded 2 times (x 172B)
Class com.android.ide.common.resources.AssetSet                                       : loaded 2 times (x 113B)
Class org.jetbrains.kotlin.gradle.internal.StdlibDependencyManagementKt               : loaded 2 times (x 69B)
Class com.android.build.gradle.internal.plugins.BasePlugin$buildOutputs$2             : loaded 2 times (x 77B)
Class com.android.build.gradle.internal.dependency.DexingOutputSplitTransform         : loaded 2 times (x 76B)
Class com.android.build.gradle.internal.lint.AndroidLintAnalysisTask$initializeGlobalInputs$1: loaded 2 times (x 72B)
Class [Lcom.android.tools.lint.model.LintModelModuleType;                             : loaded 2 times (x 67B)
Class com.android.sdklib.repository.generated.repository.v2.package-info              : loaded 2 times (x 68B)
Class com.android.build.gradle.internal.DependencyConfigurator$configureVariantTransforms$2$1: loaded 2 times (x 73B)
Class com.google.gson.internal.LinkedTreeMap                                          : loaded 2 times (x 121B)
Class com.google.gson.internal.UnsafeAllocator                                        : loaded 2 times (x 70B)
Class com.android.build.api.variant.impl.ApplicationVariantImpl$dependenciesInfo$2    : loaded 2 times (x 77B)
Class com.android.build.gradle.internal.variant.VariantPathHelper$deploymentApkLocation$2: loaded 2 times (x 77B)
Class com.google.protobuf.ExtensionRegistryLite                                       : loaded 2 times (x 72B)
Class com.android.build.gradle.internal.lint.AndroidLintAnalysisTask$initializeGlobalInputs$2: loaded 2 times (x 72B)
Class com.android.tools.lint.model.LintModelVariant                                   : loaded 2 times (x 68B)
Class com.android.build.gradle.internal.SdkComponentsBuildService$Environment         : loaded 2 times (x 71B)
Class com.android.build.api.dsl.PrivacySandbox                                        : loaded 2 times (x 68B)
Class com.android.build.gradle.internal.services.VersionedSdkLoaderService$versionedSdkLoader$2$1: loaded 2 times (x 73B)
Class com.android.build.gradle.internal.dependency.JacocoInstrumentationService$RegistrationAction: loaded 2 times (x 72B)
Class com.google.wireless.android.sdk.stats.GradleIntegerOptionEntry                  : loaded 2 times (x 194B)
Class com.android.build.gradle.options.ApiStage$Stable                                : loaded 2 times (x 70B)
Class org.jetbrains.org.objectweb.asm.tree.VarInsnNode                                : loaded 2 times (x 77B)
Class com.google.common.collect.CollectCollectors                                     : loaded 2 times (x 69B)
Class com.android.build.gradle.internal.lint.AndroidLintAnalysisTask$initializeGlobalInputs$3: loaded 2 times (x 72B)
Class com.android.build.gradle.internal.dependency.SubtractingArtifactCollection$SubtractingArtifactResult$initFileCollection$1: loaded 2 times (x 73B)
Class com.android.build.api.artifact.SingleArtifact$MERGED_NATIVE_LIBS                : loaded 2 times (x 72B)
Class com.android.build.gradle.internal.TaskManager$WhenMappings                      : loaded 2 times (x 69B)
Class com.android.build.gradle.internal.tasks.CompressAssetsTask$CreationAction$handleProvider$1: loaded 2 times (x 125B)
Class com.android.build.gradle.internal.dsl.SdkComponentsImpl$adb$1                   : loaded 2 times (x 73B)
Class com.google.protobuf.Descriptors$OneofDescriptor                                 : loaded 2 times (x 74B)
Class com.google.protobuf.MessageLite$Builder                                         : loaded 2 times (x 68B)
Class org.jetbrains.kotlin.gradle.plugin.internal.state.TaskExecutionResults          : loaded 2 times (x 69B)
Class org.jetbrains.kotlin.protobuf.ExtensionRegistryLite                             : loaded 2 times (x 72B)
Class org.jetbrains.kotlin.gradle.internal.KotlinDependenciesManagementKt$sam$org_gradle_api_specs_Spec$0: loaded 2 times (x 73B)
Class com.sun.xml.bind.v2.model.annotation.XmlElementRefQuick                         : loaded 2 times (x 92B)
Class com.android.sdklib.repository.AndroidSdkHandler                                 : loaded 2 times (x 70B)
Class com.android.build.gradle.internal.tasks.featuresplit.FeatureSetMetadataWriterTask$CreationAction: loaded 2 times (x 88B)
Class org.jetbrains.kotlin.gradle.plugin.mpp.KotlinUsages$KotlinCinteropDisambiguation: loaded 2 times (x 74B)
Class org.jetbrains.kotlin.statistics.metrics.NumberOverridePolicy                    : loaded 2 times (x 83B)
Class com.android.build.api.dsl.VariantDimension                                      : loaded 2 times (x 68B)
Class build_u5f6y0k17qp529v99pa5n33$_run_closure1$_closure2                           : loaded 2 times (x 137B)
Class com.android.sdklib.repository.meta.DetailsTypes$ApiDetailsType                  : loaded 2 times (x 68B)
Class com.android.build.gradle.internal.tasks.factory.features.BuildConfigTaskCreationActionImpl: loaded 2 times (x 73B)
Class com.android.build.gradle.internal.dsl.PostProcessingBlock                       : loaded 2 times (x 118B)
Class build_u5f6y0k17qp529v99pa5n33$_run_closure1$_closure3                           : loaded 2 times (x 137B)
Class com.android.build.gradle.internal.services.LintParallelBuildServiceKt           : loaded 2 times (x 69B)
Class org.jetbrains.kotlin.build.report.metrics.BuildPerformanceMetric$Companion      : loaded 2 times (x 69B)
Class com.sun.xml.bind.v2.runtime.Transducer                                          : loaded 2 times (x 68B)
Class com.android.repository.impl.meta.RepoPackageImpl$Archives                       : loaded 2 times (x 70B)
Class com.android.build.gradle.internal.scope.BuildArtifactSpec                       : loaded 2 times (x 70B)
Class com.sun.xml.bind.v2.model.annotation.XmlElementRefsQuick                        : loaded 2 times (x 89B)
Class FlutterPlugin$_configurePluginDependencies_closure22$_closure65$_closure66      : loaded 2 times (x 134B)
Class com.android.build.api.dsl.ApplicationAndroidResources                           : loaded 2 times (x 68B)
Class [Lorg.jetbrains.kotlin.descriptors.DescriptorVisibility;                        : loaded 2 times (x 67B)
Class com.android.build.gradle.internal.tasks.MergeGeneratedProguardFilesCreationAction$configure$1: loaded 2 times (x 72B)
Class com.android.tools.lint.model.LintModelBuildFeatures                             : loaded 2 times (x 68B)
Class com.android.build.gradle.tasks.BundleAar$LibraryCreationAction$handleProvider$1$1: loaded 2 times (x 125B)
Class com.android.build.gradle.internal.scope.InternalArtifactType$LINT_MODEL_METADATA: loaded 2 times (x 72B)
Class com.android.build.gradle.internal.DependencyConfigurator                        : loaded 2 times (x 70B)
Class com.android.build.gradle.internal.core.dsl.impl.features.NativeBuildDslInfoImpl$mergeOptions$1: loaded 2 times (x 76B)
Class com.android.build.api.attributes.AgpVersionAttr                                 : loaded 2 times (x 68B)
Class [Lcom.android.build.api.artifact.Artifact$Category;                             : loaded 2 times (x 67B)
Class com.android.build.gradle.internal.dsl.ApplicationExtensionImpl                  : loaded 2 times (x 372B)
Class com.android.build.gradle.internal.dependency.KotlinPlatformCompatibilityRule    : loaded 2 times (x 74B)
Class [Lcom.android.build.gradle.internal.profile.TaskProfilingRecord$Status;         : loaded 2 times (x 67B)
Class build_4x6wecpmmnvccqho1cd0z9ps4$_run_closure1$_closure2                         : loaded 2 times (x 137B)
Class com.android.build.gradle.internal.profile.AnalyticsService                      : loaded 2 times (x 108B)
Class org.jetbrains.org.objectweb.asm.tree.LineNumberNode                             : loaded 2 times (x 77B)
Class com.android.build.gradle.tasks.BundleAar$LibraryCreationAction$handleProvider$1$2: loaded 2 times (x 76B)
Class com.android.build.gradle.tasks.BundleAar$LibraryLocalLintCreationAction         : loaded 2 times (x 89B)
Class com.android.build.gradle.LibraryExtension_Decorated                             : loaded 2 times (x 508B)
Class com.android.build.gradle.internal.dependency.ArtifactCollectionWithExtraArtifact$ExtraArtifactType: loaded 2 times (x 77B)
Class com.android.build.gradle.internal.core.dsl.impl.features.NativeBuildDslInfoImpl$mergeOptions$2: loaded 2 times (x 76B)
Class com.android.build.gradle.internal.dsl.ModulePropertyKey                         : loaded 2 times (x 68B)
Class com.android.build.gradle.internal.core.ToolExecutionOptions                     : loaded 2 times (x 70B)
Class com.android.build.gradle.internal.dsl.SigningConfigFactory                      : loaded 2 times (x 75B)
Class build_4x6wecpmmnvccqho1cd0z9ps4$_run_closure1$_closure3                         : loaded 2 times (x 137B)
Class com.android.build.gradle.internal.component.features.PrivacySandboxCreationConfig: loaded 2 times (x 68B)
Class org.jetbrains.kotlin.protobuf.InvalidProtocolBufferException                    : loaded 2 times (x 82B)
Class com.android.build.gradle.tasks.MapSourceSetPathsTask$CreateAction$configure$6$2$1: loaded 2 times (x 76B)
Class com.android.build.gradle.internal.tasks.ValidateResourcesTask$CreateAction      : loaded 2 times (x 88B)
Class com.android.build.gradle.internal.core.dsl.impl.features.NativeBuildDslInfoImpl$mergeOptions$3: loaded 2 times (x 76B)
Class com.android.build.gradle.internal.dsl.decorator.DslDecorator                    : loaded 2 times (x 70B)
Class com.android.build.gradle.internal.VariantManager$createVariantsFromCombination$2$variantExtensionConfig$1: loaded 2 times (x 76B)
Class jdk.internal.jimage.BasicImageReader                                            : loaded 2 times (x 93B)
Class org.jetbrains.kotlin.metadata.ProtoBuf$Effect$EffectType                        : loaded 2 times (x 80B)
Class com.google.common.collect.ImmutableSortedMap$1EntrySet                          : loaded 2 times (x 151B)
Class com.sun.xml.bind.v2.runtime.LeafBeanInfoImpl                                    : loaded 2 times (x 87B)
Class com.android.build.gradle.internal.dependency.JdkImageTransform$Parameters       : loaded 2 times (x 68B)
Class com.android.build.gradle.internal.core.dsl.impl.features.NativeBuildDslInfoImpl$mergeOptions$4: loaded 2 times (x 76B)
Class com.android.build.api.variant.Aidl                                              : loaded 2 times (x 68B)
Class com.android.build.api.instrumentation.manageddevice.ManagedDeviceRegistry       : loaded 2 times (x 68B)
Class com.google.common.collect.TransformedIterator                                   : loaded 2 times (x 78B)
Class com.android.build.gradle.tasks.MergeSourceSetFolders$MergeShaderSourceFoldersCreationAction$configure$1: loaded 2 times (x 77B)
Class org.jetbrains.kotlin.gradle.tasks.KaptGenerateStubs                             : loaded 2 times (x 68B)
Class com.android.sdklib.repository.generated.repository.v1.LayoutlibType             : loaded 2 times (x 72B)
Class com.android.build.gradle.internal.ProguardFilesProvider                         : loaded 2 times (x 68B)
Class com.android.build.gradle.internal.services.AndroidLocationsBuildService$AndroidDirectoryCreator: loaded 2 times (x 78B)
Class [Lcom.sun.xml.bind.v2.runtime.property.Property;                                : loaded 2 times (x 67B)
Class com.android.build.gradle.internal.scope.Java8LangSupport                        : loaded 2 times (x 77B)
Class [Lcom.google.protobuf.Descriptors$OneofDescriptor;                              : loaded 2 times (x 67B)
Class com.android.build.gradle.internal.plugins.KotlinMultiplatformAndroidPlugin      : loaded 2 times (x 79B)
Class com.android.build.gradle.internal.AndroidTestTaskManager$createTopLevelTasks$2  : loaded 2 times (x 73B)
Class org.jetbrains.kotlin.build.report.metrics.BuildAttributeKind                    : loaded 2 times (x 77B)
Class com.android.build.api.artifact.InAndOutFileOperationRequest                     : loaded 2 times (x 68B)
Class com.google.wireless.android.sdk.stats.AsmFramesComputationModeUpdateOrBuilder   : loaded 2 times (x 68B)
Class org.jetbrains.kotlin.statistics.AnonymizerUtilsKt                               : loaded 2 times (x 69B)
Class com.android.build.gradle.internal.plugins.BasePlugin$globalConfig$2$1           : loaded 2 times (x 77B)
Class [Lorg.jetbrains.kotlin.gradle.tasks.KotlinCompilerExecutionStrategy;            : loaded 2 times (x 67B)
Class com.android.sdklib.repository.targets.PlatformTarget                            : loaded 2 times (x 127B)
Class com.android.sdklib.repository.meta.DetailsTypes$ExtraDetailsType                : loaded 2 times (x 68B)
Class org.jetbrains.kotlin.gradle.plugin.mpp.compilationImpl.KotlinCompilationSourceSetInclusion$DefaultAddSourcesToCompileTask: loaded 2 times (x 72B)
Class [Lcom.google.wireless.android.sdk.stats.GradleBuildVariant$DexMergerTool;       : loaded 2 times (x 67B)
Class org.jetbrains.kotlin.gradle.targets.js.npm.DefaultDevNpmDependencyExtension     : loaded 2 times (x 143B)
Class org.jetbrains.kotlin.statistics.metrics.IStatisticsValuesConsumer$DefaultImpls  : loaded 2 times (x 69B)
Class org.jetbrains.kotlin.protobuf.GeneratedMessageLite                              : loaded 2 times (x 99B)
Class com.android.build.gradle.internal.utils.DesugarLibUtils$getD8DesugarMethodFileFromTransform$1$1: loaded 2 times (x 72B)
Class org.jetbrains.kotlin.gradle.plugin.mpp.KotlinOnlyTarget                         : loaded 2 times (x 139B)
Class com.android.build.gradle.internal.lint.AndroidLintTextOutputTask$SingleVariantCreationAction: loaded 2 times (x 90B)
Class com.android.tools.build.jetifier.core.PackageMap$Companion                      : loaded 2 times (x 69B)
Class com.google.gson.internal.reflect.ReflectionHelper$RecordNotSupportedHelper      : loaded 2 times (x 76B)
Class com.android.build.gradle.internal.dsl.BundleOptionsAbi$AgpDecorated             : loaded 2 times (x 79B)
Class com.android.build.gradle.internal.services.LintClassLoaderBuildService$RegistrationAction: loaded 2 times (x 72B)
Class org.jetbrains.kotlin.gradle.plugin.mpp.compilationImpl.KotlinCompilationFriendPathsResolver: loaded 2 times (x 68B)
Class com.android.build.gradle.internal.tasks.PerModuleBundleTask$CreationAction      : loaded 2 times (x 88B)
Class com.android.build.api.component.impl.features.DexingImpl                        : loaded 2 times (x 85B)
Class com.android.build.gradle.internal.variant.BaseVariantData                       : loaded 2 times (x 70B)
Class org.jetbrains.org.objectweb.asm.tree.LocalVariableAnnotationNode                : loaded 2 times (x 79B)
Class org.jetbrains.kotlin.gradle.dsl.KotlinJvmCompile                                : loaded 2 times (x 68B)
Class org.jetbrains.kotlin.gradle.plugin.sources.DefaultKotlinSourceSetKt$defaultSourceSetLanguageSettingsChecker$1: loaded 2 times (x 76B)
Class com.android.sdklib.AndroidVersion                                               : loaded 2 times (x 73B)
Class FlutterAppPluginLoaderPlugin$_apply_closure1                                    : loaded 2 times (x 134B)
Class com.google.common.collect.ImmutableMultisetGwtSerializationDependencies         : loaded 2 times (x 123B)
Class com.android.sdklib.repository.generated.sysimg.v3.SysImgDetailsType             : loaded 2 times (x 132B)
Class com.android.build.api.variant.impl.ApplicationVariantBuilderImpl                : loaded 2 times (x 196B)
Class org.jetbrains.kotlin.gradle.plugin.sources.DefaultKotlinSourceSetKt$defaultSourceSetLanguageSettingsChecker$2: loaded 2 times (x 76B)
Class org.jetbrains.kotlin.gradle.plugin.sources.android.checker.MultiplatformLayoutV2MultiplatformLayoutV1StyleSourceDirUsageChecker: loaded 2 times (x 73B)
Class com.google.protobuf.CodedInputStream$ArrayDecoder                               : loaded 2 times (x 118B)
Class FlutterAppPluginLoaderPlugin$_apply_closure2                                    : loaded 2 times (x 134B)
Class com.google.wireless.android.sdk.stats.AndroidStudioEvent$IdeBrand               : loaded 2 times (x 85B)
Class com.google.gson.annotations.JsonAdapter                                         : loaded 2 times (x 68B)
Class com.android.build.api.variant.impl.VariantImpl$manifestPlaceholdersCreationConfig$2: loaded 2 times (x 77B)
Class org.jetbrains.kotlin.statistics.metrics.StringAnonymizationPolicy$AllowedListAnonymizer$Companion: loaded 2 times (x 69B)
Class com.android.build.gradle.internal.crash.CrashReporting$afterEvaluate$1          : loaded 2 times (x 73B)
Class com.android.build.gradle.internal.plugins.BasePlugin$createAndroidJdkImageConfiguration$1: loaded 2 times (x 72B)
Class com.android.builder.profile.NameAnonymizer$Project                              : loaded 2 times (x 70B)
Class com.google.common.util.concurrent.DirectExecutor                                : loaded 2 times (x 80B)
Class com.android.build.gradle.internal.tasks.PrepareLintJarForPublishKt$getPublishedCustomLintChecks$attributes$1: loaded 2 times (x 72B)
Class org.jetbrains.kotlin.metadata.ProtoBuf$Visibility$1                             : loaded 2 times (x 72B)
Class org.jetbrains.org.objectweb.asm.Attribute                                       : loaded 2 times (x 75B)
Class com.google.common.collect.ImmutableListMultimap                                 : loaded 2 times (x 174B)
Class com.android.build.api.variant.impl.LibraryVariantImpl$renderscript$2            : loaded 2 times (x 77B)
Class com.android.build.gradle.internal.dependency.ProvidedClasspathSubtractor        : loaded 2 times (x 70B)
Class com.google.wireless.android.sdk.stats.GradleBuildVariant$CodeShrinkerTool$1     : loaded 2 times (x 74B)
Class com.android.build.gradle.internal.attribution.CheckJetifierBuildService         : loaded 2 times (x 78B)
Class org.jetbrains.kotlin.load.kotlin.header.KotlinClassHeader$Kind                  : loaded 2 times (x 77B)
Class com.android.build.gradle.tasks.MapSourceSetPathsTask_Decorated                  : loaded 2 times (x 392B)
Class com.android.build.api.variant.impl.LayeredSourceDirectoriesImpl                 : loaded 2 times (x 90B)
Class com.android.build.gradle.internal.scope.InternalArtifactType$MERGED_ART_PROFILE : loaded 2 times (x 72B)
Class com.google.gson.internal.LinkedTreeMap$EntrySet                                 : loaded 2 times (x 134B)
Class com.android.build.gradle.internal.component.features.ShadersCreationConfig      : loaded 2 times (x 68B)
Class [Lorg.jetbrains.kotlin.statistics.metrics.StringMetrics;                        : loaded 2 times (x 67B)
Class com.android.build.gradle.internal.tasks.ExtractProguardFiles$CreationAction$handleProvider$1: loaded 2 times (x 125B)
Class Build_gradle$1                                                                  : loaded 2 times (x 72B)
Class com.google.protobuf.DescriptorProtos$MessageOptions                             : loaded 2 times (x 252B)
Class com.android.build.gradle.internal.scope.InternalArtifactType$GENERATED_PNGS_RES : loaded 2 times (x 72B)
Class com.android.build.gradle.internal.lint.AndroidLintInputs                        : loaded 2 times (x 69B)
Class jdk.internal.jimage.ImageLocation                                               : loaded 2 times (x 88B)
Class com.android.tools.lint.model.LintModelArtifact                                  : loaded 2 times (x 68B)
Class com.sun.xml.bind.v2.runtime.reflect.PrimitiveArrayListerLong                    : loaded 2 times (x 74B)
Class com.sun.xml.bind.v2.runtime.IllegalAnnotationException                          : loaded 2 times (x 84B)
Class com.android.sdklib.repository.generated.common.v3.IdDisplayType                 : loaded 2 times (x 81B)
Class com.android.build.gradle.internal.scope.InternalArtifactType$COMPILE_LIBRARY_CLASSES_JAR: loaded 2 times (x 72B)
Class [Lorg.jetbrains.kotlin.gradle.plugin.sources.ConsistencyCheck;                  : loaded 2 times (x 67B)
Class org.jetbrains.kotlin.gradle.plugin.KotlinSourceSet                              : loaded 2 times (x 68B)
Class com.android.build.gradle.internal.dsl.LibraryPublishingImpl                     : loaded 2 times (x 84B)
Class com.android.build.gradle.api.AndroidSourceSet                                   : loaded 2 times (x 68B)
Class com.android.build.gradle.internal.services.GlobalServiceRegistrationAction      : loaded 2 times (x 71B)
Class org.jetbrains.kotlin.config.ExplicitApiMode                                     : loaded 2 times (x 77B)
Class org.jetbrains.kotlin.gradle.plugin.ProjectLocalConfigurations$ProjectLocalCompatibility: loaded 2 times (x 74B)
Class com.android.build.gradle.internal.tasks.factory.BootClasspathConfigImpl$bootClasspath$2: loaded 2 times (x 77B)
Class com.android.build.gradle.tasks.BundleAar$Companion$prependToCopyPath$1          : loaded 2 times (x 73B)
Class com.android.build.gradle.internal.publishing.PublishingSpecsKt                  : loaded 2 times (x 69B)
Class com.android.build.gradle.internal.core.dsl.impl.ConsumableComponentDslInfoImpl$renderscriptDslInfo$2: loaded 2 times (x 77B)
Class Flutter_gradle                                                                  : loaded 2 times (x 128B)
Class javax.xml.bind.annotation.XmlAnyElement                                         : loaded 2 times (x 68B)
Class com.sun.xml.bind.v2.model.impl.TypeInfoImpl                                     : loaded 2 times (x 83B)
Class com.android.build.gradle.internal.scope.InternalArtifactType$APK_FOR_LOCAL_TEST : loaded 2 times (x 72B)
Class com.android.build.api.component.impl.AnnotationProcessorImpl$finalListOfClassNames$1: loaded 2 times (x 73B)
Class com.android.build.api.variant.DeviceTestBuilder                                 : loaded 2 times (x 68B)
Class org.jetbrains.kotlin.gradle.targets.js.npm.NpmDirectoryDependencyWithExternalsExtension: loaded 2 times (x 68B)
Class org.jetbrains.kotlin.gradle.report.BuildMetricsService$Companion                : loaded 2 times (x 69B)
Class com.android.build.gradle.internal.dsl.ShaderOptions_Decorated                   : loaded 2 times (x 133B)
Class [Lcom.android.prefs.VariableType;                                               : loaded 2 times (x 67B)
Class com.android.build.gradle.internal.SdkComponentsBuildService$VersionedSdkLoader$emulatorDirectoryProvider$1: loaded 2 times (x 73B)
Class com.android.build.gradle.internal.tasks.BundleToApkTask$CreationAction          : loaded 2 times (x 88B)
Class org.jetbrains.kotlin.gradle.tasks.KotlinJavaToolchain                           : loaded 2 times (x 68B)
Class javax.xml.bind.Binder                                                           : loaded 2 times (x 83B)
Class [Lorg.jetbrains.kotlin.gradle.plugin.mpp.KotlinUsageContext$MavenScope;         : loaded 2 times (x 67B)
Class com.android.build.gradle.internal.core.VariantSources                           : loaded 2 times (x 70B)
Class com.sun.xml.bind.v2.TODO                                                        : loaded 2 times (x 69B)
Class com.android.build.gradle.internal.res.LinkApplicationAndroidResourcesTask       : loaded 2 times (x 356B)
Class [Lcom.google.common.collect.AbstractIterator$State;                             : loaded 2 times (x 67B)
Class com.android.repository.impl.meta.LocalPackageImpl                               : loaded 2 times (x 129B)
Class com.android.build.gradle.internal.services.VariantBuilderServicesImpl           : loaded 2 times (x 87B)
Class com.android.build.gradle.internal.lint.KotlinMultiplatformExtensionWrapper      : loaded 2 times (x 70B)
Class com.android.build.gradle.internal.plugins.TestPlugin                            : loaded 2 times (x 94B)
Class com.google.wireless.android.sdk.stats.AndroidStudioEvent$IdeBrand$1             : loaded 2 times (x 74B)
Class com.android.build.gradle.internal.core.dsl.impl.InstrumentedTestDslInfoImpl     : loaded 2 times (x 78B)
Class com.android.builder.core.DefaultApiVersion                                      : loaded 2 times (x 75B)
Class com.android.build.gradle.internal.utils.GradlePluginUtils$enforceMinimumVersionsOfPlugins$1: loaded 2 times (x 73B)
Class net.rubygrapefruit.platform.internal.jni.NativeLibraryFunctions                 : loaded 2 times (x 69B)
Class org.jetbrains.kotlin.metadata.jvm.JvmProtoBuf$StringTableTypes$Record$Operation$1: loaded 2 times (x 72B)
Class org.objectweb.asm.commons.ClassRemapper                                         : loaded 2 times (x 92B)
Class com.android.build.gradle.internal.utils.ViolatingPluginDetector$detect$violatingPlugins$1: loaded 2 times (x 77B)
Class com.android.build.gradle.internal.tasks.AarMetadataTask                         : loaded 2 times (x 330B)
Class com.android.build.gradle.tasks.PackageApplication$CreationAction$handleProvider$operationRequest$1: loaded 2 times (x 125B)
Class com.android.build.api.artifact.SingleArtifact$RUNTIME_SYMBOL_LIST               : loaded 2 times (x 72B)
Class com.google.wireless.android.sdk.stats.ApiVersionOrBuilder                       : loaded 2 times (x 68B)
Class com.android.build.gradle.internal.dsl.NdkOptions                                : loaded 2 times (x 114B)
Class com.android.build.gradle.internal.AvdComponentsBuildService$Parameters_Decorated: loaded 2 times (x 153B)
Class jdk.internal.jimage.ImageReader$Node                                            : loaded 2 times (x 82B)
Class org.jetbrains.kotlin.load.kotlin.FileBasedKotlinClass$OuterAndInnerName         : loaded 2 times (x 70B)
Class javax.xml.bind.annotation.XmlElements                                           : loaded 2 times (x 68B)
Class com.android.build.gradle.tasks.PackageApplication$CreationAction$handleProvider$operationRequest$2: loaded 2 times (x 125B)
Class com.android.build.api.variant.JniLibsApkPackaging                               : loaded 2 times (x 68B)
Class com.google.gson.internal.bind.NumberTypeAdapter                                 : loaded 2 times (x 72B)
Class com.google.gson.ToNumberPolicy                                                  : loaded 2 times (x 81B)
Class org.jetbrains.kotlin.gradle.plugin.KotlinTarget                                 : loaded 2 times (x 68B)
Class com.android.build.gradle.internal.dsl.decorator.SupportedPropertyType$Var$Int   : loaded 2 times (x 72B)
Class com.android.build.gradle.tasks.ProcessLibraryArtProfileTask                     : loaded 2 times (x 324B)
Class com.android.build.api.component.analytics.AnalyticsEnabledApplicationVariantBuilder: loaded 2 times (x 192B)
Class org.jetbrains.kotlin.gradle.targets.js.npm.NpmDependencyExtensionKt             : loaded 2 times (x 69B)
Class org.jetbrains.kotlin.gradle.plugin.statistics.KotlinBuildStatsService$Companion$getOrCreateInstance$1: loaded 2 times (x 77B)
Class com.android.build.gradle.internal.SdkComponentsBuildService$RegistrationAction  : loaded 2 times (x 72B)
Class com.android.build.gradle.internal.tasks.ProcessJavaResTask$CreationAction$getProjectJavaRes$1: loaded 2 times (x 77B)
Class org.jetbrains.kotlin.gradle.tasks.KotlinCompilerPluginData$InputsOutputsState   : loaded 2 times (x 70B)
Class com.sun.xml.bind.v2.runtime.reflect.PrimitiveArrayListerInteger                 : loaded 2 times (x 74B)
Class com.sun.xml.bind.v2.runtime.property.TagAndType                                 : loaded 2 times (x 70B)
Class com.android.build.gradle.internal.utils.SdkUtilsKt                              : loaded 2 times (x 69B)
Class com.android.build.gradle.api.AndroidArtifactVariant                             : loaded 2 times (x 68B)
Class com.android.build.gradle.internal.dependency.SourceSetManager                   : loaded 2 times (x 70B)
Class com.google.wireless.android.sdk.stats.GradleBuildProject$PluginGeneration       : loaded 2 times (x 85B)
Class com.android.build.gradle.internal.dsl.InternalApplicationExtension              : loaded 2 times (x 68B)
Class com.android.build.gradle.internal.tasks.ProcessJavaResTask$CreationAction$getProjectJavaRes$2: loaded 2 times (x 73B)
Class com.android.repository.api.RemotePackage                                        : loaded 2 times (x 68B)
Class org.jetbrains.kotlin.gradle.plugin.mpp.compilationImpl.factory.DefaultKotlinCompilationOutputFactory$create$1: loaded 2 times (x 73B)
Class com.android.build.gradle.internal.SdkComponentsBuildService$sdkDirectoryProvider$1: loaded 2 times (x 73B)
Class com.android.build.gradle.internal.VariantTaskManager$createTasks$1              : loaded 2 times (x 73B)
Class com.google.wireless.android.sdk.stats.GradleBuildVariant$Java8LangSupport$1     : loaded 2 times (x 74B)
Class [Lcom.google.wireless.android.sdk.stats.GradleBuildVariant$DexBuilderTool;      : loaded 2 times (x 67B)
Class com.android.build.gradle.internal.dsl.KmpOptimizationImpl                       : loaded 2 times (x 81B)
Class com.android.ide.common.signing.KeytoolException                                 : loaded 2 times (x 82B)
Class com.google.protobuf.UnsafeUtil$Android64MemoryAccessor                          : loaded 2 times (x 89B)
Class com.android.build.gradle.internal.utils.AnalyticsEnabledValueSource$Params$Inject: loaded 2 times (x 104B)
Class org.jetbrains.kotlin.gradle.internal.StdlibDependencyManagementKt$WhenMappings  : loaded 2 times (x 69B)
Class com.sun.xml.bind.v2.runtime.property.Utils                                      : loaded 2 times (x 69B)
Class com.sun.xml.bind.v2.runtime.reflect.Accessor                                    : loaded 2 times (x 83B)
Class com.sun.xml.bind.v2.model.impl.ModelBuilderI                                    : loaded 2 times (x 68B)
Class org.jetbrains.kotlin.incremental.IncrementalModuleInfo                          : loaded 2 times (x 70B)
Class com.android.build.api.variant.ResValue$Key                                      : loaded 2 times (x 68B)
Class [Lcom.google.protobuf.Internal$EnumLiteMap;                                     : loaded 2 times (x 67B)
Class com.android.build.gradle.internal.AndroidTestTaskManager$createTopLevelTasks$1  : loaded 2 times (x 72B)
Class com.google.common.base.Suppliers$NonSerializableMemoizingSupplier               : loaded 2 times (x 77B)
Class com.android.build.api.variant.SourceDirectories$Flat                            : loaded 2 times (x 68B)
Class com.android.tools.build.jetifier.core.pom.DependencyVersionsMap                 : loaded 2 times (x 70B)
Class com.android.build.gradle.internal.dsl.ExternalNativeCmakeOptions                : loaded 2 times (x 106B)
Class com.google.common.io.ByteSource$SlicedByteSource                                : loaded 2 times (x 83B)
Class com.sun.xml.bind.v2.model.annotation.RuntimeAnnotationReader                    : loaded 2 times (x 68B)
Class com.android.build.gradle.internal.scope.InternalArtifactType$DEX_NUMBER_OF_BUCKETS_FILE: loaded 2 times (x 72B)
Class com.android.build.gradle.internal.tasks.MergeJavaResourceTask                   : loaded 2 times (x 330B)
Class org.jetbrains.kotlin.gradle.plugin.AndroidGradlePluginVersionKt                 : loaded 2 times (x 69B)
Class com.android.build.gradle.internal.component.ComponentCreationConfig             : loaded 2 times (x 68B)
Class org.jetbrains.kotlin.gradle.plugin.mpp.compilationImpl.factory.AndroidCompilationSourceSetsContainerFactory: loaded 2 times (x 73B)
Class com.android.build.gradle.internal.test.AbstractTestDataImpl$animationsDisabled$1: loaded 2 times (x 76B)
Class com.android.build.gradle.internal.res.ParseLibraryResourcesTask$CreateAction    : loaded 2 times (x 88B)
Class com.android.build.api.variant.impl.InternalVariantBuilder                       : loaded 2 times (x 68B)
Class com.android.build.api.variant.ScopedArtifacts$Scope                             : loaded 2 times (x 77B)
Class com.sun.xml.bind.v2.runtime.unmarshaller.XsiNilLoader$Single                    : loaded 2 times (x 78B)
Class com.android.sdklib.repository.generated.common.v1.LibraryType                   : loaded 2 times (x 88B)
Class com.android.build.gradle.internal.tasks.CompressAssetsTask$CreationAction       : loaded 2 times (x 88B)
Class com.android.build.gradle.internal.variant.VariantPathHelper                     : loaded 2 times (x 70B)
Class com.android.build.api.variant.impl.ApplicationVariantBuilderImpl_Decorated      : loaded 2 times (x 264B)
Class com.google.protobuf.ByteString$ArraysByteArrayCopier                            : loaded 2 times (x 72B)
Class org.jetbrains.kotlin.gradle.plugin.KotlinCompilationInfoKt                      : loaded 2 times (x 69B)
Class com.android.build.gradle.internal.scope.InternalArtifactType$APKS_FROM_BUNDLE   : loaded 2 times (x 72B)
Class com.android.tools.build.jetifier.processor.TimestampsPolicy                     : loaded 2 times (x 70B)
Class com.android.tools.build.jetifier.core.pom.PomRewriteRule                        : loaded 2 times (x 70B)
Class com.android.build.api.variant.Packaging                                         : loaded 2 times (x 68B)
Class jdk.internal.jimage.decompressor.CompressedResourceHeader                       : loaded 2 times (x 69B)
Class org.jetbrains.kotlin.metadata.ProtoBuf$ValueParameterOrBuilder                  : loaded 2 times (x 68B)
Class org.jetbrains.kotlin.gradle.tasks.configuration.AbstractKotlinCompileConfig$4$1 : loaded 2 times (x 77B)
Class com.android.build.gradle.internal.attributes.VariantAttr$ImplFactory            : loaded 2 times (x 73B)
Class com.android.build.gradle.internal.dsl.BundleOptionsStoreArchive$AgpDecorated    : loaded 2 times (x 79B)
Class BaseFlutterTask$buildBundle                                                     : loaded 2 times (x 150B)
Class com.sun.istack.Pool                                                             : loaded 2 times (x 68B)
Class com.android.builder.model.DimensionAware                                        : loaded 2 times (x 68B)
Class com.android.prefs.PathLocator$WhenMappings                                      : loaded 2 times (x 69B)
Class org.jetbrains.kotlin.gradle.tasks.configuration.AbstractKotlinCompileConfig$4$3 : loaded 2 times (x 73B)
Class org.jetbrains.kotlin.gradle.internal.transforms.ClasspathEntrySnapshotTransform$Inject1: loaded 2 times (x 107B)
Class com.android.build.gradle.internal.core.dsl.impl.features.RenderscriptDslInfoImpl: loaded 2 times (x 77B)
Class org.jetbrains.kotlin.gradle.plugin.sources.android.KotlinAndroidSourceSetFactory: loaded 2 times (x 70B)
Class org.jetbrains.kotlin.gradle.plugin.statistics.KotlinBuildStatHandler$Companion  : loaded 2 times (x 69B)
Class com.google.wireless.android.sdk.stats.GradleTransformExecution                  : loaded 2 times (x 198B)
Class [Lcom.google.common.base.Supplier;                                              : loaded 2 times (x 67B)
Class org.jetbrains.kotlin.gradle.tasks.configuration.AbstractKotlinCompileConfig$4$4 : loaded 2 times (x 73B)
Class com.android.build.gradle.internal.scope.InternalArtifactType$DATA_BINDING_BASE_CLASS_LOG_ARTIFACT: loaded 2 times (x 72B)
Class com.google.wireless.android.sdk.stats.TestRun$TestExecution$1                   : loaded 2 times (x 74B)
Class org.jetbrains.kotlin.gradle.plugin.KotlinGradleFinishBuildHandler$Companion     : loaded 2 times (x 69B)
Class com.android.build.gradle.internal.dsl.DependenciesInfoImpl                      : loaded 2 times (x 79B)
Class com.google.protobuf.Reader                                                      : loaded 2 times (x 68B)
Class com.android.builder.profile.NameAnonymizerSerializer                            : loaded 2 times (x 71B)
Class org.jetbrains.kotlin.gradle.tasks.configuration.AbstractKotlinCompileConfig$4$5 : loaded 2 times (x 73B)
Class com.android.build.gradle.internal.signing.SigningConfigProviderParams           : loaded 2 times (x 70B)
Class com.google.wireless.android.sdk.stats.ApiVersion$Builder                        : loaded 2 times (x 295B)
Class com.android.build.api.variant.impl.VariantOutputList                            : loaded 2 times (x 133B)
Class org.jetbrains.kotlin.gradle.plugin.sources.android.checker.MultiplatformLayoutV2AndroidStyleSourceDirUsageChecker: loaded 2 times (x 73B)
Class org.jetbrains.kotlin.gradle.plugin.KotlinTargetsContainer                       : loaded 2 times (x 68B)
Class com.android.build.gradle.internal.dsl.DataBindingOptions$AgpDecorated_Decorated : loaded 2 times (x 165B)
Class com.android.build.gradle.internal.coverage.JacocoOptions                        : loaded 2 times (x 83B)
Class com.android.builder.model.PackagingOptions                                      : loaded 2 times (x 68B)
Class com.android.build.gradle.internal.AbstractAppTaskManager                        : loaded 2 times (x 82B)
Class org.jetbrains.kotlin.gradle.tasks.configuration.AbstractKotlinCompileConfig$4$6 : loaded 2 times (x 73B)
Class org.jetbrains.kotlin.project.model.LanguageSettings                             : loaded 2 times (x 68B)
Class com.android.build.api.dsl.Cmake                                                 : loaded 2 times (x 68B)
Class com.android.build.gradle.options.Option                                         : loaded 2 times (x 68B)
Class com.android.build.gradle.internal.res.LinkAndroidResForBundleTask               : loaded 2 times (x 336B)
Class com.android.build.gradle.internal.variant.VariantPathHelper$Companion           : loaded 2 times (x 69B)
Class com.google.common.collect.ImmutableSetMultimap                                  : loaded 2 times (x 178B)
Class com.android.build.gradle.internal.lint.SystemPropertyInputs                     : loaded 2 times (x 81B)
Class com.android.build.gradle.internal.dependency.VariantDependencies$WhenMappings   : loaded 2 times (x 69B)
Class com.android.build.api.attributes.BuildTypeAttr$Impl                             : loaded 2 times (x 86B)
Class com.android.build.gradle.internal.dsl.CoreBuildType                             : loaded 2 times (x 68B)
Class com.sun.xml.bind.v2.model.runtime.RuntimeTypeRef                                : loaded 2 times (x 68B)
Class org.jetbrains.kotlin.gradle.plugin.sources.DefaultKotlinSourceSetKt             : loaded 2 times (x 69B)
Class com.android.build.gradle.internal.services.VersionedSdkLoaderService$versionedSdkLoader$2: loaded 2 times (x 77B)
Class build_6v6kivhfm18htk91qd1keqb0h$_run_closure1$_closure2                         : loaded 2 times (x 137B)
Class org.jetbrains.kotlin.descriptors.Named                                          : loaded 2 times (x 68B)
Class com.android.build.gradle.internal.core.dsl.features.ShadersDslInfo              : loaded 2 times (x 68B)
Class org.jetbrains.kotlin.gradle.tasks.configuration.KotlinCompileConfigKt$sam$org_gradle_api_Action$0: loaded 2 times (x 73B)
Class com.android.build.api.dsl.TestVariantDimension                                  : loaded 2 times (x 68B)
Class build_8enq97yumiamysoqjrrl4vyyu$_run_closure1$_closure2                         : loaded 2 times (x 137B)
Class org.jetbrains.kotlin.load.kotlin.KotlinJvmBinaryClass$AnnotationArgumentVisitor : loaded 2 times (x 68B)
Class org.jetbrains.kotlin.gradle.tasks.CompileUsingKotlinDaemonWithNormalization     : loaded 2 times (x 68B)
Class com.android.build.gradle.tasks.PackageApplication                               : loaded 2 times (x 358B)
Class com.android.build.gradle.TestedAndroidConfig                                    : loaded 2 times (x 68B)
Class [Lorg.jetbrains.kotlin.metadata.ProtoBuf$Expression$ConstantValue;              : loaded 2 times (x 67B)
Class org.jetbrains.kotlin.serialization.deserialization.ProtoEnumFlags               : loaded 2 times (x 69B)
Class com.google.common.collect.AbstractMapBasedMultimap$WrappedSet                   : loaded 2 times (x 140B)
Class com.sun.xml.bind.v2.model.runtime.RuntimeElement                                : loaded 2 times (x 68B)
Class com.android.build.gradle.internal.tasks.LibraryJniLibsTask$CreationAction       : loaded 2 times (x 88B)
Class com.android.build.gradle.internal.dependency.DesugarGraph                       : loaded 2 times (x 73B)
Class com.android.build.gradle.tasks.ShaderCompile$CreationAction                     : loaded 2 times (x 89B)
Class com.android.build.gradle.tasks.ProcessManifestForMetadataFeatureTask            : loaded 2 times (x 325B)
Class com.google.protobuf.AbstractProtobufList                                        : loaded 2 times (x 189B)
Class org.jetbrains.kotlin.gradle.plugin.sources.DefaultKotlinSourceSet$special$$inlined$Iterable$1: loaded 2 times (x 77B)
Class com.android.build.gradle.internal.dependency.DexingOutputSplitTransformKt$registerTransformWithOutputType$1: loaded 2 times (x 73B)
Class com.android.build.gradle.internal.dependency.VariantDependencies$computeArtifactCollection$attributesAction$1$1: loaded 2 times (x 77B)
Class org.jetbrains.kotlin.gradle.plugin.KotlinAndroidPlugin$apply$2$1                : loaded 2 times (x 77B)
Class com.android.builder.model.DataBindingOptions                                    : loaded 2 times (x 68B)
Class jdk.internal.jrtfs.JrtPath                                                      : loaded 2 times (x 116B)
Class org.jetbrains.kotlin.descriptors.Visibilities$Public                            : loaded 2 times (x 77B)
Class com.android.repository.impl.meta.RevisionType                                   : loaded 2 times (x 78B)
Class org.jetbrains.kotlin.statistics.BuildSession                                    : loaded 2 times (x 70B)
Class com.android.build.gradle.internal.tasks.ParseIntegrityConfigTask$CreationAction$handleProvider$1: loaded 2 times (x 125B)
Class com.android.build.gradle.internal.scope.InternalArtifactType$MERGED_TEST_ONLY_NATIVE_LIBS: loaded 2 times (x 72B)
Class com.google.gson.internal.bind.ObjectTypeAdapter$1                               : loaded 2 times (x 74B)
Class [Lcom.android.build.gradle.internal.profile.AnalyticsConfiguratorService$State; : loaded 2 times (x 67B)
Class com.android.build.api.variant.HasHostTests                                      : loaded 2 times (x 68B)
Class com.android.build.gradle.internal.tasks.SigningConfigUtils$Companion            : loaded 2 times (x 69B)
Class org.gradle.api.Action                                                           : loaded 2 times (x 68B)
Class com.google.protobuf.WireFormat$JavaType                                         : loaded 2 times (x 77B)
Class com.sun.xml.bind.v2.model.annotation.LocatableAnnotation                        : loaded 2 times (x 83B)
Class com.android.repository.impl.generated.v1.ArchivesType                           : loaded 2 times (x 73B)
Class org.jetbrains.kotlin.gradle.plugin.RunOnceAfterEvaluatedKt$runOnceAfterEvaluated$1: loaded 2 times (x 77B)
Class com.android.build.gradle.internal.dependency.DexingWithClasspathTransform$Inject1: loaded 2 times (x 110B)
Class org.jetbrains.kotlin.gradle.targets.native.internal.CInteropKlibLibraryElements$setupAttributesMatchingStrategy$1: loaded 2 times (x 76B)
Class com.android.build.gradle.internal.plugins.VersionCheckPlugin                    : loaded 2 times (x 72B)
Class com.sun.xml.bind.v2.model.impl.ClassInfoImpl$PropertyGroup                      : loaded 2 times (x 77B)
Class javax.xml.bind.annotation.XmlAnyAttribute                                       : loaded 2 times (x 68B)
Class org.jetbrains.kotlin.gradle.plugin.KotlinTargetWithTests                        : loaded 2 times (x 68B)
Class com.android.build.gradle.internal.cxx.configure.NdkLocator                      : loaded 2 times (x 70B)
Class com.google.common.util.concurrent.ListeningScheduledExecutorService             : loaded 2 times (x 68B)
Class org.jetbrains.kotlin.metadata.ProtoBuf$Annotation$Builder                       : loaded 2 times (x 134B)
Class com.sun.xml.bind.v2.model.core.TypeInfo                                         : loaded 2 times (x 68B)
Class org.jetbrains.kotlin.gradle.incremental.IncrementalModuleInfoBuildService       : loaded 2 times (x 77B)
Class org.jetbrains.kotlin.gradle.plugin.mpp.compilationImpl.KotlinCompilationSourceSetInclusion$DefaultAddSourcesToCompileTask$addSources$1: loaded 2 times (x 77B)
Class com.android.build.gradle.internal.api.BaseVariantOutputImpl                     : loaded 2 times (x 110B)
Class com.android.build.gradle.internal.dsl.VariantOutputFactory                      : loaded 2 times (x 71B)
Class com.android.build.gradle.internal.dsl.ComposeOptionsImpl_Decorated              : loaded 2 times (x 134B)
Class com.android.builder.core.ToolsRevisionUtils                                     : loaded 2 times (x 69B)
Class com.android.tools.analytics.HostData$graphicsEnvironment$2                      : loaded 2 times (x 76B)
Class com.android.build.api.dsl.SettingsExtension                                     : loaded 2 times (x 68B)
Class com.google.common.hash.MessageDigestHashFunction                                : loaded 2 times (x 94B)
Class com.sun.xml.bind.v2.model.core.BuiltinLeafInfo                                  : loaded 2 times (x 68B)
Class com.android.sdklib.repository.generated.addon.v3.package-info                   : loaded 2 times (x 68B)
Class com.android.build.api.variant.impl.LibraryVariantBuilderImpl                    : loaded 2 times (x 169B)
Class [Lcom.android.build.api.artifact.Artifact$Single;                               : loaded 2 times (x 67B)
Class org.jetbrains.kotlin.gradle.plugin.KotlinTargetComponent                        : loaded 2 times (x 68B)
Class com.android.build.gradle.internal.scope.InternalArtifactType$SDK_SPLITS_APKS    : loaded 2 times (x 72B)
Class com.android.build.gradle.internal.dependency.ProvidedClasspath                  : loaded 2 times (x 69B)
Class com.android.tools.build.jetifier.processor.com.android.tools.build.jetifier.processor.transform.java.JavaTransformer: loaded 2 times (x 75B)
Class org.jetbrains.kotlin.gradle.plugin.sources.DefaultKotlinSourceSet$MetadataDependencyTransformation: loaded 2 times (x 70B)
Class com.android.build.gradle.internal.variant.LegacyVariantInputManager$1           : loaded 2 times (x 73B)
Class com.sun.xml.bind.v2.model.impl.LeafInfoImpl                                     : loaded 2 times (x 100B)
Class com.android.build.gradle.internal.res.GenerateApiPublicTxtTask$CreationAction   : loaded 2 times (x 88B)
Class com.android.build.gradle.internal.variant.LegacyVariantInputManager$2           : loaded 2 times (x 72B)
Class com.android.build.api.variant.SourceDirectories                                 : loaded 2 times (x 68B)
Class org.objectweb.asm.Opcodes                                                       : loaded 2 times (x 68B)
Class com.android.sdklib.repository.generated.common.v3.package-info                  : loaded 2 times (x 68B)
Class org.jetbrains.kotlin.gradle.plugin.mpp.KotlinUsageContext                       : loaded 2 times (x 68B)
Class com.android.build.gradle.internal.variant.LegacyVariantInputManager$3           : loaded 2 times (x 73B)
Class com.android.build.api.dsl.ViewBinding                                           : loaded 2 times (x 68B)
Class com.android.build.api.dsl.ResourcesPackaging                                    : loaded 2 times (x 68B)
Class com.android.build.gradle.internal.dsl.decorator.AndroidPluginDslDecoratorKt     : loaded 2 times (x 69B)
Class com.google.protobuf.DescriptorProtos$EnumValueDescriptorProto$Builder           : loaded 2 times (x 298B)
Class com.android.build.gradle.internal.plugins.BasePlugin$variantFactory$2           : loaded 2 times (x 77B)
Class jdk.internal.jimage.ImageStrings                                                : loaded 2 times (x 68B)
Class com.android.build.gradle.internal.scope.InternalArtifactType$ANNOTATION_PROCESSOR_LIST: loaded 2 times (x 72B)
Class com.android.tools.build.jetifier.core.type.JavaType                             : loaded 2 times (x 70B)
Class org.jetbrains.kotlin.gradle.internal.Kapt3GradleSubplugin$Companion             : loaded 2 times (x 69B)
Class com.android.build.gradle.internal.variant.LegacyVariantInputManager$4           : loaded 2 times (x 72B)
Class com.android.builder.model.VectorDrawablesOptions                                : loaded 2 times (x 68B)
Class com.android.build.gradle.internal.tasks.Workers$ProfileAwareExecutorServiceAdapter: loaded 2 times (x 85B)
Class com.android.build.gradle.internal.core.dsl.VariantDslInfo                       : loaded 2 times (x 68B)
Class com.sun.xml.bind.v2.runtime.property.Property                                   : loaded 2 times (x 68B)
Class org.jetbrains.kotlin.gradle.plugin.mpp.KotlinVariantWithCoordinates             : loaded 2 times (x 105B)
Class [Lcom.android.build.gradle.internal.scope.InternalArtifactType;                 : loaded 2 times (x 67B)
Class com.android.build.api.component.impl.DeviceTestImpl$resValues$2                 : loaded 2 times (x 77B)
Class [Lorg.jetbrains.kotlin.statistics.metrics.BooleanAnonymizationPolicy;           : loaded 2 times (x 67B)
Class com.android.build.gradle.internal.variant.LegacyVariantInputManager$5           : loaded 2 times (x 73B)
Class org.jetbrains.kotlin.gradle.plugin.SubpluginEnvironment$Companion               : loaded 2 times (x 69B)
Class com.sun.xml.bind.v2.model.impl.GetterSetterPropertySeed                         : loaded 2 times (x 88B)
Class com.sun.xml.bind.v2.model.impl.ValuePropertyInfoImpl                            : loaded 2 times (x 118B)
Class com.android.repository.impl.meta.RepoPackageImpl$UsesLicense                    : loaded 2 times (x 71B)
Class com.android.build.gradle.internal.scope.InternalArtifactType$LINKED_RES_FOR_BUNDLE: loaded 2 times (x 72B)
Class com.google.wireless.android.sdk.stats.GradleBuildVariant$PrivacySandboxDependenciesInfo: loaded 2 times (x 196B)
Class org.jetbrains.kotlin.gradle.plugin.sources.android.KotlinAndroidSourceSetLayoutKt$multiplatformAndroidSourceSetLayoutV1$1: loaded 2 times (x 76B)
Class com.android.build.gradle.internal.tasks.SourceSetsTask$CreationAction           : loaded 2 times (x 89B)
Class com.android.build.gradle.internal.variant.LegacyVariantInputManager$6           : loaded 2 times (x 72B)
Class com.android.build.api.variant.impl.LibraryVariantImpl_Decorated                 : loaded 2 times (x 485B)
Class com.android.build.gradle.internal.errors.SyncIssueReporterImpl$GlobalSyncIssueService$Parameters$Inject: loaded 2 times (x 106B)
Class com.android.build.gradle.internal.test.AbstractTestDataImpl$testDirectories$1$1 : loaded 2 times (x 77B)
Class com.android.build.api.variant.SourceDirectories$Layered                         : loaded 2 times (x 68B)
Class com.android.build.gradle.internal.api.VariantFilter                             : loaded 2 times (x 78B)
Class com.android.build.gradle.internal.dsl.DependenciesInfoImpl$AgpDecorated         : loaded 2 times (x 82B)
Class com.android.resources.Density                                                   : loaded 2 times (x 90B)
Class com.android.build.api.dsl.BaselineProfile                                       : loaded 2 times (x 68B)
Class org.jetbrains.kotlin.config.JVMAssertionsMode                                   : loaded 2 times (x 77B)
Class com.android.build.gradle.internal.SdkLocator$SdkLocationSource$INJECTED_SDK_HOME: loaded 2 times (x 78B)
Class com.android.build.api.variant.impl.ArtifactMetadataProcessor$Companion          : loaded 2 times (x 69B)
Class com.android.build.gradle.internal.test.AbstractTestDataImpl$testDirectories$1$2 : loaded 2 times (x 77B)
Class com.android.build.api.variant.impl.SourcesImpl$manifestOverlayFiles$1           : loaded 2 times (x 72B)
Class [Lcom.android.build.api.variant.ScopedArtifacts$Scope;                          : loaded 2 times (x 67B)
Class com.google.common.base.CaseFormat$StringConverter                               : loaded 2 times (x 88B)
Class com.android.build.gradle.options.OptionParsers                                  : loaded 2 times (x 69B)
Class com.android.build.gradle.internal.tasks.PrepareLintJarForPublish$Companion      : loaded 2 times (x 69B)
Class com.android.build.api.variant.FilterConfiguration                               : loaded 2 times (x 68B)
Class com.android.build.api.artifact.impl.ScopedArtifactsImpl$ScopedArtifactsContainer: loaded 2 times (x 70B)
Class [Lcom.google.wireless.android.sdk.stats.GradleBuildVariant$CodeShrinkerTool;    : loaded 2 times (x 67B)
Class com.android.build.gradle.internal.variant.VariantPathHelper$baseName$2          : loaded 2 times (x 77B)
Class jdk.internal.jrtfs.JrtFileAttributes                                            : loaded 2 times (x 81B)
Class com.android.tools.build.jetifier.core.PackageMap                                : loaded 2 times (x 70B)
Class com.android.build.gradle.internal.dsl.PrivacySandboxSdkBundleImpl               : loaded 2 times (x 90B)
Class com.sun.xml.bind.api.BridgeContext                                              : loaded 2 times (x 74B)
Class com.android.build.gradle.internal.profile.TaskProfilingRecord                   : loaded 2 times (x 73B)
Class com.google.protobuf.LazyStringArrayList                                         : loaded 2 times (x 274B)
Class com.android.build.gradle.internal.plugins.AndroidPluginBaseServices$optionService$2: loaded 2 times (x 77B)
Class [Lorg.jetbrains.kotlin.metadata.ProtoBuf$Effect$InvocationKind;                 : loaded 2 times (x 67B)
Class com.android.build.gradle.internal.lint.AndroidLintAnalysisTask$LintVitalCreationAction: loaded 2 times (x 90B)
Class com.android.build.gradle.internal.scope.InternalArtifactType$NATIVE_DEBUG_METADATA: loaded 2 times (x 72B)
Class com.android.build.gradle.internal.services.FakeDependencyJarBuildService$FakeDependencyJarCreator$Params$Inject: loaded 2 times (x 106B)
Class com.android.builder.testing.api.DeviceProvider                                  : loaded 2 times (x 75B)
Class [Lcom.sun.xml.bind.v2.util.QNameMap$Entry;                                      : loaded 2 times (x 67B)
Class com.android.build.gradle.tasks.GenerateBuildConfig$CreationAction               : loaded 2 times (x 91B)
Class com.android.build.gradle.internal.tasks.factory.BootClasspathConfigImpl$sam$org_gradle_api_Transformer$0: loaded 2 times (x 73B)
Class com.google.gson.FieldNamingPolicy                                               : loaded 2 times (x 81B)
Class com.android.build.gradle.internal.component.features.ResValuesCreationConfig    : loaded 2 times (x 68B)
Class com.android.builder.internal.StringCachingService                               : loaded 2 times (x 68B)
Class com.google.protobuf.LazyFieldLite                                               : loaded 2 times (x 82B)
Class com.android.build.gradle.internal.core.dsl.ApkProducingComponentDslInfo         : loaded 2 times (x 68B)
Class com.android.build.gradle.internal.plugins.DslContainerProvider                  : loaded 2 times (x 68B)
Class com.android.build.gradle.AppExtension                                           : loaded 2 times (x 217B)
Class build_3mxquq13tb1gvpil77xaaa076$_run_closure1$_closure2                         : loaded 2 times (x 137B)
Class com.android.build.gradle.tasks.ExtractDeepLinksTask$BaseCreationAction$configure$1$1: loaded 2 times (x 72B)
Class com.android.build.gradle.internal.tasks.PerModuleBundleTask                     : loaded 2 times (x 336B)
Class com.android.build.gradle.internal.scope.InternalArtifactType$VALIDATE_SIGNING_CONFIG: loaded 2 times (x 72B)
Class com.android.build.gradle.internal.scope.InternalArtifactType$LINT_PUBLISH_JAR   : loaded 2 times (x 72B)
Class org.jetbrains.kotlin.gradle.utils.GradleUtilsKt                                 : loaded 2 times (x 69B)
Class build_3mxquq13tb1gvpil77xaaa076$_run_closure1$_closure3                         : loaded 2 times (x 137B)
Class org.jetbrains.kotlin.metadata.ProtoBuf$ExpressionOrBuilder                      : loaded 2 times (x 68B)
Class com.android.build.gradle.tasks.ExtractDeepLinksTask$BaseCreationAction$configure$1$2: loaded 2 times (x 72B)
Class com.sun.xml.bind.v2.runtime.unmarshaller.DefaultValueLoaderDecorator            : loaded 2 times (x 76B)
Class javax.xml.bind.annotation.XmlAccessorType                                       : loaded 2 times (x 68B)
Class com.android.tools.analytics.CommonMetricsData                                   : loaded 2 times (x 69B)
Class [Lcom.google.wireless.android.sdk.stats.GradleBuildProfileSpan$ExecutionType;   : loaded 2 times (x 67B)
Class com.android.build.gradle.internal.feature.BundleAllClasses$CreationAction$handleProvider$1: loaded 2 times (x 125B)
Class com.sun.xml.bind.v2.runtime.property.SingleMapNodeProperty$1                    : loaded 2 times (x 76B)
Class com.android.build.gradle.internal.SdkComponentsBuildService$VersionedSdkLoader$sdkDirectoryProvider$1: loaded 2 times (x 73B)
Class com.android.build.gradle.internal.tasks.SigningConfigVersionsWriterTask_Decorated: loaded 2 times (x 384B)
Class com.android.build.gradle.tasks.JavaCompileKt$computeJavaSourceWithoutDependencies$1$1: loaded 2 times (x 77B)
Class org.jetbrains.kotlin.gradle.plugin.RunOnceAfterEvaluated                        : loaded 2 times (x 70B)
Class com.android.build.gradle.internal.lint.AndroidLintTask$LintVitalCreationAction  : loaded 2 times (x 93B)
Class com.android.build.gradle.internal.BuildTypeData                                 : loaded 2 times (x 70B)
Class com.google.protobuf.MessageReflection$MergeTarget                               : loaded 2 times (x 68B)
Class com.android.build.gradle.internal.DependencyResolutionChecks$registerDependencyCheck$2: loaded 2 times (x 73B)
Class com.android.tools.analytics.Environment$SystemProperty                          : loaded 2 times (x 77B)
Class com.sun.xml.bind.v2.runtime.property.SingleMapNodeProperty$2                    : loaded 2 times (x 76B)
Class com.android.sdklib.repository.generated.common.v2.ApiDetailsType                : loaded 2 times (x 99B)
Class com.sun.xml.bind.v2.model.impl.ElementPropertyInfoImpl                          : loaded 2 times (x 121B)
Class com.android.tools.build.jetifier.core.utils.LogLevel                            : loaded 2 times (x 77B)
Class org.jetbrains.kotlin.gradle.dsl.KotlinJsProjectExtension                        : loaded 2 times (x 105B)
Class com.android.build.gradle.internal.services.FakeDependencyJarBuildService$FakeDependencyJarCreator$Params: loaded 2 times (x 68B)
Class com.android.build.gradle.internal.dsl.decorator.LockableList                    : loaded 2 times (x 168B)
Class com.android.build.gradle.internal.ClasspathVerifier                             : loaded 2 times (x 69B)
Class org.jetbrains.kotlin.tooling.core.Extras$Key$Companion                          : loaded 2 times (x 69B)
Class com.google.common.collect.Maps$EntrySet                                         : loaded 2 times (x 134B)
Class com.google.protobuf.CodedOutputStream$UnsafeDirectNioEncoder                    : loaded 2 times (x 108B)
Class com.android.build.gradle.internal.DependencyResolutionChecks$registerDependencyCheck$4: loaded 2 times (x 73B)
Class org.jetbrains.kotlin.gradle.incremental.IncrementalModuleInfoBuildService$sam$org_gradle_api_Action$0: loaded 2 times (x 73B)
Class com.android.build.gradle.internal.tasks.PackageForHostTest$CreationAction       : loaded 2 times (x 91B)
Class com.google.common.collect.ImmutableSortedMap$1EntrySet$1                        : loaded 2 times (x 172B)
Class com.android.build.gradle.internal.AndroidTestTaskManager$createVariantPreBuildTask$1: loaded 2 times (x 72B)
Class com.android.build.api.variant.AndroidResources                                  : loaded 2 times (x 68B)
Class org.jetbrains.kotlin.gradle.plugin.mpp.AbstractKotlinCompilationToRunnableFiles : loaded 2 times (x 188B)
Class org.jetbrains.kotlin.metadata.ProtoBuf$Modality                                 : loaded 2 times (x 80B)
Class org.jetbrains.kotlin.metadata.ProtoBuf$Class$1                                  : loaded 2 times (x 142B)
Class com.android.build.api.variant.impl.VariantImpl$optimizationCreationConfig$2     : loaded 2 times (x 77B)
Class com.google.protobuf.SmallSortedMap$1                                            : loaded 2 times (x 130B)
Class org.gradle.internal.classloader.SystemClassLoaderSpec                           : loaded 2 times (x 69B)
Class org.jetbrains.kotlin.metadata.ProtoBuf$Effect$EffectType$1                      : loaded 2 times (x 72B)
Class com.google.common.io.LineBuffer                                                 : loaded 2 times (x 73B)
Class com.android.build.api.variant.impl.LayeredSourceDirectoriesImpl$getAscendingOrderAssetSets$1: loaded 2 times (x 73B)
Class org.jetbrains.kotlin.gradle.plugin.AndroidProjectHandler$configureTarget$1      : loaded 2 times (x 77B)
Class org.jetbrains.kotlin.gradle.plugin.LanguageSettingsBuilder                      : loaded 2 times (x 68B)
Class com.android.build.api.dsl.KeepRules                                             : loaded 2 times (x 68B)
Class com.android.build.gradle.options.ProjectOptionService$RegistrationAction        : loaded 2 times (x 72B)
Class com.google.common.io.ByteSource$ConcatenatedByteSource                          : loaded 2 times (x 83B)
Class com.android.build.gradle.internal.core.dsl.features.BuildConfigDslInfo          : loaded 2 times (x 68B)
Class com.android.build.gradle.internal.res.GenerateLibraryRFileTask$CreationAction$handleProvider$1: loaded 2 times (x 125B)
Class org.jetbrains.kotlin.gradle.plugin.AndroidProjectHandler$configureTarget$2      : loaded 2 times (x 77B)
Class org.jetbrains.kotlin.gradle.plugin.KotlinAndroidPlugin                          : loaded 2 times (x 75B)
Class FlutterTask_Decorated$getDependenciesFiles                                      : loaded 2 times (x 150B)
Class jdk.internal.jimage.BasicImageReader$1                                          : loaded 2 times (x 75B)
Class org.jetbrains.kotlin.statistics.metrics.OrMetricContainer                       : loaded 2 times (x 78B)
Class org.jetbrains.kotlin.metadata.jvm.JvmProtoBuf$StringTableTypes$Record$Operation : loaded 2 times (x 80B)
Class org.jetbrains.org.objectweb.asm.ByteVector                                      : loaded 2 times (x 76B)
Class org.jetbrains.kotlin.utils.StringsKt                                            : loaded 2 times (x 69B)
Class com.android.build.gradle.tasks.ProcessApplicationManifest_Decorated             : loaded 2 times (x 419B)
Class com.android.build.gradle.internal.res.GenerateLibraryRFileTask$CreationAction$handleProvider$2: loaded 2 times (x 125B)
Class com.android.build.api.variant.impl.ManifestFilesImpl                            : loaded 2 times (x 78B)
Class com.google.gson.internal.bind.ReflectiveTypeAdapterFactory$FieldReflectionAdapter: loaded 2 times (x 75B)
Class org.jetbrains.kotlin.statistics.metrics.StringAnonymizationPolicy$ComponentVersionAnonymizer: loaded 2 times (x 76B)
Class com.android.build.api.dsl.DependencyVariantSelection                            : loaded 2 times (x 68B)
Class com.android.build.api.dsl.FailureRetention                                      : loaded 2 times (x 68B)
Class com.android.build.gradle.LibraryExtension_Decorated$buildTypes$0                : loaded 2 times (x 150B)
Class com.android.build.gradle.internal.services.LintParallelBuildServiceKt$getLintParallelBuildService$1: loaded 2 times (x 73B)
Class org.jetbrains.kotlin.build.report.metrics.BuildAttributeKind$Companion          : loaded 2 times (x 69B)
Class com.android.build.gradle.internal.res.GenerateLibraryRFileTask$CreationAction$handleProvider$3: loaded 2 times (x 125B)
Class com.android.build.gradle.internal.scope.InternalArtifactType$PROCESSED_RES      : loaded 2 times (x 72B)
Class com.android.build.api.component.impl.JavaCompilationImpl                        : loaded 2 times (x 73B)
Class com.android.build.gradle.internal.dsl.BundleOptionsLanguage$AgpDecorated        : loaded 2 times (x 79B)
Class com.android.build.gradle.internal.lint.LintFixBuildService                      : loaded 2 times (x 73B)
Class com.android.build.gradle.tasks.ZipMergingTask$CreationAction                    : loaded 2 times (x 88B)
Class com.google.wireless.android.sdk.stats.GradleBuildVariant$DexBuilderTool$1       : loaded 2 times (x 74B)
Class com.android.build.gradle.internal.component.features.InstrumentationCreationConfig: loaded 2 times (x 68B)
Class org.jetbrains.kotlin.gradle.plugin.sources.android.checker.KotlinAndroidSourceSetLayoutChecker: loaded 2 times (x 68B)
Class com.android.build.gradle.internal.dsl.ResourcesPackagingImpl                    : loaded 2 times (x 80B)
Class [Lorg.jetbrains.kotlin.metadata.ProtoBuf$Modality;                              : loaded 2 times (x 67B)
Class [Lcom.android.tools.lint.model.LintModelNamespacingMode;                        : loaded 2 times (x 67B)
Class com.sun.xml.bind.api.impl.NameConverter                                         : loaded 2 times (x 68B)
Class com.android.build.gradle.internal.publishing.PublishedConfigSpec                : loaded 2 times (x 70B)
Class com.android.build.gradle.internal.dsl.LibraryAndroidResourcesImpl$AgpDecorated  : loaded 2 times (x 126B)
Class com.android.build.gradle.internal.PropertiesValueSource$Params                  : loaded 2 times (x 68B)
Class com.android.build.gradle.internal.core.dsl.DynamicFeatureVariantDslInfo         : loaded 2 times (x 68B)
Class com.android.build.gradle.internal.TaskManager$createPackagingTask$configureResourcesAndAssetsDependencies$1: loaded 2 times (x 73B)
Class com.android.build.gradle.tasks.CompatibleScreensManifest                        : loaded 2 times (x 326B)
Class org.jetbrains.kotlin.gradle.plugin.VariantImplementationFactories$VariantImplementationFactory: loaded 2 times (x 68B)
Class com.google.common.io.CharSource$StringCharSource                                : loaded 2 times (x 84B)
Class org.jetbrains.kotlin.build.report.metrics.BuildAttribute                        : loaded 2 times (x 77B)
Class com.sun.xml.bind.v2.model.impl.RuntimeBuiltinLeafInfoImpl$PcdataImpl            : loaded 2 times (x 132B)
Class com.android.repository.impl.meta.Archive$CompleteType                           : loaded 2 times (x 77B)
Class com.android.build.gradle.internal.services.FakeDependencyJarBuildService$FakeDependencyJarCreator$Inject: loaded 2 times (x 109B)
Class com.android.build.gradle.internal.errors.DeprecationReporterImpl                : loaded 2 times (x 80B)
Class net.rubygrapefruit.platform.internal.Platform$FreeBSD64Bit                      : loaded 2 times (x 80B)
Class com.android.build.gradle.internal.errors.SyncIssueReporterImpl$GlobalSyncIssueService$Inject: loaded 2 times (x 100B)
Class com.android.build.api.component.analytics.AnalyticsEnabledComponent             : loaded 2 times (x 111B)
Class org.jetbrains.kotlin.gradle.plugin.sources.android.configurator.SingleTargetSourceDirConfigurator: loaded 2 times (x 73B)
Class com.android.build.gradle.internal.services.VariantServicesImpl                  : loaded 2 times (x 118B)
Class com.android.build.api.variant.impl.ArtifactMetadataProcessor$Companion$handleFinalizedByForType$1$1$1: loaded 2 times (x 73B)
Class com.android.build.gradle.tasks.JavaPreCompileTask_Decorated                     : loaded 2 times (x 374B)
Class com.android.build.gradle.internal.LibraryTaskManager$MergeResourceCallback      : loaded 2 times (x 73B)
Class com.sun.xml.bind.v2.model.runtime.RuntimeNonElement                             : loaded 2 times (x 68B)
Class com.sun.xml.bind.v2.model.impl.TypeInfoSetImpl$1                                : loaded 2 times (x 78B)
Class com.android.build.gradle.internal.dsl.DataBindingOptions                        : loaded 2 times (x 106B)
Class com.android.build.gradle.AssetPackPluginKt                                      : loaded 2 times (x 69B)
Class org.jetbrains.kotlin.protobuf.UninitializedMessageException                     : loaded 2 times (x 82B)
Class org.jetbrains.kotlin.protobuf.GeneratedMessageLite$ExtendableMessageOrBuilder   : loaded 2 times (x 68B)
Class com.android.build.api.variant.impl.ApplicationVariantImpl$signingConfig$2       : loaded 2 times (x 77B)
Class com.android.build.gradle.internal.dsl.PrivacySandboxSdkExtensionImpl            : loaded 2 times (x 122B)
Class com.android.build.gradle.internal.dsl.AndroidSourceSetFactory                   : loaded 2 times (x 75B)
Class com.android.build.api.dsl.Installation                                          : loaded 2 times (x 68B)
Class org.jetbrains.kotlin.descriptors.SourceElement                                  : loaded 2 times (x 68B)
Class com.android.build.gradle.internal.tasks.ExportConsumerProguardFilesTask$Companion: loaded 2 times (x 69B)
Class org.jetbrains.kotlin.gradle.plugin.mpp.compilationImpl.factory.ConfigurationNaming$Default: loaded 2 times (x 73B)
Class com.android.build.api.variant.impl.VariantImpl$resValues$2                      : loaded 2 times (x 77B)
Class org.jetbrains.kotlin.gradle.plugin.KotlinGradleBuildServices$Parameters$Inject  : loaded 2 times (x 106B)
Class com.android.build.gradle.internal.dsl.PrivacySandboxKeepRulesImpl               : loaded 2 times (x 86B)
Class com.google.protobuf.Message                                                     : loaded 2 times (x 68B)
Class com.android.build.gradle.internal.tasks.PrepareLintJarForPublish_Decorated      : loaded 2 times (x 374B)
Class com.android.build.gradle.internal.services.RunOnceBuildServiceImpl$ActionName   : loaded 2 times (x 70B)
Class com.google.common.collect.Interners$InternerBuilder                             : loaded 2 times (x 74B)
Class com.android.build.gradle.internal.lint.ProjectInputs                            : loaded 2 times (x 87B)
Class com.android.build.api.variant.LifecycleTasks                                    : loaded 2 times (x 68B)
Class com.android.repository.Revision$Precision                                       : loaded 2 times (x 77B)
Class com.android.build.api.dsl.TestFixtures                                          : loaded 2 times (x 68B)
Class com.google.protobuf.DescriptorProtos$FieldOptionsOrBuilder                      : loaded 2 times (x 68B)
Class org.jetbrains.kotlin.metadata.jvm.deserialization.JvmProtoBufUtil               : loaded 2 times (x 69B)
Class com.sun.xml.bind.v2.model.runtime.RuntimeNonElementRef                          : loaded 2 times (x 68B)
Class org.jetbrains.kotlin.gradle.plugin.mpp.compilationImpl.KotlinCompilationSourceSetInclusion$AddSourcesToCompileTask: loaded 2 times (x 68B)
Class com.android.build.gradle.internal.api.AndroidArtifactVariantImpl                : loaded 2 times (x 228B)
Class com.android.build.gradle.internal.dependency.DexingRegistration$ComponentSpecificParameters$Companion: loaded 2 times (x 69B)
Class com.android.build.gradle.internal.SdkLocationSourceSet                          : loaded 2 times (x 70B)
Class com.android.build.gradle.internal.manifest.ManifestValueSource$Params_Decorated : loaded 2 times (x 132B)
Class com.android.builder.signing.DefaultSigningConfig                                : loaded 2 times (x 107B)
Class com.android.build.gradle.internal.ide.dependencies.MavenCoordinatesCacheBuildService: loaded 2 times (x 78B)
Class org.jetbrains.org.objectweb.asm.tree.IincInsnNode                               : loaded 2 times (x 76B)
Class com.android.build.api.dsl.MultipleVariants                                      : loaded 2 times (x 68B)
Class org.jetbrains.kotlin.gradle.plugin.AndroidProjectHandler$configureTarget$2$1    : loaded 2 times (x 77B)
Class com.android.build.gradle.internal.scope.InternalArtifactType$CODE_COVERAGE      : loaded 2 times (x 72B)
Class com.android.tools.build.gradle.internal.profile.BooleanOption                   : loaded 2 times (x 85B)
Class org.jetbrains.kotlin.gradle.plugin.KotlinBasePluginWrapper                      : loaded 2 times (x 85B)
Class com.google.protobuf.DescriptorProtos$OneofOptions                               : loaded 2 times (x 242B)
Class com.android.build.gradle.internal.lint.AndroidLintTextOutputTask                : loaded 2 times (x 328B)
Class com.android.build.api.artifact.SingleArtifact$BUNDLE                            : loaded 2 times (x 72B)
Class com.android.build.gradle.internal.dsl.InternalBuildType                         : loaded 2 times (x 68B)
Class com.google.common.io.LineReader$1                                               : loaded 2 times (x 73B)
Class [Lcom.android.build.gradle.internal.dsl.ModulePropertyKey$OptionalBoolean;      : loaded 2 times (x 67B)
Class org.jetbrains.kotlin.gradle.tasks.configuration.TaskConfigAction                : loaded 2 times (x 70B)
Class net.rubygrapefruit.platform.internal.Platform$MacOs                             : loaded 2 times (x 80B)
Class com.android.sdklib.repository.generated.repository.v3.ObjectFactory             : loaded 2 times (x 77B)
Class com.android.build.gradle.internal.PropertiesValueSource$Inject                  : loaded 2 times (x 107B)
Class com.android.build.gradle.tasks.CompatibleScreensManifest$CreationAction         : loaded 2 times (x 88B)
Class com.android.build.gradle.internal.core.dsl.impl.ApplicationVariantDslInfoImpl   : loaded 2 times (x 193B)
Class com.android.build.gradle.internal.ide.v2.ModelBuilder$Companion                 : loaded 2 times (x 69B)
Class org.jetbrains.kotlin.gradle.plugin.KotlinPluginWrapperKt$sam$org_gradle_api_Action$0: loaded 2 times (x 73B)
Class com.android.builder.internal.aapt.AaptException                                 : loaded 2 times (x 80B)
Class com.android.build.gradle.tasks.JavaCompileKt$recordAnnotationProcessors$1       : loaded 2 times (x 73B)
Class com.android.build.gradle.internal.core.dsl.impl.AndroidTestComponentDslInfoImpl$instrumentedTestDelegate$2: loaded 2 times (x 77B)
Class org.jetbrains.kotlin.compilerRunner.GradleCliCommonizerKt$maybeCreateCommonizerClasspathConfiguration$1$1: loaded 2 times (x 77B)
Class com.android.build.gradle.internal.services.FakeDependencyJarBuildService$Params$Inject: loaded 2 times (x 104B)
Class com.android.build.gradle.internal.dsl.AaptOptions                               : loaded 2 times (x 118B)
Class com.google.protobuf.SmallSortedMap$EmptySet$1                                   : loaded 2 times (x 79B)
Class com.google.protobuf.WireFormat$FieldType$1                                      : loaded 2 times (x 81B)
Class com.sun.xml.bind.v2.model.impl.RuntimeElementInfoImpl                           : loaded 2 times (x 117B)
Class com.android.build.gradle.internal.scope.InternalArtifactType$APK_FROM_BUNDLE_IDE_REDIRECT_FILE: loaded 2 times (x 72B)
Class FlutterPlugin$_configurePluginDependencies_closure22                            : loaded 2 times (x 134B)
Class org.jetbrains.kotlin.gradle.plugin.mpp.KotlinJvmAndroidCompilation              : loaded 2 times (x 190B)
Class org.jetbrains.kotlin.gradle.plugin.VariantImplementationFactoriesKt$sam$org_gradle_api_Action$0: loaded 2 times (x 73B)
Class org.jetbrains.kotlin.gradle.dsl.KotlinProjectExtension                          : loaded 2 times (x 89B)
Class [Lcom.google.protobuf.FieldSet$FieldDescriptorLite;                             : loaded 2 times (x 67B)
Class com.google.protobuf.SmallSortedMap$EmptySet$2                                   : loaded 2 times (x 77B)
Class com.google.protobuf.WireFormat$FieldType$2                                      : loaded 2 times (x 81B)
Class com.android.build.gradle.internal.api.LibraryVariantOutputImpl                  : loaded 2 times (x 114B)
Class com.android.build.api.dsl.Prefab                                                : loaded 2 times (x 68B)
Class com.android.build.gradle.internal.publishing.PublishingSpecs$Companion$1        : loaded 2 times (x 76B)
Class org.jetbrains.kotlin.gradle.plugin.KotlinPlatformType$CompatibilityRule         : loaded 2 times (x 74B)
Class com.android.build.gradle.internal.tasks.MergeStartupProfileTask$CreationAction$handleProvider$1: loaded 2 times (x 125B)
Class com.android.build.api.dsl.BundleAbi                                             : loaded 2 times (x 68B)
Class com.google.protobuf.WireFormat$FieldType$3                                      : loaded 2 times (x 81B)
Class com.android.manifmerger.ManifestMerger2$Invoker                                 : loaded 2 times (x 93B)
Class org.jetbrains.kotlin.gradle.tasks.KotlinJavaToolchain$JdkSetter                 : loaded 2 times (x 68B)
Class com.android.build.gradle.internal.publishing.PublishingSpecs$Companion$2        : loaded 2 times (x 76B)
Class org.jetbrains.kotlin.gradle.plugin.mpp.compilationImpl.factory.DefaultKotlinCompilationPostConfigure: loaded 2 times (x 72B)
Class org.jetbrains.kotlin.gradle.plugin.AbstractKotlinMultiplatformPluginWrapper     : loaded 2 times (x 85B)
Class org.jetbrains.kotlin.gradle.targets.js.npm.NpmDependency                        : loaded 2 times (x 99B)
Class org.jetbrains.kotlin.gradle.plugin.KotlinGradleFinishBuildHandler               : loaded 2 times (x 70B)
Class com.android.builder.errors.EvalIssueException                                   : loaded 2 times (x 80B)
Class com.android.build.gradle.internal.api.ApkVariantOutputImpl_Decorated$hasProperty: loaded 2 times (x 150B)
Class org.jetbrains.org.objectweb.asm.TypePath                                        : loaded 2 times (x 70B)
Class org.jetbrains.kotlin.protobuf.RopeByteString$RopeInputStream                    : loaded 2 times (x 90B)
Class com.google.protobuf.WireFormat$FieldType$4                                      : loaded 2 times (x 81B)
Class com.android.build.gradle.internal.publishing.PublishingSpecs$Companion$3        : loaded 2 times (x 76B)
Class com.android.build.gradle.internal.dependency.SubtractingArtifactCollection$SubtractingArtifactResult$artifactResults$1: loaded 2 times (x 77B)
Class com.android.builder.model.LintOptions                                           : loaded 2 times (x 68B)
Class com.android.build.gradle.internal.res.Aapt2FromMaven$Companion$Aapt2Extractor$Inject1: loaded 2 times (x 107B)
Class [Lorg.jetbrains.kotlin.config.JVMAssertionsMode;                                : loaded 2 times (x 67B)
Class com.android.build.gradle.internal.publishing.PublishingSpecs$Companion$4        : loaded 2 times (x 76B)
Class com.android.build.gradle.tasks.GenerateManifestJarTask$CreationAction           : loaded 2 times (x 88B)
Class com.sun.xml.bind.v2.runtime.reflect.Lister$ArrayLister                          : loaded 2 times (x 75B)
Class com.android.sdklib.repository.legacy.remote.internal.DownloadCache              : loaded 2 times (x 75B)
Class com.android.build.gradle.internal.publishing.PublishingSpecs$Companion$5        : loaded 2 times (x 76B)
Class com.android.build.gradle.internal.publishing.AndroidArtifacts$ArtifactType      : loaded 2 times (x 77B)
Class com.android.build.gradle.internal.dsl.DependencyVariantSelectionImpl            : loaded 2 times (x 76B)
Class org.jetbrains.kotlin.gradle.targets.js.dsl.KotlinWasmSubTargetContainerDsl      : loaded 2 times (x 68B)
Class com.android.build.gradle.internal.core.dsl.impl.ApplicationVariantDslInfoImpl$versionName$2$versionNameFromFlavors$1: loaded 2 times (x 76B)
Class com.android.build.api.artifact.impl.StorageProviderImpl                         : loaded 2 times (x 70B)
Class org.jetbrains.org.objectweb.asm.tree.MethodInsnNode                             : loaded 2 times (x 78B)
Class org.jetbrains.kotlin.gradle.plugin.sources.KotlinDependencyScope$Companion      : loaded 2 times (x 69B)
Class com.android.build.gradle.internal.lint.AndroidLintAnalysisTask$PerComponentCreationAction: loaded 2 times (x 88B)
Class org.jetbrains.org.objectweb.asm.Label                                           : loaded 2 times (x 71B)
Class org.jetbrains.kotlin.tooling.core.ExtrasFactoryProperty                         : loaded 2 times (x 68B)
Class com.android.build.gradle.internal.tasks.factory.features.DexingTaskCreationAction: loaded 2 times (x 68B)
Class com.android.build.gradle.internal.tasks.factory.GlobalTaskCreationConfigImpl$platformAttrs$2: loaded 2 times (x 77B)
Class jdk.internal.jimage.decompressor.ResourceDecompressorRepository                 : loaded 2 times (x 69B)
Class com.android.build.gradle.tasks.BundleAar$Companion                              : loaded 2 times (x 69B)
Class com.sun.xml.bind.v2.model.impl.AttributePropertyInfoImpl                        : loaded 2 times (x 122B)
Class com.sun.xml.bind.v2.runtime.RuntimeUtil                                         : loaded 2 times (x 69B)
Class com.android.build.gradle.internal.AndroidTestTaskManager$createConnectedTestForVariant$connectedCheckSerials$1: loaded 2 times (x 72B)
Class org.jetbrains.kotlin.gradle.utils.ProviderApiUtilsKt$sam$i$org_gradle_api_Transformer$0: loaded 2 times (x 73B)
Class org.jetbrains.kotlin.gradle.plugin.KotlinGradleBuildServices$Companion$registerIfAbsent$1: loaded 2 times (x 77B)
Class com.android.build.api.dsl.NdkBuildFlags                                         : loaded 2 times (x 68B)
Class com.android.build.api.dsl.LibraryPublishing                                     : loaded 2 times (x 68B)
Class org.jetbrains.kotlin.metadata.ProtoBuf$PropertyOrBuilder                        : loaded 2 times (x 68B)
Class org.jetbrains.org.objectweb.asm.tree.LabelNode                                  : loaded 2 times (x 78B)
Class com.google.common.collect.Range                                                 : loaded 2 times (x 85B)
Class com.sun.xml.bind.v2.model.core.ID                                               : loaded 2 times (x 77B)
Class javax.xml.bind.JAXBContextFactory                                               : loaded 2 times (x 68B)
Class com.android.build.gradle.internal.scope.InternalArtifactType$APK_FROM_BUNDLE_IDE_MODEL: loaded 2 times (x 72B)
Class com.google.gson.internal.bind.NumberTypeAdapter$1                               : loaded 2 times (x 74B)
Class com.google.gson.ToNumberPolicy$1                                                : loaded 2 times (x 81B)
Class com.android.build.api.dsl.JacocoOptions                                         : loaded 2 times (x 68B)
Class javax.xml.bind.annotation.XmlElement$DEFAULT                                    : loaded 2 times (x 69B)
Class javax.xml.bind.annotation.XmlNs                                                 : loaded 2 times (x 68B)
Class com.android.build.gradle.internal.tasks.MergeNativeDebugMetadataTask$CreationAction$handleProvider$1: loaded 2 times (x 125B)
Class com.android.tools.build.jetifier.core.type.TypesMap$Companion                   : loaded 2 times (x 69B)
Class com.android.tools.build.jetifier.core.rule.RewriteRulesMap                      : loaded 2 times (x 70B)
Class com.google.gson.ToNumberPolicy$2                                                : loaded 2 times (x 81B)
Class com.android.build.gradle.internal.core.dsl.impl.features.PrivacySandboxDslInfoImpl: loaded 2 times (x 73B)
Class com.android.build.gradle.internal.tasks.factory.GlobalTaskCreationConfigImpl    : loaded 2 times (x 137B)
Class [Lcom.google.common.base.CaseFormat;                                            : loaded 2 times (x 67B)
Class org.jetbrains.kotlin.gradle.internal.KotlinTestDependencyManagementKt$maybeAddTestDependencyCapability$1: loaded 2 times (x 77B)
Class com.google.gson.ToNumberPolicy$3                                                : loaded 2 times (x 81B)
Class com.android.build.api.variant.TestedComponentPackaging                          : loaded 2 times (x 68B)
Class org.jetbrains.kotlin.gradle.tooling.IncludeKotlinToolingMetadataInApkKt$includeKotlinToolingMetadataInApk$1: loaded 2 times (x 77B)
Class com.android.build.api.dsl.DynamicFeatureBuildType                               : loaded 2 times (x 68B)
Class com.android.build.gradle.internal.ide.dependencies.MavenCoordinatesCacheBuildService$Parameters: loaded 2 times (x 68B)
Class com.android.build.gradle.internal.tasks.R8Task                                  : loaded 2 times (x 368B)
Class com.android.build.gradle.internal.scope.InternalArtifactType$BUNDLE_MANIFEST    : loaded 2 times (x 72B)
Class com.google.gson.internal.LazilyParsedNumber                                     : loaded 2 times (x 76B)
Class com.google.gson.ToNumberPolicy$4                                                : loaded 2 times (x 81B)
Class com.android.build.api.variant.ApplicationAndroidComponentsExtension             : loaded 2 times (x 68B)
Class com.android.build.gradle.internal.test.TestDataImpl                             : loaded 2 times (x 108B)
Class com.android.build.api.variant.impl.VariantImpl$nativeBuildCreationConfig$2      : loaded 2 times (x 77B)
Class com.android.build.gradle.internal.ManagedDeviceUtilsKt$getManagedDeviceAvdFolder$1: loaded 2 times (x 73B)
Class com.android.build.gradle.internal.utils.AnalyticsSettingsUtils$analyticsEnabledProvider$1: loaded 2 times (x 72B)
Class com.android.build.api.variant.AndroidTestBuilder                                : loaded 2 times (x 68B)
Class org.jetbrains.kotlin.gradle.incremental.IncrementalModuleInfoBuildService$Parameters: loaded 2 times (x 70B)
Class com.google.wireless.android.sdk.stats.AndroidStudioStats                        : loaded 2 times (x 69B)
Class com.sun.xml.bind.v2.model.runtime.RuntimeTypeInfoSet                            : loaded 2 times (x 68B)
Class com.android.build.api.variant.impl.AndroidResourcesImplKt                       : loaded 2 times (x 69B)
Class com.android.build.gradle.internal.core.dsl.MultiVariantComponentDslInfo         : loaded 2 times (x 68B)
Class com.google.protobuf.DescriptorProtos$FieldDescriptorProto$Builder               : loaded 2 times (x 318B)
Class [Lcom.android.sdklib.BuildToolInfo$PathId;                                      : loaded 2 times (x 67B)
Class org.jetbrains.kotlin.gradle.plugin.mpp.compilationImpl.KotlinCompilationAssociatorKt$sam$org_gradle_api_Action$0: loaded 2 times (x 73B)
Class com.google.gson.internal.bind.ReflectiveTypeAdapterFactory$RecordAdapter        : loaded 2 times (x 75B)
Class com.android.build.api.component.impl.DeviceTestImpl                             : loaded 2 times (x 501B)
Class com.android.build.gradle.internal.dependency.DexingOutputSplitTransform$Parameters: loaded 2 times (x 68B)
Class net.rubygrapefruit.platform.NativeIntegrationLinkageException                   : loaded 2 times (x 80B)
Class org.jetbrains.kotlin.metadata.ProtoBuf$Expression$ConstantValue                 : loaded 2 times (x 80B)
Class com.android.build.gradle.internal.lint.AndroidLintTextOutputTask$VariantCreationAction: loaded 2 times (x 90B)
Class com.android.build.gradle.internal.tasks.AsarsToCompatSplitsTask$CreationAction$handleProvider$1: loaded 2 times (x 125B)
Class com.google.wireless.android.sdk.stats.GradleBuildVariant$PrivacySandboxDependenciesInfoOrBuilder: loaded 2 times (x 68B)
Class org.jetbrains.kotlin.gradle.targets.js.npm.NpmDependency$Scope                  : loaded 2 times (x 77B)
Class com.sun.xml.bind.v2.model.impl.ClassInfoImpl$SecondaryAnnotation                : loaded 2 times (x 78B)
Class org.jetbrains.kotlin.metadata.ProtoBuf$Annotation$Argument$Value$1              : loaded 2 times (x 142B)
Class com.android.build.api.variant.ResourcesPackaging                                : loaded 2 times (x 68B)
Class com.android.build.api.artifact.impl.InAndOutDirectoryOperationRequestImpl       : loaded 2 times (x 80B)
Class org.jetbrains.kotlin.gradle.plugin.mpp.KotlinUsages$KotlinMetadataDisambiguation: loaded 2 times (x 74B)
Class com.android.build.gradle.internal.tasks.SourceSetsTask                          : loaded 2 times (x 330B)
Class com.android.build.gradle.internal.dsl.PackagingOptions$AgpDecorated_Decorated   : loaded 2 times (x 164B)
Class org.jetbrains.kotlin.descriptors.Visibilities$InvisibleFake                     : loaded 2 times (x 77B)
Class org.jetbrains.kotlin.gradle.plugin.sources.InternalKotlinSourceSet$DefaultImpls : loaded 2 times (x 69B)
Class com.android.repository.api.RepoPackage                                          : loaded 2 times (x 68B)
Class org.jetbrains.kotlin.gradle.plugin.mpp.KotlinCompilationFactory                 : loaded 2 times (x 68B)
Class com.android.build.gradle.internal.tasks.factory.BootClasspathConfigImpl$filteredBootClasspath$2$5: loaded 2 times (x 125B)
Class com.sun.xml.bind.v2.model.impl.RuntimeAttributePropertyInfoImpl                 : loaded 2 times (x 142B)
Class com.android.sdklib.repository.meta.DetailsTypes$PlatformDetailsType$LayoutlibType: loaded 2 times (x 71B)
Class com.android.build.api.variant.impl.SourcesImpl$manifestFile$1                   : loaded 2 times (x 73B)
Class FlutterPlugin$_apply_closure7$_closure33                                        : loaded 2 times (x 134B)
Class com.android.build.api.dsl.EmulatorSnapshots                                     : loaded 2 times (x 68B)
Class [Lcom.android.build.gradle.internal.dsl.decorator.SupportedPropertyType;        : loaded 2 times (x 67B)
Class com.android.build.gradle.internal.errors.DeprecationReporter$DeprecationTarget  : loaded 2 times (x 77B)
Class com.android.build.api.dsl.ApplicationBuildType                                  : loaded 2 times (x 68B)
Class com.google.common.cache.LocalCache$SoftValueReference                           : loaded 2 times (x 95B)
Class javax.xml.bind.annotation.adapters.XmlJavaTypeAdapters                          : loaded 2 times (x 68B)
Class com.sun.xml.bind.v2.model.impl.RuntimeClassInfoImpl$RuntimePropertySeed         : loaded 2 times (x 82B)
Class org.jetbrains.kotlin.cli.common.arguments.CommonCompilerArguments               : loaded 2 times (x 75B)
Class com.android.build.api.dsl.KmpOptimization                                       : loaded 2 times (x 68B)
Class build_cnfogn0qywn70loh19mre7iqd$_run_closure1$_closure2                         : loaded 2 times (x 137B)
Class com.google.common.collect.ImmutableList$SerializedForm                          : loaded 2 times (x 71B)
Class com.sun.xml.bind.v2.runtime.property.SingleElementLeafProperty                  : loaded 2 times (x 100B)
Class com.android.build.api.component.analytics.AnalyticsEnabledLibraryVariant$userVisibleTestFixtures$2: loaded 2 times (x 77B)
Class com.android.build.gradle.internal.lint.VariantWithTests                         : loaded 2 times (x 70B)
Class com.android.build.gradle.internal.utils.PublishingUtils                         : loaded 2 times (x 69B)
Class org.jetbrains.kotlin.gradle.plugin.KotlinAndroidPlugin$Companion$dynamicallyApplyWhenAndroidPluginIsApplied$3: loaded 2 times (x 77B)
Class org.jetbrains.kotlin.gradle.dsl.KotlinJvmOptions                                : loaded 2 times (x 68B)
Class com.android.build.gradle.internal.ide.v2.NativeModelBuilder$configurationModels$2: loaded 2 times (x 77B)
Class com.android.build.gradle.internal.dsl.VectorDrawablesOptions_Decorated          : loaded 2 times (x 134B)
Class javax.xml.bind.annotation.XmlElementRefs                                        : loaded 2 times (x 68B)
Class org.jetbrains.kotlin.metadata.ProtoBuf$EnumEntryOrBuilder                       : loaded 2 times (x 68B)
Class com.android.build.gradle.internal.dsl.ExternalNativeBuild$AgpDecorated          : loaded 2 times (x 94B)
Class org.gradle.api.UncheckedIOException                                             : loaded 2 times (x 80B)
Class org.jetbrains.kotlin.metadata.ProtoBuf$Annotation$Argument                      : loaded 2 times (x 106B)
Class com.sun.xml.bind.v2.model.impl.BuiltinLeafInfoImpl                              : loaded 2 times (x 103B)
Class com.android.build.gradle.internal.cxx.logging.ThreadLoggingEnvironment$Companion$BottomLoggingEnvironment: loaded 2 times (x 79B)
Class com.android.builder.compiling.BuildConfigType                                   : loaded 2 times (x 77B)
Class com.android.build.gradle.internal.dsl.BundleOptionsLanguage                     : loaded 2 times (x 75B)
Class com.android.build.gradle.internal.BadPluginException                            : loaded 2 times (x 80B)
Class com.android.build.gradle.internal.tasks.CheckAarMetadataTask$CreationAction$configure$2$1: loaded 2 times (x 72B)
Class org.jetbrains.kotlin.gradle.tasks.KotlinCompile_Decorated                       : loaded 2 times (x 545B)
Class com.google.gson.internal.Excluder                                               : loaded 2 times (x 73B)
Class org.jetbrains.kotlin.gradle.plugin.internal.state.TaskLoggers                   : loaded 2 times (x 69B)
Class com.sun.xml.bind.v2.model.impl.Utils                                            : loaded 2 times (x 69B)
Class com.android.build.gradle.internal.scope.InternalArtifactType$TEST_FIXTURES_LINT_PARTIAL_RESULTS: loaded 2 times (x 72B)
Class org.jetbrains.kotlin.gradle.plugin.KotlinTargetsContainerWithPresets            : loaded 2 times (x 68B)
Class com.android.build.gradle.internal.dsl.BundleOptionsCodeTransparency$AgpDecorated_Decorated: loaded 2 times (x 127B)
Class FlutterPlugin                                                                   : loaded 2 times (x 89B)
Class com.android.sdklib.repository.generated.repository.v3.PlatformDetailsType       : loaded 2 times (x 110B)
Class com.android.build.gradle.internal.tasks.SigningConfigWriterTask$CreationAction  : loaded 2 times (x 88B)
Class com.android.build.gradle.internal.tasks.DexArchiveBuilderTask$CreationAction$handleProvider$1: loaded 2 times (x 76B)
Class com.google.wireless.android.sdk.stats.AsmClassesTransformRegistration           : loaded 2 times (x 196B)
Class com.android.build.gradle.internal.dsl.BundleOptionsCountrySet$AgpDecorated      : loaded 2 times (x 83B)
Class com.android.build.gradle.internal.CompileOptions$AgpDecorated                   : loaded 2 times (x 95B)
Class com.google.wireless.android.sdk.stats.GradleBuildVariant$VariantType$1          : loaded 2 times (x 74B)
Class com.google.protobuf.UnsafeUtil$1                                                : loaded 2 times (x 74B)
Class [Lcom.google.common.io.FileWriteMode;                                           : loaded 2 times (x 67B)
Class com.google.common.io.Files$FileByteSink                                         : loaded 2 times (x 75B)
Class com.sun.xml.bind.v2.runtime.reflect.Accessor$GetterOnlyReflection               : loaded 2 times (x 83B)
Class com.android.build.gradle.internal.tasks.DexArchiveBuilderTask$CreationAction$handleProvider$2: loaded 2 times (x 76B)
Class com.android.build.gradle.internal.core.dsl.impl.HostTestComponentDslInfoImpl$namespace$2: loaded 2 times (x 77B)
Class com.android.build.api.variant.impl.VariantImpl$externalExtensions$2             : loaded 2 times (x 77B)
Class com.android.build.gradle.internal.tasks.AndroidVariantTask                      : loaded 2 times (x 320B)
Class org.jetbrains.kotlin.metadata.jvm.JvmProtoBuf$JvmPropertySignature$Builder      : loaded 2 times (x 139B)
Class org.jetbrains.kotlin.statistics.metrics.ConcatMetricContainer                   : loaded 2 times (x 75B)
Class com.android.build.gradle.internal.tasks.DexArchiveBuilderTask$CreationAction$handleProvider$3: loaded 2 times (x 76B)
Class com.android.build.gradle.internal.TaskManager$createAssembleTask$1              : loaded 2 times (x 73B)
Class com.android.build.gradle.internal.variant.ApkVariantData                        : loaded 2 times (x 70B)
Class com.android.build.gradle.internal.core.dsl.impl.ComponentDslInfoImpl            : loaded 2 times (x 116B)
Class org.jetbrains.kotlin.gradle.utils.MutableObservableSet                          : loaded 2 times (x 68B)
Class com.android.build.gradle.options.OptionalBooleanOption                          : loaded 2 times (x 84B)
Class com.android.build.gradle.internal.tasks.factory.BootClasspathConfigImpl$filteredBootClasspath$2$4: loaded 2 times (x 125B)
Class org.jetbrains.kotlin.metadata.ProtoBuf$Class                                    : loaded 2 times (x 178B)
Class org.jetbrains.kotlin.gradle.plugin.KotlinCompilation$DefaultImpls               : loaded 2 times (x 69B)
Class com.android.build.gradle.internal.tasks.DexArchiveBuilderTask$CreationAction$handleProvider$4: loaded 2 times (x 76B)
Class com.android.build.gradle.internal.TaskManager$createAssembleTask$2              : loaded 2 times (x 73B)
Class com.android.build.gradle.internal.api.artifact.SourceArtifactType$JNI_LIBS      : loaded 2 times (x 72B)
Class com.google.protobuf.SmallSortedMap                                              : loaded 2 times (x 130B)
Class com.android.tools.analytics.HostData$threadBean$2                               : loaded 2 times (x 76B)
Class org.jetbrains.kotlin.protobuf.ByteString$Output                                 : loaded 2 times (x 84B)
Class com.android.build.gradle.internal.lint.AndroidLintAnalysisTask$VariantCreationAction: loaded 2 times (x 90B)
Class com.android.build.gradle.internal.tasks.DexArchiveBuilderTask$CreationAction$handleProvider$5: loaded 2 times (x 76B)
Class com.android.build.gradle.internal.tasks.SigningConfigVersionsWriterTask$CreationAction$handleProvider$1: loaded 2 times (x 125B)
Class com.android.build.gradle.internal.tasks.DexArchiveBuilderTask$CreationAction$handleProvider$6: loaded 2 times (x 125B)
Class com.android.build.api.artifact.TaskBasedOperation                               : loaded 2 times (x 68B)
Class com.android.build.api.variant.GeneratesTestApk                                  : loaded 2 times (x 68B)
Class org.jetbrains.kotlin.gradle.plugin.mpp.pm20.KotlinPm20ProjectExtension          : loaded 2 times (x 84B)
Class com.android.build.gradle.internal.tasks.DexArchiveBuilderTask$CreationAction$handleProvider$7: loaded 2 times (x 125B)
Class com.android.build.api.component.analytics.AnalyticsEnabledApplicationVariant$userVisibleTestFixtures$2: loaded 2 times (x 77B)
Class org.jetbrains.kotlin.metadata.ProtoBuf$Contract                                 : loaded 2 times (x 105B)
Class com.google.protobuf.DescriptorProtos$DescriptorProto$1                          : loaded 2 times (x 149B)
Class com.sun.xml.bind.v2.model.core.TypeInfoSet                                      : loaded 2 times (x 68B)
Class FlutterPlugin$_addFlutterTasks_closure24$_closure69$_closure72$_closure74$_closure76: loaded 2 times (x 134B)
Class com.android.build.gradle.internal.publishing.AppVariantSpecBuilder              : loaded 2 times (x 88B)
Class com.android.build.api.variant.impl.FileBasedDirectoryEntryImpl                  : loaded 2 times (x 82B)
Class com.android.build.gradle.internal.tasks.DexArchiveBuilderTask$CreationAction$handleProvider$8: loaded 2 times (x 125B)
Class com.google.gson.internal.sql.SqlTimestampTypeAdapter                            : loaded 2 times (x 74B)
Class org.jetbrains.kotlin.gradle.plugin.mpp.KotlinAndroidTarget_Decorated            : loaded 2 times (x 190B)
Class org.jetbrains.kotlin.gradle.plugin.statistics.KotlinBuildStatsService           : loaded 2 times (x 89B)
Class com.android.build.gradle.internal.tasks.factory.GlobalTaskCreationAction        : loaded 2 times (x 89B)
Class com.android.build.gradle.internal.tasks.DeviceSerialTestTask                    : loaded 2 times (x 311B)
Class com.android.build.gradle.internal.dsl.AndroidTestImpl$AgpDecorated              : loaded 2 times (x 78B)
Class org.jetbrains.kotlin.gradle.plugin.statistics.DaemonReuseCounter                : loaded 2 times (x 74B)
Class com.android.build.gradle.internal.tasks.DexArchiveBuilderTask$CreationAction$handleProvider$9: loaded 2 times (x 76B)
Class com.android.build.api.variant.AarMetadata                                       : loaded 2 times (x 68B)
Class com.android.build.gradle.internal.transforms.ShrinkAppBundleResourcesTask$CreationAction: loaded 2 times (x 88B)
Class com.android.build.api.variant.impl.VariantImpl$pseudoLocalesEnabled$2           : loaded 2 times (x 77B)
Class com.android.build.gradle.internal.DependencyResolutionChecks                    : loaded 2 times (x 69B)
Class com.android.build.gradle.options.ProjectOptionService$Params                    : loaded 2 times (x 68B)
Class [Lorg.jetbrains.kotlin.metadata.ProtoBuf$MemberKind;                            : loaded 2 times (x 67B)
Class com.android.build.gradle.internal.scope.InternalArtifactType$GLOBAL_SYNTHETICS_PROJECT: loaded 2 times (x 72B)
Class com.android.build.gradle.tasks.MergeSourceSetFolders$MergeJniLibFoldersCreationAction$configure$1: loaded 2 times (x 77B)
Class com.android.build.gradle.internal.tasks.SigningConfigWriterTask$CreationAction$handleProvider$1: loaded 2 times (x 125B)
Class com.android.build.gradle.internal.core.dsl.impl.InstrumentedTestDslInfoImpl$testLabel$1: loaded 2 times (x 72B)
Class org.jetbrains.kotlin.gradle.plugin.sources.android.configurator.MultiplatformLayoutV2SourceDirConfigurator: loaded 2 times (x 73B)
Class org.jetbrains.kotlin.gradle.plugin.KotlinSourceSetContainer                     : loaded 2 times (x 68B)
Class com.android.build.api.variant.HasDeviceTests                                    : loaded 2 times (x 68B)
Class com.google.protobuf.UnmodifiableLazyStringList                                  : loaded 2 times (x 239B)
Class org.jetbrains.kotlin.gradle.tasks.DefaultKotlinJavaToolchain$DefaultJavaToolchainSetter$useAsConvention$1: loaded 2 times (x 123B)
Class com.android.sdklib.repository.generated.sysimg.v2.package-info                  : loaded 2 times (x 68B)
Class com.android.build.gradle.internal.variant.VariantPathHelper$dirName$2           : loaded 2 times (x 77B)
Class com.android.build.gradle.internal.core.dsl.impl.TestedVariantDslInfoImpl        : loaded 2 times (x 147B)
Class com.android.ide.common.build.CommonBuiltArtifacts                               : loaded 2 times (x 68B)
Class com.sun.xml.bind.v2.model.core.ElementPropertyInfo                              : loaded 2 times (x 68B)
Class com.android.sdklib.repository.generated.repository.v3.LayoutlibType             : loaded 2 times (x 72B)
Class com.android.build.gradle.internal.res.GenerateApiPublicTxtTask$CreationAction$handleProvider$1: loaded 2 times (x 125B)
Class com.android.ide.common.resources.DataSet                                        : loaded 2 times (x 111B)
Class com.android.build.gradle.internal.dependency.DexingOutputSplitTransformKt$registerTransformWithOutputType$1$WhenMappings: loaded 2 times (x 69B)
Class com.android.build.api.artifact.impl.ArtifactsImpl$1                             : loaded 2 times (x 76B)
Class com.android.build.gradle.internal.plugins.BasePlugin$taskManagerConfig$2        : loaded 2 times (x 77B)
Class com.android.build.api.variant.AndroidComponents                                 : loaded 2 times (x 68B)
Class com.android.build.gradle.TestPlugin                                             : loaded 2 times (x 74B)
Class com.android.build.gradle.internal.BuildToolsExecutableInput                     : loaded 2 times (x 72B)
Class org.jetbrains.kotlin.incremental.classpathDiff.ClassSnapshotGranularity         : loaded 2 times (x 77B)
Class com.android.build.gradle.internal.dependency.IdentityTransform$Inject1          : loaded 2 times (x 107B)
Class com.android.build.gradle.internal.scope.InternalArtifactType$CONNECTED_ANDROID_TEST_ADDITIONAL_OUTPUT: loaded 2 times (x 72B)
Class com.android.build.gradle.api.VersionedVariant                                   : loaded 2 times (x 68B)
Class com.android.build.gradle.internal.dsl.ManagedDevices_Decorated                  : loaded 2 times (x 128B)
Class com.android.build.api.variant.CanMinifyCodeBuilder                              : loaded 2 times (x 68B)
Class com.android.build.gradle.internal.plugins.BasePlugin$configureProject$5         : loaded 2 times (x 72B)
Class org.jetbrains.kotlin.protobuf.SmallSortedMap$Entry                              : loaded 2 times (x 86B)
Class org.jetbrains.kotlin.metadata.ProtoBuf$VersionRequirementTable                  : loaded 2 times (x 105B)
Class org.jetbrains.org.objectweb.asm.SymbolTable                                     : loaded 2 times (x 70B)
Class com.android.build.gradle.internal.FileExistsValueSource                         : loaded 2 times (x 76B)
Class com.android.build.gradle.internal.scope.ArtifactTypeUtil                        : loaded 2 times (x 69B)
Class org.jetbrains.kotlin.tooling.core.Extras$Key                                    : loaded 2 times (x 70B)
Class org.jetbrains.kotlin.statistics.metrics.NumberOverridePolicy$OVERRIDE           : loaded 2 times (x 83B)
Class org.jetbrains.kotlin.statistics.metrics.StringOverridePolicy$CONCAT             : loaded 2 times (x 83B)
Class com.android.build.gradle.internal.DependencyResourcesComputer                   : loaded 2 times (x 77B)
Class com.android.sdklib.repository.generated.sysimg.v1.SysImgDetailsType             : loaded 2 times (x 133B)
Class com.android.repository.impl.meta.Archive$HostConfig                             : loaded 2 times (x 70B)
Class com.android.build.gradle.internal.tasks.SdkDependencyDataGeneratorTask          : loaded 2 times (x 324B)
Class com.android.build.gradle.internal.scope.InternalArtifactType$BASE_MODULE_METADATA: loaded 2 times (x 72B)
Class com.android.build.gradle.internal.core.dsl.impl.ComponentDslInfoImpl$1          : loaded 2 times (x 76B)
Class com.android.build.gradle.internal.manifest.LazyManifestParser$manifestData$1    : loaded 2 times (x 73B)
Class com.android.build.api.dsl.TestDefaultConfig                                     : loaded 2 times (x 68B)
Class com.google.gson.JsonParseException                                              : loaded 2 times (x 80B)
Class org.jetbrains.kotlin.metadata.jvm.deserialization.BitEncoding                   : loaded 2 times (x 69B)
Class com.android.build.gradle.internal.services.VariantServicesImpl$toRegularFileProvider$1: loaded 2 times (x 73B)
Class com.android.build.gradle.internal.scope.InternalArtifactType$RENDERSCRIPT_SOURCE_OUTPUT_DIR: loaded 2 times (x 72B)
Class org.jetbrains.kotlin.gradle.tasks.KotlinCompile$compilerArgumentsContributor$2  : loaded 2 times (x 77B)
Class com.android.repository.impl.generated.v2.ChannelType                            : loaded 2 times (x 81B)
Class com.android.repository.impl.generated.v2.DependenciesType                       : loaded 2 times (x 73B)
Class com.android.build.gradle.internal.variant.BaseVariantData$getGeneratedBytecode$1: loaded 2 times (x 72B)
Class com.android.build.gradle.internal.AndroidJarInput_Decorated                     : loaded 2 times (x 121B)
Class com.android.build.gradle.internal.scope.BootClasspathBuilder                    : loaded 2 times (x 69B)
Class com.android.build.api.variant.impl.SourcesImpl$renderscript$2                   : loaded 2 times (x 77B)
Class com.android.tools.build.jetifier.processor.transform.resource.XmlResourcesTransformer$Companion: loaded 2 times (x 69B)
Class com.android.build.gradle.internal.core.dsl.impl.ComponentDslInfoImpl$2          : loaded 2 times (x 76B)
Class com.android.build.gradle.internal.manifest.LazyManifestParser$manifestData$2    : loaded 2 times (x 73B)
Class com.android.build.gradle.internal.dsl.FusedLibraryExtensionImpl                 : loaded 2 times (x 80B)
Class com.google.protobuf.DescriptorProtos$FileOptions$1                              : loaded 2 times (x 149B)
Class com.google.protobuf.DescriptorProtos$EnumDescriptorProto$Builder                : loaded 2 times (x 310B)
Class org.jetbrains.kotlin.metadata.ProtoBuf$Package                                  : loaded 2 times (x 127B)
Class com.android.sdklib.repository.meta.SdkCommonFactory                             : loaded 2 times (x 71B)
Class com.android.build.gradle.internal.cxx.gradle.generator.CxxConfigurationModelKt$ENABLE_CHECK_CONFIG_TIME_CONSTRUCTION$2: loaded 2 times (x 76B)
Class com.android.build.gradle.internal.scope.InternalArtifactType$EXTRACTED_APKS     : loaded 2 times (x 72B)
Class [Lcom.google.gson.LongSerializationPolicy;                                      : loaded 2 times (x 67B)
Class com.android.build.gradle.internal.dsl.EmulatorControl                           : loaded 2 times (x 82B)
Class com.android.build.gradle.internal.services.DslServicesImpl                      : loaded 2 times (x 97B)
Class jdk.internal.jimage.decompressor.ResourceDecompressor$StringsProvider           : loaded 2 times (x 68B)
Class org.jetbrains.kotlin.load.kotlin.header.ReadKotlinClassHeaderAnnotationVisitor  : loaded 2 times (x 78B)
Class com.android.repository.impl.meta.TypeDetails$GenericType                        : loaded 2 times (x 68B)
Class com.android.build.gradle.internal.services.FakeDependencyJarBuildService$Params : loaded 2 times (x 68B)
Class com.google.wireless.android.sdk.stats.GarbageCollectionStatsOrBuilder           : loaded 2 times (x 68B)
Class com.google.wireless.android.sdk.stats.GradleBuildProfileSpanOrBuilder           : loaded 2 times (x 68B)
Class [Lcom.android.build.gradle.options.IntegerOption;                               : loaded 2 times (x 67B)
Class com.android.build.api.variant.impl.JniLibsPackagingImpl$pickFirsts$1            : loaded 2 times (x 73B)
Class com.android.build.gradle.internal.tasks.factory.BootClasspathConfigImpl$filteredBootClasspath$2$3: loaded 2 times (x 125B)
Class com.sun.xml.bind.v2.runtime.unmarshaller.UnmarshallingContext$DefaultRootLoader : loaded 2 times (x 78B)
Class com.android.build.gradle.internal.SdkComponentsBuildService$VersionedSdkLoader$aidlExecutableProvider$1: loaded 2 times (x 73B)
Class com.android.build.gradle.internal.SdkComponentsBuildService$VersionedSdkLoader$targetAndroidVersionProvider$1: loaded 2 times (x 73B)
Class org.jetbrains.kotlin.gradle.plugin.mpp.compilationImpl.DefaultKotlinCompilationFriendPathsResolver$CompositeFriendArtifactResolver: loaded 2 times (x 73B)
Class com.android.build.gradle.internal.dependency.BaseDexingTransform$Parameters_Decorated: loaded 2 times (x 158B)
Class com.android.build.gradle.internal.HostTestTaskManager$createTopLevelTasksCore$1 : loaded 2 times (x 73B)
Class com.android.tools.build.jetifier.processor.transform.proguard.patterns.ReplacersRunner: loaded 2 times (x 70B)
Class com.google.gson.internal.reflect.ReflectionHelper$RecordHelper                  : loaded 2 times (x 73B)
Class com.android.build.gradle.internal.variant.VariantModelImpl                      : loaded 2 times (x 84B)
Class com.android.build.api.dsl.LibraryProductFlavor                                  : loaded 2 times (x 68B)
Class com.android.build.gradle.internal.plugins.AndroidPluginBaseServices$syncIssueReporter$2$1: loaded 2 times (x 77B)
Class com.android.build.gradle.options.ProjectOptionService$Inject                    : loaded 2 times (x 95B)
Class com.android.sdklib.repository.generated.sysimg.v2.SysImgDetailsType             : loaded 2 times (x 132B)
Class com.android.ide.common.resources.ResourceMerger                                 : loaded 2 times (x 99B)
Class com.sun.xml.bind.v2.runtime.IllegalAnnotationsException                         : loaded 2 times (x 84B)
Class com.android.build.gradle.internal.HostTestTaskManager$createTopLevelTasksCore$2 : loaded 2 times (x 73B)
Class com.android.build.api.component.impl.DeviceTestImpl$androidResourcesCreationConfig$2: loaded 2 times (x 77B)
Class com.android.build.api.dsl.Ndk                                                   : loaded 2 times (x 68B)
Class jdk.internal.jimage.decompressor.Decompressor                                   : loaded 2 times (x 70B)
Class build_b0cunsp34qrg8bxaril4ld3ev$_run_closure1$_closure2                         : loaded 2 times (x 137B)
Class com.google.common.hash.HashCode$IntHashCode                                     : loaded 2 times (x 78B)
Class com.android.build.gradle.internal.ide.dependencies.BuildIdentifierMethods       : loaded 2 times (x 69B)
Class com.sun.xml.bind.v2.runtime.NameList                                            : loaded 2 times (x 70B)
Class com.android.build.gradle.internal.dependency.JdkImageTransformKt$registerJdkImageTransform$1: loaded 2 times (x 73B)
Class com.android.build.gradle.internal.dependency.DexingRegistration$ComponentSpecificParameters: loaded 2 times (x 70B)
Class com.android.build.gradle.internal.SdkHandler                                    : loaded 2 times (x 79B)
Class com.android.build.gradle.internal.scope.InternalArtifactType$EXTRACTED_SDK_APKS : loaded 2 times (x 72B)
Class com.android.build.api.variant.VariantOutputConfiguration$OutputType             : loaded 2 times (x 77B)
Class com.android.build.gradle.api.KotlinMultiplatformAndroidPlugin                   : loaded 2 times (x 74B)
Class org.jetbrains.kotlin.metadata.jvm.deserialization.JvmNameResolverBase$WhenMappings: loaded 2 times (x 69B)
Class com.android.build.gradle.internal.scope.InternalArtifactType$SUPPORTED_LOCALE_LIST: loaded 2 times (x 72B)
Class com.android.build.gradle.internal.variant.BaseVariantData$Companion             : loaded 2 times (x 69B)
Class com.android.prefs.PathLocator                                                   : loaded 2 times (x 71B)
Class com.android.build.api.dsl.CommonExtension$getDefaultProguardFile                : loaded 2 times (x 150B)
Class com.android.manifmerger.ManifestMerger2$Invoker$Feature                         : loaded 2 times (x 77B)
Class com.android.build.gradle.internal.scope.InternalArtifactType$GENERATED_PROGUARD_FILE: loaded 2 times (x 72B)
Class org.jetbrains.kotlin.gradle.tooling.BuildKotlinToolingMetadataTaskKt$buildKotlinToolingMetadataTask$1: loaded 2 times (x 76B)
Class org.jetbrains.kotlin.protobuf.SmallSortedMap$EmptySet                           : loaded 2 times (x 69B)
Class com.sun.xml.bind.v2.runtime.unmarshaller.StructureLoader                        : loaded 2 times (x 76B)
Class com.sun.xml.bind.v2.model.runtime.RuntimeAttributePropertyInfo                  : loaded 2 times (x 68B)
Class com.android.build.gradle.internal.tasks.AndroidVariantTask_Decorated            : loaded 2 times (x 369B)
Class com.android.build.api.component.analytics.AnalyticsEnabledApplicationVariant$userVisibleSigningConfig$2: loaded 2 times (x 77B)
Class com.android.build.gradle.internal.dsl.BuildTypeFactory                          : loaded 2 times (x 75B)
Class org.jetbrains.kotlin.metadata.ProtoBuf$Function$1                               : loaded 2 times (x 142B)
Class com.android.builder.sdk.InstallFailedException                                  : loaded 2 times (x 80B)
Class com.android.build.gradle.internal.tasks.BundleLibraryClassesDir                 : loaded 2 times (x 332B)
Class org.jetbrains.kotlin.gradle.plugin.AndroidProjectHandlerKt                      : loaded 2 times (x 69B)
Class com.android.build.gradle.internal.scope.InternalArtifactType$DEVICE_PROVIDER_CODE_COVERAGE: loaded 2 times (x 72B)
Class com.android.build.api.dsl.NdkBuild                                              : loaded 2 times (x 68B)
Class com.google.protobuf.DescriptorProtos$FileOptions$Builder                        : loaded 2 times (x 396B)
Class com.google.protobuf.DescriptorProtos$EnumValueOptions$1                         : loaded 2 times (x 149B)
Class com.google.protobuf.DescriptorProtos$FieldDescriptorProtoOrBuilder              : loaded 2 times (x 68B)
Class com.android.build.gradle.tasks.ShaderCompile_Decorated                          : loaded 2 times (x 387B)
Class com.android.build.gradle.internal.tasks.LibraryJniLibsTask_Decorated            : loaded 2 times (x 376B)
Class com.android.build.api.artifact.impl.TaskBasedOperationImpl                      : loaded 2 times (x 83B)
Class org.jetbrains.kotlin.gradle.dsl.KotlinJvmOptions$DefaultImpls                   : loaded 2 times (x 69B)
Class com.android.build.gradle.internal.plugins.BasePlugin$variantApiOperations$2     : loaded 2 times (x 77B)
Class com.android.build.gradle.internal.profile.AnalyticsResourceManager$recordPlugins$1: loaded 2 times (x 73B)
Class com.android.build.api.component.impl.OldVariantApiLegacySupportImpl$getJavaClasspathArtifacts$1: loaded 2 times (x 77B)
Class com.android.build.gradle.internal.plugins.BasePlugin$configureProject$4         : loaded 2 times (x 72B)
Class com.android.build.gradle.internal.tasks.ExtractNativeDebugMetadataTask$SymbolTableCreationAction: loaded 2 times (x 89B)
Class com.android.build.gradle.internal.scope.TaskContainer                           : loaded 2 times (x 68B)
Class com.android.build.api.variant.impl.ApplicationVariantBuilderImpl$androidTest$2  : loaded 2 times (x 77B)
Class com.android.build.gradle.internal.databinding.DataBindingExcludeDelegate        : loaded 2 times (x 71B)
Class com.android.build.gradle.internal.HostTestTaskManager$setupCompilationTaskDependencies$1: loaded 2 times (x 73B)
Class com.android.build.gradle.internal.dependency.AarResourcesCompilerTransform      : loaded 2 times (x 76B)
Class com.android.build.gradle.internal.tasks.ApkZipPackagingTask                     : loaded 2 times (x 324B)
Class com.android.build.gradle.internal.services.FakeDependencyJarBuildService$Inject : loaded 2 times (x 100B)
Class com.android.builder.internal.BaseConfigImpl$Companion                           : loaded 2 times (x 69B)
Class build_5rlg475yulc2fxu2kr3j1joim$_run_closure1$_closure2                         : loaded 2 times (x 137B)
Class jdk.internal.jrtfs.JrtFileSystem                                                : loaded 2 times (x 100B)
Class com.google.common.collect.SortedIterable                                        : loaded 2 times (x 68B)
Class com.android.build.gradle.tasks.ExtractSupportedLocalesTask_Decorated            : loaded 2 times (x 380B)
Class com.android.build.gradle.internal.tasks.PackageRenderscriptTask_Decorated       : loaded 2 times (x 648B)
Class com.android.sdklib.repository.generated.addon.v3.MavenType                      : loaded 2 times (x 78B)
Class com.android.build.gradle.internal.HostTestTaskManager$setupCompilationTaskDependencies$2: loaded 2 times (x 73B)
Class com.android.build.api.component.impl.DeviceTestImpl$renderscript$2              : loaded 2 times (x 77B)
Class org.jetbrains.kotlin.gradle.plugin.sources.android.checker.KotlinAndroidSourceSetLayoutCheckerKt: loaded 2 times (x 69B)
Class org.jetbrains.kotlin.gradle.dsl.KotlinTargetContainerWithNativeShortcuts        : loaded 2 times (x 68B)
Class org.jetbrains.kotlin.gradle.utils.ConfigurationCacheKt                          : loaded 2 times (x 69B)
Class build_5rlg475yulc2fxu2kr3j1joim$_run_closure1$_closure3                         : loaded 2 times (x 137B)
Class com.android.build.api.variant.impl.LayeredSourceDirectoriesImpl$all$1           : loaded 2 times (x 72B)
Class com.android.build.gradle.internal.core.dsl.impl.VariantDslInfoImpl$initApplicationId$appIdFromFlavors$1: loaded 2 times (x 76B)
Class com.google.protobuf.Descriptors$FieldDescriptor$Type                            : loaded 2 times (x 77B)
Class com.android.build.gradle.internal.lint.LintModelWriterTask$PerComponentCreationAction: loaded 2 times (x 88B)
Class com.android.build.api.variant.impl.SigningConfigImpl$enableV3Signing$1          : loaded 2 times (x 73B)
Class com.android.build.gradle.internal.scope.InternalArtifactType$AAR_METADATA_CHECK : loaded 2 times (x 72B)
Class com.android.build.gradle.internal.scope.InternalArtifactType$PACKAGED_DEPENDENCIES: loaded 2 times (x 72B)
Class com.android.build.gradle.internal.plugins.AppPlugin                             : loaded 2 times (x 94B)
Class com.sun.xml.bind.v2.runtime.reflect.PrimitiveArrayListerShort                   : loaded 2 times (x 74B)
Class javax.xml.bind.annotation.XmlElementRef                                         : loaded 2 times (x 68B)
Class com.android.build.api.component.analytics.AnalyticsEnabledAndroidResourcesBuilder: loaded 2 times (x 70B)
Class com.android.build.gradle.internal.tasks.MergeNativeLibsTaskKt$getSubProjectNativeLibs$1: loaded 2 times (x 72B)
Class com.android.build.gradle.internal.scope.InternalArtifactType$RUNTIME_APP_CLASSES_JAR: loaded 2 times (x 72B)
Class com.android.build.gradle.internal.tasks.BundleToApkTask$CreationAction$handleProvider$1: loaded 2 times (x 125B)
Class com.google.common.collect.AbstractMapBasedMultimap$RandomAccessWrappedList      : loaded 2 times (x 165B)
Class javax.xml.bind.JAXBIntrospector                                                 : loaded 2 times (x 71B)
Class org.jetbrains.kotlin.gradle.plugin.mpp.compilationImpl.KotlinCompilationImpl$Params: loaded 2 times (x 70B)
Class org.jetbrains.kotlin.gradle.utils.WhenKaptEnabledKt$whenKaptEnabled$1           : loaded 2 times (x 77B)
Class com.android.tools.analytics.AnalyticsSettingsData$DataTypeAdapter               : loaded 2 times (x 71B)
Class com.sun.xml.bind.v2.runtime.reflect.Lister$CollectionLister                     : loaded 2 times (x 75B)
Class org.jetbrains.kotlin.gradle.utils.WhenKaptEnabledKt$whenKaptEnabled$2           : loaded 2 times (x 77B)
Class com.android.build.gradle.internal.tasks.BundleReportDependenciesTask$CreationAction: loaded 2 times (x 88B)
Class com.android.build.gradle.internal.dsl.OptimizationImpl                          : loaded 2 times (x 77B)
Class com.android.build.gradle.internal.tasks.factory.BootClasspathConfigImpl$filteredBootClasspath$2$2: loaded 2 times (x 125B)
Class com.android.build.gradle.internal.plugins.LibraryPlugin$LibraryAndroidComponentsExtensionImplCompat_Decorated: loaded 2 times (x 157B)
Class com.google.wireless.android.sdk.stats.GradleBuildVariant$1                      : loaded 2 times (x 149B)
Class com.android.build.gradle.internal.dsl.OptimizationImpl$AgpDecorated_Decorated   : loaded 2 times (x 130B)
Class com.google.protobuf.IterableByteBufferInputStream                               : loaded 2 times (x 90B)
Class [Lcom.android.build.gradle.internal.dsl.NdkOptions$DebugSymbolLevel;            : loaded 2 times (x 67B)
Class com.google.wireless.android.sdk.stats.GarbageCollectionStats                    : loaded 2 times (x 198B)
Class com.google.wireless.android.sdk.stats.GradleBuildProfileSpan                    : loaded 2 times (x 213B)
Class com.android.build.gradle.options.SyncOptions$ErrorFormatMode                    : loaded 2 times (x 77B)
Class org.jetbrains.kotlin.gradle.plugin.ProjectLocalConfigurationsKt                 : loaded 2 times (x 69B)
Class com.android.build.gradle.internal.api.ApplicationVariantImpl_Decorated          : loaded 2 times (x 311B)
Class com.google.gson.ReflectionAccessFilter$FilterResult                             : loaded 2 times (x 77B)
Class com.android.build.gradle.tasks.GenerateBuildConfig_Decorated                    : loaded 2 times (x 397B)
Class com.sun.xml.bind.annotation.XmlLocation                                         : loaded 2 times (x 68B)
Class com.android.build.gradle.internal.SdkLocator$SdkLocationSource                  : loaded 2 times (x 78B)
Class com.google.protobuf.AbstractMessageLite                                         : loaded 2 times (x 99B)
Class [Lcom.google.common.collect.MapMaker$Dummy;                                     : loaded 2 times (x 67B)
Class org.jetbrains.kotlin.protobuf.AbstractParser                                    : loaded 2 times (x 142B)
Class com.google.common.collect.ImmutableSortedSet$Builder                            : loaded 2 times (x 84B)
Class org.jetbrains.kotlin.gradle.tasks.configuration.AbstractKotlinCompileConfig$2$1 : loaded 2 times (x 76B)
Class javax.xml.bind.JAXBElement                                                      : loaded 2 times (x 79B)
Class com.android.build.gradle.api.ApkVariantOutput                                   : loaded 2 times (x 68B)
Class com.android.build.gradle.internal.plugins.BasePlugin$configureProject$3         : loaded 2 times (x 75B)
Class [Lorg.jetbrains.org.objectweb.asm.Symbol;                                       : loaded 2 times (x 67B)
Class org.jetbrains.kotlin.gradle.tasks.configuration.AbstractKotlinCompileConfig$2$2 : loaded 2 times (x 76B)
Class com.android.sdklib.repository.IdDisplay                                         : loaded 2 times (x 78B)
Class FlutterPlugin$_addFlutterTasks_closure25$_closure79                             : loaded 2 times (x 134B)
Class com.android.tools.build.gradle.internal.profile.AnalyticsEnums                  : loaded 2 times (x 69B)
Class net.rubygrapefruit.platform.internal.Platform$Linux32Bit                        : loaded 2 times (x 81B)
Class org.jetbrains.kotlin.metadata.jvm.JvmProtoBuf$JvmPropertySignature              : loaded 2 times (x 112B)
Class com.google.protobuf.DescriptorProtos$FieldDescriptorProto$1                     : loaded 2 times (x 149B)
Class com.android.build.gradle.internal.scope.InternalArtifactType$STABLE_RESOURCE_IDS_FILE: loaded 2 times (x 72B)
Class com.google.common.base.Verify                                                   : loaded 2 times (x 69B)
Class com.google.protobuf.InvalidProtocolBufferException                              : loaded 2 times (x 86B)
Class com.android.build.api.variant.impl.PackagingImpl                                : loaded 2 times (x 78B)
Class org.jetbrains.org.objectweb.asm.tree.AbstractInsnNode                           : loaded 2 times (x 76B)
Class com.sun.xml.bind.v2.runtime.reflect.ListTransducedAccessorImpl                  : loaded 2 times (x 78B)
Class com.android.build.gradle.internal.tasks.factory.features.DexingTaskCreationActionImpl: loaded 2 times (x 73B)
Class com.android.build.gradle.internal.dsl.BundleOptionsLanguage$AgpDecorated_Decorated: loaded 2 times (x 127B)
Class com.google.wireless.android.sdk.stats.GradleBuildProject                        : loaded 2 times (x 255B)
Class net.rubygrapefruit.platform.internal.Platform$MacOs64Bit                        : loaded 2 times (x 80B)
Class com.google.protobuf.DescriptorProtos$DescriptorProto$ReservedRangeOrBuilder     : loaded 2 times (x 68B)
Class org.jetbrains.kotlin.gradle.tasks.configuration.AbstractKotlinCompileConfig$2$5 : loaded 2 times (x 77B)
Class com.android.build.gradle.internal.api.UnitTestVariantImpl_Decorated             : loaded 2 times (x 266B)
Class com.android.build.gradle.internal.utils.DesugarLibUtils$getDesugarLibConfigFromTransform$1: loaded 2 times (x 72B)
Class com.android.build.gradle.internal.attributes.VariantAttr$Companion              : loaded 2 times (x 69B)
Class com.android.build.gradle.internal.dsl.CmakeOptions$AgpDecorated                 : loaded 2 times (x 100B)
Class com.android.build.gradle.internal.res.LinkApplicationAndroidResourcesTask$CreationAction$handleProvider$1: loaded 2 times (x 125B)
Class com.android.build.gradle.tasks.ExtractDeepLinksTask$BaseCreationAction          : loaded 2 times (x 95B)
Class com.android.build.api.artifact.Artifact$Single                                  : loaded 2 times (x 72B)
Class com.android.build.gradle.internal.dsl.LibraryKeepRulesImpl                      : loaded 2 times (x 86B)
Class jdk.internal.jrtfs.JrtFileSystemProvider                                        : loaded 2 times (x 97B)
Class com.android.build.gradle.tasks.MergeSourceSetFolders$MergeJniLibFoldersCreationAction$handleProvider$1: loaded 2 times (x 125B)
Class com.android.build.gradle.internal.res.LinkApplicationAndroidResourcesTask$CreationAction$handleProvider$2: loaded 2 times (x 125B)
Class com.android.build.gradle.internal.core.dsl.impl.VariantDslInfoImpl$applicationId$2: loaded 2 times (x 77B)
Class com.android.build.api.dsl.BundleCountrySet                                      : loaded 2 times (x 68B)
Class com.android.build.gradle.tasks.MergeResources_Decorated                         : loaded 2 times (x 410B)
Class javax.xml.bind.annotation.XmlSeeAlso                                            : loaded 2 times (x 68B)
Class [Lcom.android.build.gradle.internal.tasks.DexMergingAction;                     : loaded 2 times (x 67B)
Class com.android.build.gradle.internal.res.LinkApplicationAndroidResourcesTask$CreationAction$handleProvider$3: loaded 2 times (x 125B)
Class com.android.build.api.variant.impl.GlobalVariantBuilderConfig                   : loaded 2 times (x 68B)
Class org.jetbrains.kotlin.gradle.plugin.mpp.KotlinUsages$setupAttributesMatchingStrategy$1: loaded 2 times (x 76B)
Class com.android.build.gradle.internal.tasks.factory.BootClasspathConfigImpl$filteredBootClasspath$2$1: loaded 2 times (x 125B)
Class com.google.common.collect.CollectSpliterators                                   : loaded 2 times (x 69B)
Class com.android.build.gradle.tasks.CompatibleScreensManifest$CreationAction$configure$1: loaded 2 times (x 73B)
Class com.android.build.gradle.internal.tasks.AarMetadataTask$CreationAction$handleProvider$1: loaded 2 times (x 125B)
Class com.google.gson.internal.bind.DefaultDateTypeAdapter                            : loaded 2 times (x 72B)
Class com.google.wireless.android.sdk.stats.GradleBuildVariant$KotlinOptions          : loaded 2 times (x 196B)
Class com.android.build.gradle.internal.dsl.decorator.ApplicationInstallationImpl$AgpDecorated: loaded 2 times (x 102B)
Class com.android.build.gradle.internal.dsl.PrivacySandboxSdkOptimizationImpl         : loaded 2 times (x 73B)
Class com.android.repository.impl.generated.v1.ArchiveType                            : loaded 2 times (x 94B)
Class org.jetbrains.kotlin.gradle.plugin.AndroidProjectHandlerKt$sam$org_gradle_api_Transformer$0: loaded 2 times (x 73B)
Class FlutterPlugin$_readPropertiesIfExist_closure10                                  : loaded 2 times (x 134B)
Class org.jetbrains.kotlin.gradle.dsl.KotlinTopLevelExtension                         : loaded 2 times (x 84B)
Class com.google.protobuf.ByteString$2                                                : loaded 2 times (x 89B)
Class com.android.build.gradle.internal.errors.SyncIssueReporterImpl$GlobalSyncIssueService$Parameters: loaded 2 times (x 68B)
Class com.sun.xml.bind.v2.model.impl.RuntimeValuePropertyInfoImpl                     : loaded 2 times (x 133B)
Class com.android.build.gradle.internal.component.VariantCreationConfig$useK2Uast$1   : loaded 2 times (x 74B)
Class com.android.build.gradle.internal.tasks.ListingFileRedirectTask_Decorated       : loaded 2 times (x 374B)
Class com.android.build.gradle.tasks.ProcessLibraryArtProfileTask$CreationAction$handleProvider$1: loaded 2 times (x 125B)
Class com.android.build.gradle.internal.dependency.BaseDexingTransform                : loaded 2 times (x 78B)
Class com.android.build.gradle.internal.scope.InternalArtifactType$FEATURE_DEX        : loaded 2 times (x 72B)
Class com.google.wireless.android.sdk.stats.GradleBuildVariant$VariantType            : loaded 2 times (x 85B)
Class com.google.protobuf.UnsafeUtil                                                  : loaded 2 times (x 69B)
Class com.android.build.gradle.internal.dsl.PublishingOptionsImpl                     : loaded 2 times (x 75B)
Class com.android.build.gradle.internal.tasks.PerModuleReportDependenciesTask$CreationAction: loaded 2 times (x 88B)
Class com.android.build.gradle.internal.tasks.ClassesClasspathUtils                   : loaded 2 times (x 70B)
Class com.google.gson.internal.bind.ArrayTypeAdapter$1                                : loaded 2 times (x 73B)
Class android.databinding.tool.DataBindingBuilder                                     : loaded 2 times (x 77B)
Class org.objectweb.asm.ClassReader                                                   : loaded 2 times (x 91B)
Class org.jetbrains.kotlin.gradle.dsl.JvmTarget                                       : loaded 2 times (x 77B)
Class com.android.build.gradle.internal.ide.dependencies.BuildIdentifierMethods$getBuildTreePath$1: loaded 2 times (x 72B)
Class com.android.build.gradle.internal.lint.AndroidLintAnalysisTask$Companion        : loaded 2 times (x 69B)
Class com.android.build.gradle.internal.scope.InternalArtifactType$MERGED_NOT_COMPILED_RES: loaded 2 times (x 72B)
Class [Lcom.android.build.gradle.internal.ProguardFileType;                           : loaded 2 times (x 67B)
Class org.jetbrains.kotlin.gradle.utils.ObservableSet                                 : loaded 2 times (x 68B)
Class [Lorg.jetbrains.kotlin.metadata.ProtoBuf$Class$Kind;                            : loaded 2 times (x 67B)
Class org.jetbrains.org.objectweb.asm.RecordComponentWriter                           : loaded 2 times (x 76B)
Class com.google.common.io.Java8Compatibility                                         : loaded 2 times (x 69B)
Class com.android.build.gradle.internal.utils.AndroidXDependency                      : loaded 2 times (x 70B)
Class com.android.build.gradle.internal.dependency.AarTransform$Parameters            : loaded 2 times (x 68B)
Class com.android.build.gradle.internal.tasks.featuresplit.FeatureSetMetadataWriterTask: loaded 2 times (x 323B)
Class com.android.build.api.variant.impl.VariantOutputList$Companion                  : loaded 2 times (x 69B)
Class com.android.build.gradle.internal.dependency.ResolutionResultProvider           : loaded 2 times (x 68B)
Class com.android.build.gradle.internal.dsl.LintImpl$AgpDecorated                     : loaded 2 times (x 217B)
Class org.jetbrains.org.objectweb.asm.tree.JumpInsnNode                               : loaded 2 times (x 77B)
Class com.sun.xml.bind.v2.runtime.unmarshaller.XsiNilLoader$Array                     : loaded 2 times (x 78B)
Class javax.xml.bind.annotation.XmlMimeType                                           : loaded 2 times (x 68B)
Class com.sun.xml.bind.v2.model.impl.PropertySeed                                     : loaded 2 times (x 68B)
Class com.android.build.gradle.internal.DependencyConfigurator$registerTransform$1    : loaded 2 times (x 73B)
Class com.android.build.gradle.internal.tasks.MergeJavaResourceTask$CreationAction$handleProvider$1: loaded 2 times (x 125B)
Class android.databinding.tool.writer.JavaFileWriter                                  : loaded 2 times (x 72B)
Class com.android.build.gradle.internal.tasks.NonIncrementalTask                      : loaded 2 times (x 321B)
Class com.android.build.gradle.internal.dsl.DeviceGroupFactory                        : loaded 2 times (x 73B)
Class com.android.build.gradle.internal.api.DefaultAndroidSourceDirectorySet          : loaded 2 times (x 105B)
Class com.android.build.gradle.internal.variant.DimensionCombination                  : loaded 2 times (x 68B)
Class org.gradle.internal.classloader.ClasspathUtil                                   : loaded 2 times (x 69B)
Class javax.xml.bind.annotation.XmlSchemaTypes                                        : loaded 2 times (x 68B)
Class org.jetbrains.kotlin.metadata.deserialization.ProtoBufUtilKt                    : loaded 2 times (x 69B)
Class com.android.build.gradle.internal.DependencyResourcesComputer$initFromVariantScope$2$1: loaded 2 times (x 76B)
Class com.android.build.gradle.internal.scope.InternalArtifactType$PROJECT_DEX_ARCHIVE: loaded 2 times (x 72B)
Class com.android.builder.model.ProductFlavor                                         : loaded 2 times (x 68B)
Class com.google.protobuf.Descriptors$ServiceDescriptor                               : loaded 2 times (x 74B)
Class com.google.protobuf.Descriptors                                                 : loaded 2 times (x 69B)
Class com.google.wireless.android.sdk.stats.JavaProcessStats$1                        : loaded 2 times (x 149B)
Class jdk.internal.jrtfs.JrtDirectoryStream                                           : loaded 2 times (x 87B)
Class com.android.build.gradle.internal.DependencyResourcesComputer$initFromVariantScope$2$2: loaded 2 times (x 77B)
Class com.android.build.gradle.tasks.GenerateResValues_Decorated                      : loaded 2 times (x 374B)
Class com.android.builder.dexing.DependencyGraphUpdater                               : loaded 2 times (x 68B)
Class org.jetbrains.kotlin.gradle.internal.StdlibDependencyManagementKt$configureStdlibVersionAlignment$1: loaded 2 times (x 77B)
Class com.google.protobuf.DescriptorProtos$FieldDescriptorProto$Label                 : loaded 2 times (x 85B)
Class org.jetbrains.kotlin.metadata.ProtoBuf$TypeParameter$Variance                   : loaded 2 times (x 80B)
Class com.android.build.gradle.internal.testing.utp.UtpDependency                     : loaded 2 times (x 77B)
Class com.android.build.gradle.tasks.ProcessApplicationManifest                       : loaded 2 times (x 345B)
Class com.android.build.gradle.internal.attribution.BuildAnalyzerIssueReporter        : loaded 2 times (x 70B)
Class com.android.build.gradle.internal.tasks.NonIncrementalGlobalTask                : loaded 2 times (x 321B)
Class com.android.build.gradle.options.FeatureStage$Supported                         : loaded 2 times (x 70B)
Class org.jetbrains.org.objectweb.asm.SymbolTable$Entry                               : loaded 2 times (x 72B)
Class javax.xml.bind.annotation.XmlElementDecl                                        : loaded 2 times (x 68B)
Class org.jetbrains.kotlin.gradle.plugin.mpp.KotlinJvmAndroidCompilation_Decorated    : loaded 2 times (x 243B)
Class com.android.tools.analytics.AnalyticsSettingsData                               : loaded 2 times (x 70B)
Class com.android.tools.analytics.Environment$Companion$SYSTEM$1                      : loaded 2 times (x 71B)
Class [Lcom.android.build.gradle.internal.dependency.DexingOutputSplitTransform$DexOutput;: loaded 2 times (x 67B)
Class com.android.tools.build.jetifier.core.config.ConfigParser                       : loaded 2 times (x 69B)
Class FlutterPlugin$_configurePluginProject_closure18                                 : loaded 2 times (x 134B)
Class com.android.build.gradle.internal.SdkComponentsBuildService$Parameters          : loaded 2 times (x 68B)
Class com.android.build.gradle.internal.plugins.BasePlugin$dslServices$2              : loaded 2 times (x 77B)
Class com.android.build.gradle.internal.SdkParsingUtilsKt                             : loaded 2 times (x 69B)
Class org.jetbrains.kotlin.gradle.plugin.AndroidTestedVariantArtifactsFilter$initFilteredFiles$1: loaded 2 times (x 77B)
Class com.android.build.gradle.internal.component.features.NativeBuildCreationConfig  : loaded 2 times (x 68B)
Class FlutterPlugin$_configurePluginProject_closure19                                 : loaded 2 times (x 134B)
Class org.jetbrains.kotlin.gradle.dsl.KotlinCommonCompilerToolOptions                 : loaded 2 times (x 68B)
Class org.jetbrains.kotlin.gradle.utils.GradleConfigurationUtilsKt$addGradlePluginMetadataAttributes$1: loaded 2 times (x 77B)
Class org.jetbrains.kotlin.metadata.deserialization.Flags$EnumLiteFlagField           : loaded 2 times (x 74B)
Class com.android.build.gradle.internal.tasks.MergeJavaResourceTask_Decorated         : loaded 2 times (x 389B)
Class org.jetbrains.kotlin.tooling.core.HasMutableExtras                              : loaded 2 times (x 68B)
Class org.jetbrains.kotlin.gradle.plugin.sources.android.configurator.CompositeKotlinAndroidSourceSetConfigurator: loaded 2 times (x 74B)
Class com.android.build.gradle.internal.dsl.EmulatorControl$AgpDecorated              : loaded 2 times (x 87B)
Class com.android.build.gradle.internal.tasks.factory.TaskManagerConfig               : loaded 2 times (x 68B)
Class org.jetbrains.kotlin.metadata.ProtoBuf$TypeAlias                                : loaded 2 times (x 135B)
Class org.jetbrains.kotlin.protobuf.WireFormat$FieldType$1                            : loaded 2 times (x 81B)
Class org.jetbrains.kotlin.gradle.tasks.KotlinCompile$special$$inlined$setPropertyWithLazyValue$1: loaded 2 times (x 76B)
Class com.android.build.gradle.internal.dependency.AndroidAttributes$toAttributeMapString$$inlined$sortedBy$1: loaded 2 times (x 87B)
Class org.jetbrains.kotlin.gradle.plugin.mpp.KotlinMultiplatformPluginKt$applyUserDefinedAttributes$1: loaded 2 times (x 77B)
Class com.android.build.gradle.internal.dsl.SigningConfig$AgpDecorated                : loaded 2 times (x 148B)
Class org.jetbrains.kotlin.protobuf.WireFormat$FieldType$2                            : loaded 2 times (x 81B)
Class com.android.build.gradle.tasks.ShaderCompile$WorkAction$Params                  : loaded 2 times (x 79B)
Class com.android.repository.impl.generated.v2.package-info                           : loaded 2 times (x 68B)
Class com.android.repository.impl.generated.v2.RevisionType                           : loaded 2 times (x 80B)
Class com.android.ide.common.build.CommonBuiltArtifact                                : loaded 2 times (x 68B)
Class com.android.build.gradle.internal.dependency.AndroidAttributes$toAttributeMapString$$inlined$sortedBy$2: loaded 2 times (x 87B)
Class org.jetbrains.kotlin.gradle.tasks.CompileUsingKotlinDaemon                      : loaded 2 times (x 68B)
Class com.android.build.gradle.internal.res.LinkAndroidResForBundleTask$CreationAction$handleProvider$1: loaded 2 times (x 125B)
Class org.jetbrains.kotlin.gradle.plugin.ProjectLocalConfigurationsKt$sam$org_gradle_api_Action$0: loaded 2 times (x 73B)
Class jdk.internal.jimage.decompressor.ResourceDecompressor                           : loaded 2 times (x 68B)
Class org.jetbrains.kotlin.protobuf.WireFormat$FieldType$3                            : loaded 2 times (x 81B)
Class [Lcom.sun.xml.bind.v2.runtime.unmarshaller.Scope;                               : loaded 2 times (x 67B)
Class com.google.gson.Gson$1                                                          : loaded 2 times (x 74B)
Class com.google.protobuf.GeneratedMessageV3$ExtendableBuilder                        : loaded 2 times (x 313B)
Class com.google.protobuf.ByteString$ByteArrayCopier                                  : loaded 2 times (x 68B)
Class com.google.protobuf.DescriptorProtos$ServiceDescriptorProto                     : loaded 2 times (x 202B)
Class com.google.protobuf.DescriptorProtos$FileOptions                                : loaded 2 times (x 292B)
Class org.jetbrains.kotlin.protobuf.WireFormat$FieldType$4                            : loaded 2 times (x 81B)
Class org.jetbrains.kotlin.protobuf.MessageLite$Builder                               : loaded 2 times (x 68B)
Class com.android.build.gradle.internal.lint.LintTool$deriveVersionKey$versionProvider$1: loaded 2 times (x 77B)
Class javax.xml.bind.UnmarshallerHandler                                              : loaded 2 times (x 68B)
Class com.android.build.gradle.tasks.ZipMergingTask                                   : loaded 2 times (x 324B)
Class com.android.build.gradle.internal.scope.InternalArtifactType$BINARY_ART_PROFILE_METADATA: loaded 2 times (x 72B)
Class com.android.build.gradle.tasks.PackageApplication$CreationAction                : loaded 2 times (x 90B)
Class com.google.gson.Gson$2                                                          : loaded 2 times (x 74B)
Class com.android.build.api.variant.impl.VariantImpl$renderscriptCreationConfig$2     : loaded 2 times (x 77B)
Class com.android.build.gradle.internal.services.Aapt2DaemonBuildService$RegistrationAction: loaded 2 times (x 72B)
Class org.jetbrains.kotlin.gradle.tasks.KotlinCompile$javaSources$1                   : loaded 2 times (x 123B)
Class com.android.build.gradle.internal.SdkParsingUtilsKt$parsePackage$progress$1     : loaded 2 times (x 108B)
Class com.google.gson.Gson$3                                                          : loaded 2 times (x 73B)
Class com.android.build.gradle.internal.core.dsl.impl.AndroidTestComponentDslInfoImpl$dexingDslInfo$2: loaded 2 times (x 77B)
Class com.google.protobuf.ProtocolMessageEnum                                         : loaded 2 times (x 68B)
Class com.android.build.api.extension.impl.LibraryAndroidComponentsExtensionImpl      : loaded 2 times (x 105B)
Class com.android.build.gradle.internal.lint.LintTaskManager$createLintTasks$2$1      : loaded 2 times (x 73B)
Class com.android.build.gradle.tasks.PackageApplication$CreationAction$handleProvider$1: loaded 2 times (x 123B)
Class com.android.tools.build.jetifier.core.config.Config$Companion                   : loaded 2 times (x 69B)
Class com.google.gson.Gson$4                                                          : loaded 2 times (x 74B)
Class com.google.wireless.android.sdk.stats.VariantApiUsageOrBuilder                  : loaded 2 times (x 68B)
Class com.google.common.base.CaseFormat$1                                             : loaded 2 times (x 81B)
Class com.android.prefs.AndroidLocationsException                                     : loaded 2 times (x 80B)
Class com.android.build.gradle.internal.plugins.BasePlugin$configureProject$2         : loaded 2 times (x 73B)
Class com.google.common.collect.ReverseOrdering                                       : loaded 2 times (x 113B)
Class com.android.build.gradle.tasks.ProcessManifestForMetadataFeatureTask$CreationAction$handleProvider$1: loaded 2 times (x 125B)
Class com.google.gson.Gson$5                                                          : loaded 2 times (x 74B)
Class com.android.build.api.variant.impl.HasDeviceTestsCreationConfig                 : loaded 2 times (x 68B)
Class [Lorg.jetbrains.kotlin.gradle.plugin.sources.android.configurator.KotlinAndroidSourceSetConfigurator;: loaded 2 times (x 67B)
Class org.jetbrains.kotlin.compilerRunner.GradleCliCommonizerKt                       : loaded 2 times (x 69B)
Class org.jetbrains.kotlin.gradle.plugin.internal.JavaSourceSetsAccessor$JavaSourceSetsAccessorVariantFactory: loaded 2 times (x 68B)
Class com.android.build.gradle.internal.lint.AndroidLintGlobalTask$GlobalCreationAction: loaded 2 times (x 91B)
Class com.google.common.base.CaseFormat$2                                             : loaded 2 times (x 81B)
Class [Lcom.google.protobuf.ProtocolMessageEnum;                                      : loaded 2 times (x 67B)
Class build_2ew9c87to5eu3jpdkdavgj2yc$_run_closure1                                   : loaded 2 times (x 137B)
Class com.google.common.collect.TransformedListIterator                               : loaded 2 times (x 91B)
Class javax.xml.bind.annotation.XmlList                                               : loaded 2 times (x 68B)
Class com.android.build.gradle.internal.tasks.CompressAssetsTask_Decorated            : loaded 2 times (x 378B)
Class com.android.build.gradle.tasks.PackageApplication$CreationAction$handleProvider$3: loaded 2 times (x 123B)
Class com.android.build.gradle.internal.core.dsl.impl.InstrumentedTestDslInfoImpl$functionalTest$2: loaded 2 times (x 72B)
Class com.google.common.base.CaseFormat$3                                             : loaded 2 times (x 81B)
Class com.android.build.gradle.internal.AvdComponentsBuildService$Parameters          : loaded 2 times (x 68B)
Class com.android.build.gradle.internal.ide.dependencies.LibraryDependencyCacheBuildService$Parameters_Decorated: loaded 2 times (x 132B)
Class org.jetbrains.org.objectweb.asm.tree.IntInsnNode                                : loaded 2 times (x 77B)
Class com.google.common.cache.LocalCache$ValueIterator                                : loaded 2 times (x 84B)
Class com.android.build.gradle.internal.lint.VariantInputs                            : loaded 2 times (x 97B)
Class org.jetbrains.kotlin.gradle.internal.CompilerArgumentsContributor               : loaded 2 times (x 68B)
Class com.android.build.api.variant.JniLibsPackaging                                  : loaded 2 times (x 68B)
Class com.android.build.gradle.internal.dsl.decorator.ApplicationInstallationImpl$AgpDecorated_Decorated: loaded 2 times (x 151B)
Class com.google.common.base.CaseFormat$4                                             : loaded 2 times (x 81B)
Class com.android.build.api.dsl.LibraryBaseFlavor                                     : loaded 2 times (x 68B)
Class org.jetbrains.kotlin.gradle.plugin.mpp.compilationImpl.DefaultKotlinCompilationFriendPathsResolver$DefaultFriendArtifactResolver: loaded 2 times (x 72B)
Class com.google.wireless.android.sdk.stats.GradleBuildProfile$1                      : loaded 2 times (x 149B)
Class com.android.build.api.component.analytics.AnalyticsEnabledLibraryVariantBuilder : loaded 2 times (x 166B)
Class org.gradle.api.internal.DefaultClassPathRegistry                                : loaded 2 times (x 74B)
Class com.android.build.gradle.internal.api.InstallableVariantImpl                    : loaded 2 times (x 239B)
Class com.android.build.gradle.tasks.PackageApplication$CreationAction$handleProvider$5: loaded 2 times (x 125B)
Class com.google.gson.FieldNamingStrategy                                             : loaded 2 times (x 68B)
Class com.android.repository.impl.generated.v1.LicenseType                            : loaded 2 times (x 85B)
Class com.google.common.base.CaseFormat$5                                             : loaded 2 times (x 81B)
Class com.google.gson.TypeAdapter                                                     : loaded 2 times (x 71B)
Class com.sun.xml.bind.v2.runtime.ElementBeanInfoImpl                                 : loaded 2 times (x 87B)
Class com.android.tools.lint.model.LintModelModuleType                                : loaded 2 times (x 77B)
Class com.android.repository.impl.meta.Archive$PatchesType                            : loaded 2 times (x 70B)
Class org.jetbrains.kotlin.gradle.dsl.ToolchainSupport$Companion                      : loaded 2 times (x 69B)
Class [Lcom.android.build.gradle.internal.core.Abi;                                   : loaded 2 times (x 67B)
Class com.android.build.gradle.internal.ManagedDeviceUtilsKt                          : loaded 2 times (x 69B)
Class org.jetbrains.kotlin.descriptors.Visibilities$Internal                          : loaded 2 times (x 77B)
Class com.google.common.collect.ImmutableSortedMap                                    : loaded 2 times (x 176B)
Class com.google.common.collect.AbstractIterator$State                                : loaded 2 times (x 77B)
Class com.android.build.api.component.impl.features.OptimizationCreationConfigImpl$consumerProguardFiles$2$consumerProguardFilesProperty$1: loaded 2 times (x 77B)
Class com.android.build.gradle.internal.SdkComponentsBuildService$VersionedSdkLoader$adbExecutableProvider$1: loaded 2 times (x 73B)
Class com.android.build.gradle.internal.scope.InternalArtifactType$GLOBAL_SYNTHETICS_EXTERNAL_LIBS_ARTIFACT_TRANSFORM: loaded 2 times (x 72B)
Class com.android.build.gradle.internal.publishing.TestFixturesVariantSpecBuilder     : loaded 2 times (x 88B)
Class org.jetbrains.kotlin.gradle.tooling.IncludeKotlinToolingMetadataInApkKt$sam$org_gradle_api_Transformer$0: loaded 2 times (x 73B)
Class [Lorg.jetbrains.kotlin.gradle.plugin.mpp.compilationImpl.DefaultKotlinCompilationFriendPathsResolver$FriendArtifactResolver;: loaded 2 times (x 67B)
Class com.google.gson.internal.LinkedTreeMap$1                                        : loaded 2 times (x 89B)
Class com.google.gson.internal.UnsafeAllocator$1                                      : loaded 2 times (x 71B)
Class com.google.wireless.android.sdk.stats.ProjectApiUseOrBuilder                    : loaded 2 times (x 68B)
Class com.android.build.gradle.internal.plugins.BasePlugin$configureProject$1         : loaded 2 times (x 73B)
Class com.google.wireless.android.sdk.stats.JavaProcessStatsOrBuilder                 : loaded 2 times (x 68B)
Class com.android.build.api.dsl.ProductFlavor                                         : loaded 2 times (x 68B)
Class org.jetbrains.kotlin.metadata.ProtoBuf$Expression                               : loaded 2 times (x 118B)
Class org.jetbrains.kotlin.descriptors.Visibilities$PrivateToThis                     : loaded 2 times (x 77B)
Class com.google.gson.internal.UnsafeAllocator$2                                      : loaded 2 times (x 71B)
Class com.android.builder.model.TestOptions$Execution                                 : loaded 2 times (x 77B)
Class com.android.build.api.dsl.Shaders                                               : loaded 2 times (x 68B)
Class com.google.common.collect.Interner                                              : loaded 2 times (x 68B)
Class com.android.build.gradle.internal.AndroidJarInput$sdkLoader$1                   : loaded 2 times (x 73B)
Class com.sun.xml.bind.v2.runtime.reflect.PrimitiveArrayListerCharacter               : loaded 2 times (x 74B)
Class com.android.repository.impl.generated.v2.LicenseType                            : loaded 2 times (x 85B)
Class com.google.gson.internal.UnsafeAllocator$3                                      : loaded 2 times (x 71B)
Class com.google.gson.internal.bind.SerializationDelegatingTypeAdapter                : loaded 2 times (x 72B)
Class com.android.build.gradle.internal.variant.BaseVariantData$DiscoverableFilterType$DENSITY: loaded 2 times (x 78B)
Class com.android.build.gradle.internal.core.InternalBaseVariant                      : loaded 2 times (x 68B)
Class org.jetbrains.kotlin.gradle.plugin.mpp.compilationImpl.factory.KotlinJvmCompilerOptionsFactory: loaded 2 times (x 72B)
Class org.jetbrains.kotlin.load.kotlin.header.ReadKotlinClassHeaderAnnotationVisitor$KotlinMetadataArgumentVisitor: loaded 2 times (x 84B)
Class com.android.repository.impl.generated.v2.ArchiveType                            : loaded 2 times (x 95B)
Class com.android.build.gradle.internal.PlatformComponents                            : loaded 2 times (x 70B)
Class com.android.build.gradle.internal.dependency.DexingOutputSplitTransform$DexOutput: loaded 2 times (x 77B)
Class com.google.gson.internal.UnsafeAllocator$4                                      : loaded 2 times (x 70B)
Class org.jetbrains.kotlin.gradle.plugin.sources.android.configurator.Agp7AddKotlinSourcesToAndroidSourceSetConfigurator$configure$1: loaded 2 times (x 73B)
Class org.jetbrains.kotlin.gradle.utils.GradleConfigurationUtilsKt$sam$org_gradle_api_Action$0: loaded 2 times (x 73B)
Class com.android.build.gradle.internal.tasks.factory.GlobalTaskCreationConfigImpl$testOptionExecutionEnum$2: loaded 2 times (x 77B)
Class com.android.build.gradle.internal.services.Aapt2DaemonBuildService              : loaded 2 times (x 78B)
Class com.android.build.api.extension.impl.DslLifecycleComponentsOperationsRegistrar  : loaded 2 times (x 70B)
Class org.jetbrains.kotlin.protobuf.FieldSet                                          : loaded 2 times (x 70B)
Class org.jetbrains.kotlin.gradle.plugin.KotlinGradleBuildServices$sam$org_gradle_api_Action$0: loaded 2 times (x 73B)
Class com.android.build.gradle.internal.dsl.Splits                                    : loaded 2 times (x 88B)
Class org.jetbrains.kotlin.metadata.deserialization.TypeTable                         : loaded 2 times (x 70B)
Class [Lorg.jetbrains.kotlin.metadata.ProtoBuf$TypeParameter$Variance;                : loaded 2 times (x 67B)
Class javax.xml.bind.helpers.AbstractUnmarshallerImpl                                 : loaded 2 times (x 128B)
Class com.android.build.gradle.internal.api.TestVariantImpl_Decorated                 : loaded 2 times (x 309B)
Class com.android.build.gradle.internal.tasks.ApplicationTaskManager$createDynamicBundleTask$1: loaded 2 times (x 73B)
Class org.jetbrains.kotlin.gradle.plugin.KotlinGradleBuildServices$Parameters_Decorated: loaded 2 times (x 134B)
Class com.android.build.gradle.internal.tasks.factory.PreConfigAction                 : loaded 2 times (x 68B)
Class com.android.build.gradle.internal.CompileOptions                                : loaded 2 times (x 92B)
Class com.android.build.gradle.internal.dsl.BundleOptionsCountrySet                   : loaded 2 times (x 79B)
Class com.android.build.gradle.internal.signing.SigningConfigDataProvider$Companion$create$1: loaded 2 times (x 77B)
Class com.android.build.gradle.internal.tasks.ApplicationTaskManager$createDynamicBundleTask$2: loaded 2 times (x 73B)
Class org.jetbrains.kotlin.statistics.metrics.NumberAnonymizationPolicy               : loaded 2 times (x 83B)
Class com.google.protobuf.InvalidProtocolBufferException$InvalidWireTypeException     : loaded 2 times (x 86B)
Class com.android.tools.analytics.HostDataKt                                          : loaded 2 times (x 69B)
Class org.gradle.api.internal.classpath.DefaultModuleRegistry$DefaultModule           : loaded 2 times (x 84B)
Class net.rubygrapefruit.platform.internal.Platform                                   : loaded 2 times (x 77B)
Class org.jetbrains.kotlin.gradle.plugin.sources.android.configurator.KotlinAndroidSourceSetConfigurator$DefaultImpls: loaded 2 times (x 69B)
Class com.android.build.api.dsl.VcsInfo                                               : loaded 2 times (x 68B)
Class org.jetbrains.kotlin.metadata.deserialization.NameResolver                      : loaded 2 times (x 68B)
Class org.jetbrains.org.objectweb.asm.tree.FieldInsnNode                              : loaded 2 times (x 77B)
Class com.google.common.io.LineReader                                                 : loaded 2 times (x 70B)
Class com.android.build.gradle.internal.tasks.MergeConsumerProguardFilesTask_Decorated: loaded 2 times (x 379B)
Class com.android.build.gradle.tasks.ProcessLibraryArtProfileTask$CreationAction$configure$2$1: loaded 2 times (x 72B)
Class com.sun.xml.bind.v2.model.impl.Util                                             : loaded 2 times (x 69B)
Class com.android.sdklib.repository.generated.sysimg.v1.ObjectFactory                 : loaded 2 times (x 73B)
Class com.android.build.gradle.tasks.GenerateTestConfig                               : loaded 2 times (x 322B)
Class com.android.build.gradle.internal.scope.InternalArtifactType$CONSUMER_PROGUARD_DIR: loaded 2 times (x 72B)
Class com.android.build.gradle.internal.dependency.MockableJarTransform$Parameters_Decorated: loaded 2 times (x 137B)
Class FlutterPlugin$_configurePluginProject_closure20                                 : loaded 2 times (x 134B)
Class org.jetbrains.kotlin.gradle.plugin.mpp.KotlinVariant                            : loaded 2 times (x 98B)
Class com.android.build.gradle.api.ApplicationVariant                                 : loaded 2 times (x 68B)
Class com.android.ide.common.blame.MessageReceiver                                    : loaded 2 times (x 68B)
Class com.sun.xml.bind.v2.model.impl.RuntimeBuiltinLeafInfoImpl$StringImpl            : loaded 2 times (x 132B)
Class com.android.build.gradle.internal.scope.InternalArtifactType$LOCAL_AAR_FOR_LINT : loaded 2 times (x 72B)
Class com.android.build.api.variant.impl.FileBasedDirectoryEntryImpl$asFiles$1        : loaded 2 times (x 73B)
Class com.android.build.gradle.internal.ide.dependencies.MavenCoordinatesCacheBuildService$RegistrationAction: loaded 2 times (x 72B)
Class javax.xml.bind.JAXBElement$GlobalScope                                          : loaded 2 times (x 69B)
Class com.sun.xml.bind.v2.runtime.BridgeImpl                                          : loaded 2 times (x 85B)
Class com.android.builder.testing.api.TestServer                                      : loaded 2 times (x 72B)
Class com.android.build.gradle.internal.lint.LintOptionsInput_Decorated               : loaded 2 times (x 167B)
Class com.google.common.collect.FluentIterable$3                                      : loaded 2 times (x 79B)
Class com.sun.xml.bind.v2.runtime.CompositeStructureBeanInfo                          : loaded 2 times (x 96B)
Class com.sun.xml.bind.v2.runtime.AnyTypeBeanInfo                                     : loaded 2 times (x 90B)
Class com.android.tools.build.jetifier.processor.Processor                            : loaded 2 times (x 74B)
Class org.jetbrains.kotlin.gradle.plugin.sources.android.checker.KotlinAndroidSourceSetLayoutChecker$DiagnosticReporter: loaded 2 times (x 68B)
Class org.jetbrains.kotlin.gradle.utils.AndroidExtensionUitlsKt                       : loaded 2 times (x 69B)
Class com.android.build.gradle.internal.dsl.CoreProductFlavor                         : loaded 2 times (x 68B)
Class com.android.build.gradle.internal.ide.v2.GlobalSyncService$Parameters_Decorated : loaded 2 times (x 132B)
Class com.google.wireless.android.sdk.stats.GradleBuildProjectMetrics                 : loaded 2 times (x 196B)
Class build_ckovybfz7owe7bdhmyehogj2r$_run_closure1$_closure2                         : loaded 2 times (x 137B)
Class com.android.build.gradle.internal.core.dsl.ConsumableComponentDslInfo           : loaded 2 times (x 68B)
Class build_ckovybfz7owe7bdhmyehogj2r$_run_closure1$_closure3                         : loaded 2 times (x 137B)
Class org.jetbrains.kotlin.gradle.dsl.KotlinCommonCompilerOptionsDefault              : loaded 2 times (x 88B)
Class com.android.build.gradle.internal.FileExistsValueSource$Params$Inject           : loaded 2 times (x 104B)
Class com.android.build.gradle.internal.dependency.VariantDependencies$Companion      : loaded 2 times (x 69B)
Class com.android.build.gradle.internal.core.dsl.impl.ApplicationVariantDslInfoImpl$signingConfigResolver$2: loaded 2 times (x 77B)
Class org.jetbrains.kotlin.gradle.targets.js.npm.NpmDependencyExtension               : loaded 2 times (x 68B)
Class com.android.build.gradle.internal.dsl.SigningConfig$AgpDecorated_Decorated      : loaded 2 times (x 203B)
Class com.android.build.gradle.internal.scope.AndroidTestBuildFeatureValuesImpl       : loaded 2 times (x 97B)
Class com.android.build.gradle.internal.tasks.ValidateSigningTask$CreationAction      : loaded 2 times (x 88B)
Class com.android.repository.impl.generated.v1.TypeDetails                            : loaded 2 times (x 73B)
Class javax.activation.MimeTypeParseException                                         : loaded 2 times (x 80B)
Class com.android.repository.impl.generated.v1.LicenseRefType                         : loaded 2 times (x 75B)
Class com.android.build.gradle.internal.tasks.LibraryAarJarsTask                      : loaded 2 times (x 330B)
Class com.android.build.gradle.internal.dependency.ExtractAarTransform$Inject1        : loaded 2 times (x 107B)
Class com.android.build.api.artifact.Artifact$Appendable                              : loaded 2 times (x 68B)
Class com.android.build.gradle.internal.tasks.factory.BootClasspathConfigImpl$fullBootClasspathProvider$2: loaded 2 times (x 77B)
Class com.google.protobuf.AbstractMessage                                             : loaded 2 times (x 162B)
Class com.android.sdklib.repository.generated.repository.v2.LayoutlibType             : loaded 2 times (x 72B)
Class [Lcom.google.protobuf.GeneratedMessageV3$FieldAccessorTable$OneofAccessor;      : loaded 2 times (x 67B)
Class com.android.build.gradle.internal.tasks.MergeFileTask$Companion                 : loaded 2 times (x 69B)
Class javax.xml.bind.ValidationEventHandler                                           : loaded 2 times (x 68B)
Class com.android.build.gradle.internal.tasks.PerModuleBundleTask$CreationAction$handleProvider$1: loaded 2 times (x 125B)
Class org.jetbrains.kotlin.gradle.targets.js.npm.PeerNpmDependencyExtension           : loaded 2 times (x 68B)
Class org.jetbrains.kotlin.gradle.plugin.PropertiesProvider$localProperties$2         : loaded 2 times (x 77B)
Class com.android.build.gradle.internal.core.SettingsOptionsKt                        : loaded 2 times (x 69B)
Class com.android.build.gradle.internal.dsl.AgpDslLockedException                     : loaded 2 times (x 80B)
Class com.google.common.collect.FluentIterable$2                                      : loaded 2 times (x 79B)
Class org.jetbrains.kotlin.config.JvmDefaultMode$Companion                            : loaded 2 times (x 69B)
Class com.android.repository.impl.meta.CommonFactory                                  : loaded 2 times (x 89B)
Class com.android.build.gradle.internal.FileExistsValueSource$Params                  : loaded 2 times (x 68B)
Class org.jetbrains.kotlin.tooling.core.TypeUtils$WhenMappings                        : loaded 2 times (x 69B)
Class com.android.build.gradle.internal.scope.InternalArtifactType$OPTIMIZED_PROCESSED_RES: loaded 2 times (x 72B)
Class com.android.build.gradle.internal.tasks.MergeArtProfileTask$CreationAction      : loaded 2 times (x 88B)
Class com.android.build.gradle.internal.utils.DependencyInfo                          : loaded 2 times (x 70B)
Class com.android.build.gradle.internal.tasks.ApplicationIdWriterTask                 : loaded 2 times (x 323B)
Class org.jetbrains.kotlin.gradle.plugin.KotlinPlatformType                           : loaded 2 times (x 80B)
Class com.android.build.gradle.internal.tasks.factory.TaskInformation                 : loaded 2 times (x 68B)
Class com.android.build.gradle.internal.dsl.ApplicationPublishingImpl$AgpDecorated_Decorated: loaded 2 times (x 132B)
Class com.android.build.gradle.internal.profile.AnalyticsUtil                         : loaded 2 times (x 69B)
Class com.google.common.util.concurrent.ListeningExecutorService                      : loaded 2 times (x 68B)
Class com.android.build.gradle.internal.tasks.AppMetadataTask$CreationAction          : loaded 2 times (x 88B)
Class org.jetbrains.kotlin.metadata.ProtoBuf$Package$1                                : loaded 2 times (x 142B)
Class com.android.build.gradle.internal.publishing.VariantPublishingSpecImpl          : loaded 2 times (x 75B)
Class com.android.build.gradle.internal.tasks.BundleIdeModelProducerTask              : loaded 2 times (x 324B)
Class com.android.build.gradle.internal.services.VariantBuilderServices               : loaded 2 times (x 68B)
Class com.google.protobuf.DescriptorProtos$FileDescriptorProto                        : loaded 2 times (x 239B)
Class org.jetbrains.kotlin.gradle.tooling.IncludeKotlinToolingMetadataInApkKt$includeKotlinToolingMetadataInApk$1$1$1: loaded 2 times (x 76B)
Class com.android.build.api.variant.impl.LayeredSourceDirectoriesImpl$getVariantSourcesWithFilter$2$projectDir$1: loaded 2 times (x 73B)
Class com.android.build.gradle.internal.res.Aapt2FromMaven$Companion$create$aapt2Directory$1: loaded 2 times (x 72B)
Class com.android.build.gradle.internal.plugins.VersionCheckPlugin$Companion          : loaded 2 times (x 69B)
Class com.google.common.collect.FluentIterable$1                                      : loaded 2 times (x 79B)
Class org.jetbrains.kotlin.protobuf.LiteralByteString                                 : loaded 2 times (x 110B)
Class com.google.common.collect.ImmutableSortedAsList                                 : loaded 2 times (x 180B)
Class com.sun.xml.bind.v2.model.impl.RuntimeAnyTypeImpl                               : loaded 2 times (x 92B)
Class com.android.build.gradle.internal.PlatformToolsComponents$Companion             : loaded 2 times (x 69B)
Class com.android.build.gradle.internal.lint.AndroidLintGlobalTask$LintFixCreationAction$Companion: loaded 2 times (x 69B)
Class com.android.build.gradle.internal.plugins.AppPlugin$ApplicationAndroidComponentsExtensionImplCompat_Decorated: loaded 2 times (x 157B)
Class org.gradle.api.internal.classpath.DefaultModuleRegistry                         : loaded 2 times (x 84B)
Class com.sun.xml.bind.v2.runtime.unmarshaller.UnmarshallerImpl                       : loaded 2 times (x 137B)
Class com.sun.xml.bind.v2.runtime.reflect.TransducedAccessor$CompositeTransducedAccessorImpl: loaded 2 times (x 77B)
Class com.android.repository.api.RepositorySource                                     : loaded 2 times (x 68B)
Class javax.xml.bind.annotation.XmlType$DEFAULT                                       : loaded 2 times (x 69B)
Class com.android.build.gradle.internal.scope.InternalArtifactType$LOCAL_ONLY_SYMBOL_LIST: loaded 2 times (x 72B)
Class com.android.tools.build.jetifier.core.proguard.ProGuardTypesMap                 : loaded 2 times (x 70B)
Class org.jetbrains.kotlin.gradle.plugin.internal.MppTestReportHelper$MppTestReportHelperVariantFactory: loaded 2 times (x 68B)
Class com.android.build.gradle.internal.utils.EnvironmentProviderImpl                 : loaded 2 times (x 76B)
Class org.jetbrains.kotlin.metadata.ProtoBuf$Effect$InvocationKind                    : loaded 2 times (x 80B)
Class org.jetbrains.kotlin.metadata.ProtoBuf$Class$Kind$1                             : loaded 2 times (x 72B)
Class com.android.build.gradle.tasks.ExtractSupportedLocalesTask$CreationAction$configure$1: loaded 2 times (x 77B)
Class com.android.build.gradle.internal.tasks.PackageRenderscriptTask$CreationAction$configure$1: loaded 2 times (x 77B)
Class com.sun.xml.bind.v2.model.impl.ERPropertyInfoImpl                               : loaded 2 times (x 106B)
Class com.android.build.api.variant.impl.LibraryVariantImpl$aarOutputFileName$1       : loaded 2 times (x 73B)
Class com.android.build.gradle.internal.core.PostProcessingOptions                    : loaded 2 times (x 68B)
Class org.jetbrains.kotlin.compilerRunner.GradleCliCommonizerKt$sam$org_gradle_api_Action$0: loaded 2 times (x 73B)
Class com.android.build.gradle.internal.dsl.CommonExtensionImpl$lintOptions$2         : loaded 2 times (x 77B)
Class com.android.build.api.dsl.TestBaseFlavor                                        : loaded 2 times (x 68B)
Class com.android.build.gradle.internal.tasks.PackageForHostTest                      : loaded 2 times (x 325B)
Class com.android.build.gradle.tasks.MergeSourceSetFolders_Decorated                  : loaded 2 times (x 388B)
Class org.jetbrains.kotlin.gradle.plugin.sources.KotlinDependencyScope                : loaded 2 times (x 77B)
Class com.android.build.gradle.internal.scope.InternalArtifactType$DATA_BINDING_LAYOUT_INFO_TYPE_MERGE: loaded 2 times (x 72B)
Class org.jetbrains.kotlin.gradle.utils.ResourceUtilsKt                               : loaded 2 times (x 69B)
Class com.android.build.gradle.internal.dsl.DexPackagingImpl                          : loaded 2 times (x 68B)
Class com.android.build.gradle.internal.services.GlobalServiceRegistrationAction$execute$globalService$1: loaded 2 times (x 73B)
Class com.android.tools.build.jetifier.core.PackageMap$PackageRule                    : loaded 2 times (x 70B)
Class org.jetbrains.kotlin.gradle.plugin.internal.ConfigurationTimePropertiesAccessorKt: loaded 2 times (x 69B)
Class com.android.build.gradle.internal.dsl.ExternalNativeNdkBuildOptions_Decorated   : loaded 2 times (x 155B)
Class org.jetbrains.kotlin.protobuf.GeneratedMessageLite$Builder                      : loaded 2 times (x 126B)
Class com.android.build.gradle.internal.scope.BootClasspathBuilder$computeAdditionalAndRequestedOptionalLibraries$1: loaded 2 times (x 77B)
Class com.android.build.api.dsl.AndroidSourceFile                                     : loaded 2 times (x 68B)
Class com.android.build.gradle.internal.variant.BaseVariantFactory                    : loaded 2 times (x 106B)
Class build_4quaanxj64ir3d0wuv42kbv6m$_run_closure1$_closure2                         : loaded 2 times (x 137B)
Class com.android.build.gradle.internal.scope.BootClasspathBuilder$computeAdditionalAndRequestedOptionalLibraries$2: loaded 2 times (x 78B)
Class com.android.build.api.artifact.SingleArtifact                                   : loaded 2 times (x 72B)
Class com.android.build.gradle.internal.profile.ProfilingMode$Companion               : loaded 2 times (x 69B)
Class com.android.build.gradle.internal.dsl.BundleOptionsDensity$AgpDecorated_Decorated: loaded 2 times (x 127B)
Class [Lcom.android.resources.Density;                                                : loaded 2 times (x 67B)
Class com.android.build.gradle.internal.scope.BootClasspathBuilder$computeAdditionalAndRequestedOptionalLibraries$3: loaded 2 times (x 75B)
Class javax.xml.bind.annotation.XmlValue                                              : loaded 2 times (x 68B)
Class com.android.build.gradle.internal.FileExistsValueSource$Inject                  : loaded 2 times (x 107B)
Class [Lorg.jetbrains.kotlin.gradle.plugin.sources.KotlinDependencyScope;             : loaded 2 times (x 67B)
Class com.android.build.gradle.internal.cxx.logging.ThreadLoggingEnvironment$Companion$loggerStack$1: loaded 2 times (x 72B)
Class com.android.build.gradle.internal.tasks.PackageBundleTask                       : loaded 2 times (x 339B)
Class com.google.wireless.android.sdk.stats.GradleBuildVariant$KotlinOptionsOrBuilder : loaded 2 times (x 68B)
Class org.jetbrains.kotlin.gradle.plugin.sources.android.AndroidBaseSourceSetName$Main: loaded 2 times (x 70B)
Class com.android.build.gradle.internal.tasks.factory.TaskConfigAction                : loaded 2 times (x 68B)
Class com.android.build.gradle.internal.tasks.factory.GlobalTaskCreationConfigImpl$localCustomLintChecks$2: loaded 2 times (x 77B)
Class org.jetbrains.kotlin.gradle.plugin.mpp.compilationImpl.factory.KotlinCompilationImplFactory$PostConfigure: loaded 2 times (x 68B)
Class com.android.build.gradle.tasks.MapSourceSetPathsTask$CreateAction$configure$1   : loaded 2 times (x 72B)
Class com.android.build.gradle.internal.scope.BootClasspathBuilder$computeAdditionalAndRequestedOptionalLibraries$4: loaded 2 times (x 77B)
Class org.jetbrains.kotlin.gradle.tasks.configuration.AbstractKotlinCompileConfig$1$1 : loaded 2 times (x 77B)
Class com.android.build.gradle.tasks.CompatibleScreensManifest$CreationAction$handleProvider$1: loaded 2 times (x 125B)
Class com.android.build.gradle.internal.lint.LintTaskManager$Companion                : loaded 2 times (x 69B)
Class [Lcom.android.build.gradle.ProguardFiles$ProguardFile;                          : loaded 2 times (x 67B)
Class org.jetbrains.kotlin.gradle.targets.js.dsl.KotlinWasmTargetDsl                  : loaded 2 times (x 68B)
Class com.android.build.gradle.internal.dsl.VariantDimensionBinaryCompatibilityFixParent: loaded 2 times (x 68B)
Class com.google.wireless.android.sdk.stats.AndroidStudioEventOrBuilder               : loaded 2 times (x 68B)
Class com.android.build.gradle.tasks.MapSourceSetPathsTask$CreateAction$configure$2   : loaded 2 times (x 72B)
Class com.android.build.gradle.internal.scope.BootClasspathBuilder$computeAdditionalAndRequestedOptionalLibraries$5: loaded 2 times (x 78B)
Class org.jetbrains.kotlin.tooling.core.Extras$Entry$Companion                        : loaded 2 times (x 69B)
Class com.android.build.gradle.internal.scope.InternalArtifactType$DEFAULT_PROGUARD_FILES: loaded 2 times (x 72B)
Class com.android.build.gradle.internal.tasks.factory.GlobalTaskCreationConfigImpl$versionedNdkHandler$2: loaded 2 times (x 77B)
Class [Lcom.google.wireless.android.sdk.stats.GradleBuildProject$PluginGeneration;    : loaded 2 times (x 67B)
Class build_cjd3bfrskq9797yhl2oftvb63$_run_closure1$_closure2                         : loaded 2 times (x 137B)
Class com.android.build.gradle.tasks.MapSourceSetPathsTask$CreateAction$configure$3   : loaded 2 times (x 72B)
Class com.android.build.gradle.internal.scope.BootClasspathBuilder$computeAdditionalAndRequestedOptionalLibraries$6: loaded 2 times (x 75B)
Class com.android.build.gradle.api.LibraryVariantOutput                               : loaded 2 times (x 68B)
Class org.jetbrains.kotlin.gradle.plugin.mpp.HierarchyAttributeContainer              : loaded 2 times (x 81B)
Class com.android.build.gradle.internal.publishing.ComponentPublishingInfo            : loaded 2 times (x 70B)
Class com.android.build.gradle.tasks.MapSourceSetPathsTask$CreateAction$configure$4   : loaded 2 times (x 72B)
Class com.android.build.gradle.internal.scope.InternalArtifactType$DATA_BINDING_BASE_CLASS_SOURCE_OUT: loaded 2 times (x 72B)
Class com.android.build.gradle.tasks.ExtractAnnotations$CreationAction                : loaded 2 times (x 89B)
Class com.android.build.gradle.internal.dependency.ExtractJniTransform                : loaded 2 times (x 76B)
Class com.android.build.api.component.impl.DefaultSourcesProviderImpl$getResources$1  : loaded 2 times (x 76B)
Class com.android.build.api.dsl.ExternalNativeBuild                                   : loaded 2 times (x 68B)
Class com.google.wireless.android.sdk.stats.GradleTransformExecutionOrBuilder         : loaded 2 times (x 68B)
Class [Lcom.android.build.gradle.options.StringOption;                                : loaded 2 times (x 67B)
Class com.android.build.gradle.tasks.MapSourceSetPathsTask$CreateAction$configure$5   : loaded 2 times (x 72B)
Class com.sun.xml.bind.v2.model.core.AttributePropertyInfo                            : loaded 2 times (x 68B)
Class com.android.build.gradle.internal.utils.GradlePluginUtils$enforceMinimumVersionsOfPlugins$1$1: loaded 2 times (x 73B)
Class org.jetbrains.kotlin.gradle.plugin.KotlinCompilationToRunnableFiles             : loaded 2 times (x 68B)
Class org.jetbrains.kotlin.gradle.targets.native.internal.CInteropKlibLibraryElements : loaded 2 times (x 69B)
Class org.jetbrains.kotlin.metadata.ProtoBuf$ValueParameter                           : loaded 2 times (x 126B)
Class com.google.protobuf.DescriptorProtos$MessageOptions$Builder                     : loaded 2 times (x 356B)
Class com.android.build.gradle.tasks.MapSourceSetPathsTask$CreateAction$configure$6   : loaded 2 times (x 77B)
Class com.sun.xml.bind.v2.runtime.unmarshaller.TextLoader                             : loaded 2 times (x 76B)
Class com.android.build.gradle.internal.utils.GradlePluginUtils$enforceMinimumVersionsOfPlugins$1$2: loaded 2 times (x 73B)
Class com.android.build.api.component.impl.OldVariantApiLegacySupportImpl$JavaCompileOptionsForOldVariantAPI: loaded 2 times (x 73B)
Class com.android.tools.build.jetifier.core.utils.LogConsumer                         : loaded 2 times (x 68B)
Class org.jetbrains.kotlin.gradle.dsl.KotlinProjectExtensionKt                        : loaded 2 times (x 69B)
Class com.android.build.api.artifact.impl.ArtifactContainer                           : loaded 2 times (x 73B)
Class com.android.build.gradle.internal.tasks.ValidateResourcesTask$CreateAction$configure$1$resourceMap$1: loaded 2 times (x 76B)
Class com.android.build.gradle.tasks.MapSourceSetPathsTask$CreateAction$configure$7   : loaded 2 times (x 72B)
Class com.android.tools.lint.model.LintModelDependencies                              : loaded 2 times (x 68B)
Class com.sun.xml.bind.v2.model.runtime.RuntimeValuePropertyInfo                      : loaded 2 times (x 68B)
Class com.android.build.gradle.internal.utils.GradlePluginUtils$enforceMinimumVersionsOfPlugins$1$3: loaded 2 times (x 73B)
Class com.android.build.gradle.internal.tasks.DeviceProviderInstrumentTestTask$CreationAction: loaded 2 times (x 89B)
Class com.android.build.gradle.tasks.MergeSourceSetFolders$CreationAction             : loaded 2 times (x 89B)
Class org.jetbrains.kotlin.gradle.tasks.UsesKotlinJavaToolchain                       : loaded 2 times (x 68B)
Class org.jetbrains.kotlin.metadata.ProtoBuf$Effect$InvocationKind$1                  : loaded 2 times (x 72B)
Class org.objectweb.asm.signature.SignatureWriter                                     : loaded 2 times (x 86B)
Class com.android.build.gradle.tasks.CompatibleScreensManifest_Decorated              : loaded 2 times (x 380B)
Class org.jetbrains.kotlin.gradle.plugin.mpp.KotlinTargetComponentWithCoordinatesAndPublication: loaded 2 times (x 68B)
Class com.android.build.gradle.internal.dsl.LibraryAndroidResourcesImpl$AgpDecorated_Decorated: loaded 2 times (x 179B)
Class com.android.build.gradle.internal.scope.InternalArtifactType$EXTRACTED_APKS_FROM_PRIVACY_SANDBOX_SDKs: loaded 2 times (x 72B)
Class com.android.build.gradle.internal.SdkLocation                                   : loaded 2 times (x 70B)
Class com.android.build.gradle.internal.PropertiesValueSource$Params_Decorated        : loaded 2 times (x 132B)
Class com.android.build.gradle.internal.VariantManager$getLazyManifestParser$1        : loaded 2 times (x 77B)
Class org.jetbrains.kotlin.gradle.plugin.DefaultKotlinBasePlugin$addKotlinCompilerConfiguration$1: loaded 2 times (x 77B)
Class com.google.wireless.android.sdk.stats.GradleBuildVariant$Builder                : loaded 2 times (x 378B)
Class com.android.build.gradle.internal.plugins.BasePlugin$bootClasspathConfig$2      : loaded 2 times (x 77B)
Class com.android.build.gradle.tasks.ProcessMultiApkApplicationManifest_Decorated     : loaded 2 times (x 386B)
Class com.android.build.api.dsl.LibraryAndroidResources                               : loaded 2 times (x 68B)
Class com.android.build.gradle.internal.dependency.RecalculateStackFramesTransform$Inject1: loaded 2 times (x 108B)
Class com.android.build.gradle.internal.dependency.AdditionalArtifactType             : loaded 2 times (x 77B)
Class org.jetbrains.kotlin.gradle.plugin.DefaultKotlinBasePlugin$addKotlinCompilerConfiguration$2: loaded 2 times (x 77B)
Class org.jetbrains.kotlin.metadata.ProtoBuf$Annotation$1                             : loaded 2 times (x 142B)
Class com.android.build.gradle.internal.EmulatorComponents                            : loaded 2 times (x 70B)
Class FlutterPlugin$_addFlutterTasks_closure24$_closure69$_closure72$_closure73$_closure75: loaded 2 times (x 134B)
Class org.jetbrains.kotlin.tooling.core.ExtrasPropertyKt                              : loaded 2 times (x 69B)
Class com.android.build.gradle.internal.dependency.ExtractProGuardRulesTransform      : loaded 2 times (x 76B)
Class com.android.build.gradle.internal.tasks.TestPreBuildTask$CreationAction         : loaded 2 times (x 89B)
Class com.android.build.gradle.internal.transforms.ShrinkAppBundleResourcesTask       : loaded 2 times (x 327B)
Class com.android.build.api.dsl.LibraryBuildFeatures                                  : loaded 2 times (x 68B)
Class org.jetbrains.kotlin.metadata.jvm.JvmProtoBuf$StringTableTypes$1                : loaded 2 times (x 142B)
Class com.android.repository.api.SchemaModule                                         : loaded 2 times (x 74B)
Class javax.xml.bind.annotation.XmlElement                                            : loaded 2 times (x 68B)
Class com.android.repository.impl.generated.v2.DependencyType                         : loaded 2 times (x 79B)
Class [Lcom.android.ide.common.resources.FileValidity$FileStatus;                     : loaded 2 times (x 67B)
Class [Lcom.android.build.gradle.tasks.MergeResources$Flag;                           : loaded 2 times (x 67B)
Class com.android.build.gradle.internal.scope.InternalArtifactType$COMPILE_MANIFEST_JAR: loaded 2 times (x 72B)
Class com.android.build.gradle.internal.profile.AnalyticsConfiguratorService$State    : loaded 2 times (x 77B)
Class com.google.common.io.FileWriteMode                                              : loaded 2 times (x 77B)
Class org.jetbrains.kotlin.gradle.plugin.AndroidProjectHandler$preprocessVariant$1    : loaded 2 times (x 77B)
Class com.android.build.api.component.impl.OldVariantApiLegacySupportImpl$outputs$2   : loaded 2 times (x 77B)
Class org.jetbrains.kotlin.gradle.plugin.VariantImplementationFactories$Companion$getProvider$2$1$1: loaded 2 times (x 77B)
Class com.android.builder.model.SigningConfig                                         : loaded 2 times (x 68B)
Class build_68i0zy58tqaqlpfp5jmiax7uv$_run_closure1$_closure2$_closure4               : loaded 2 times (x 137B)
Class com.android.build.gradle.tasks.ExtractDeepLinksTask_Decorated                   : loaded 2 times (x 378B)
Class com.android.build.gradle.internal.dependency.RecalculateStackFramesTransform    : loaded 2 times (x 77B)
Class com.android.build.gradle.internal.attribution.CheckJetifierBuildService$Parameters: loaded 2 times (x 68B)
Class org.jetbrains.kotlin.gradle.plugin.mpp.KotlinUsages$KotlinCinteropCompatibility : loaded 2 times (x 75B)
Class com.sun.xml.bind.v2.runtime.reflect.Accessor$SetterOnlyReflection               : loaded 2 times (x 83B)
Class com.android.build.gradle.tasks.JdkImageInput                                    : loaded 2 times (x 73B)
Class Dependency_version_checker_gradle$FlutterDependencyCheckerPlugin                : loaded 2 times (x 72B)
Class org.jetbrains.kotlin.gradle.plugin.sources.ConsistencyCheck                     : loaded 2 times (x 70B)
Class [Lorg.jetbrains.kotlin.gradle.plugin.HasKotlinDependencies;                     : loaded 2 times (x 67B)
Class com.google.protobuf.DescriptorProtos$SourceCodeInfo                             : loaded 2 times (x 196B)
Class org.gradle.internal.classpath.ClassPath                                         : loaded 2 times (x 68B)
Class org.jetbrains.kotlin.cli.common.messages.MessageCollector$Companion             : loaded 2 times (x 69B)
Class org.jetbrains.kotlin.metadata.jvm.JvmProtoBuf$JvmMethodSignature$Builder        : loaded 2 times (x 132B)
Class [Lorg.jetbrains.kotlin.protobuf.WireFormat$FieldType;                           : loaded 2 times (x 67B)
Class com.android.build.gradle.internal.core.dsl.ComponentDslInfo                     : loaded 2 times (x 68B)
Class com.android.repository.impl.meta.GenericFactory                                 : loaded 2 times (x 70B)
Class com.android.build.api.artifact.Artifact$Multiple                                : loaded 2 times (x 72B)
Class com.android.build.gradle.internal.tasks.factory.TaskConfigurationActions        : loaded 2 times (x 73B)
Class com.android.build.gradle.internal.tasks.CheckManifest$CreationAction            : loaded 2 times (x 88B)
Class [Lorg.objectweb.asm.ConstantDynamic;                                            : loaded 2 times (x 67B)
Class com.android.repository.impl.meta.RemotePackageImpl$ChannelRef                   : loaded 2 times (x 71B)
Class com.android.build.gradle.internal.scope.InternalArtifactType$AIDL_PARCELABLE    : loaded 2 times (x 72B)
Class com.android.build.gradle.internal.tasks.ExtractApksTask                         : loaded 2 times (x 328B)
Class com.android.build.api.variant.impl.ResourcesPackagingImpl$excludes$1            : loaded 2 times (x 73B)
Class com.android.tools.build.jetifier.core.rule.RewriteRulesMap$Companion            : loaded 2 times (x 69B)
Class com.android.sdklib.repository.meta.SysImgFactory                                : loaded 2 times (x 70B)
Class com.android.build.gradle.internal.dsl.MultiDexConfigImpl                        : loaded 2 times (x 78B)
Class org.jetbrains.kotlin.metadata.ProtoBuf$VersionRequirementOrBuilder              : loaded 2 times (x 68B)
Class com.android.tools.build.jetifier.core.proguard.ProGuardType                     : loaded 2 times (x 70B)
Class com.android.build.gradle.internal.core.dsl.impl.features.AndroidResourcesDslInfoImpl: loaded 2 times (x 79B)
Class com.android.tools.analytics.UsageTracker$setMaxJournalTime$1                    : loaded 2 times (x 77B)
Class org.jetbrains.kotlin.gradle.plugin.mpp.compilationImpl.DefaultKotlinCompilationSourceSetsContainer: loaded 2 times (x 76B)
Class com.android.build.gradle.internal.dsl.TestOptions$UnitTestOptions               : loaded 2 times (x 82B)
Class com.google.protobuf.UnsafeUtil$MemoryAccessor                                   : loaded 2 times (x 89B)
Class com.android.build.gradle.internal.plugins.BasePlugin$sdkComponentsBuildService$2: loaded 2 times (x 77B)
Class org.jetbrains.kotlin.gradle.plugin.mpp.compilationImpl.factory.KotlinCompilationImplFactory$KotlinCompilationSourceSetsContainerFactory: loaded 2 times (x 68B)
Class com.android.build.gradle.internal.tasks.StripDebugSymbolsTask$CreationAction    : loaded 2 times (x 88B)
Class com.android.build.gradle.internal.core.dsl.impl.VariantDslInfoImpl              : loaded 2 times (x 141B)
Class org.jetbrains.kotlin.gradle.plugin.mpp.KotlinAndroidTarget$kotlinComponents$2   : loaded 2 times (x 77B)
Class com.android.prefs.AndroidLocationsProvider                                      : loaded 2 times (x 68B)
Class com.android.build.gradle.internal.component.ApplicationCreationConfig           : loaded 2 times (x 68B)
Class org.gradle.api.internal.classpath.UnknownModuleException                        : loaded 2 times (x 80B)
Class com.android.build.gradle.internal.dependency.BaseDexingTransform$Parameters     : loaded 2 times (x 68B)
Class com.android.build.gradle.internal.tasks.BundleIdeModelProducerTask$CreationAction: loaded 2 times (x 88B)
Class com.android.build.gradle.tasks.ProcessManifestForInstantAppTask                 : loaded 2 times (x 324B)
Class com.google.protobuf.LazyField                                                   : loaded 2 times (x 83B)
Class com.android.build.gradle.internal.component.ConsumableCreationConfig            : loaded 2 times (x 68B)
Class org.jetbrains.kotlin.protobuf.WireFormat$JavaType                               : loaded 2 times (x 77B)
Class [Lcom.android.build.gradle.internal.TaskManager$MergeType;                      : loaded 2 times (x 67B)
Class com.android.build.gradle.tasks.ProcessManifestForBundleTask$CreationAction      : loaded 2 times (x 88B)
Class org.jetbrains.kotlin.statistics.MetricValueValidationFailed                     : loaded 2 times (x 80B)
Class com.android.tools.analytics.Environment                                         : loaded 2 times (x 71B)
Class com.google.common.collect.FluentIterable                                        : loaded 2 times (x 79B)
Class org.jetbrains.kotlin.gradle.tasks.AbstractKotlinCompileTool$sources$1           : loaded 2 times (x 77B)
Class com.sun.xml.bind.Util                                                           : loaded 2 times (x 69B)
Class com.android.build.gradle.internal.scope.InternalArtifactType$COMPILE_APP_CLASSES_JAR: loaded 2 times (x 72B)
Class com.android.build.gradle.internal.tasks.MergeNativeLibsTask$CreationAction      : loaded 2 times (x 88B)
Class com.android.build.api.component.impl.ComponentImpl$resValuesCreationConfig$2    : loaded 2 times (x 77B)
Class org.jetbrains.kotlin.gradle.tooling.IncludeKotlinToolingMetadataInApkKt$includeKotlinToolingMetadataInApk$1$1: loaded 2 times (x 77B)
Class org.jetbrains.kotlin.gradle.plugin.sources.android.checker.MultiplatformLayoutV2AgpRequirementChecker: loaded 2 times (x 73B)
Class com.google.common.collect.CollectSpliterators$1                                 : loaded 2 times (x 88B)
Class com.android.build.gradle.tasks.ProcessLibraryManifest_Decorated                 : loaded 2 times (x 397B)
Class com.android.sdklib.repository.generated.addon.v1.package-info                   : loaded 2 times (x 68B)
Class com.android.build.gradle.internal.PropertiesValueSource$Params$Inject           : loaded 2 times (x 104B)
Class com.google.protobuf.CodedInputStream                                            : loaded 2 times (x 117B)
Class com.android.build.gradle.internal.ide.dependencies.ArtifactCollectionsInputs$RuntimeType: loaded 2 times (x 77B)
Class com.android.repository.impl.downloader.LocalFileAwareDownloader                 : loaded 2 times (x 82B)
Class org.jetbrains.kotlin.gradle.tasks.configuration.BaseKotlinCompileConfig         : loaded 2 times (x 70B)
Class com.android.build.gradle.internal.dependency.ConstraintHandler$checkConfigurationAlignments$1: loaded 2 times (x 73B)
Class com.android.build.gradle.internal.dsl.decorator.SupportedPropertyType$Var$String: loaded 2 times (x 72B)
Class com.android.build.gradle.internal.variant.AbstractVariantInputManager$Companion : loaded 2 times (x 69B)
Class com.sun.xml.bind.v2.model.runtime.RuntimeClassInfo                              : loaded 2 times (x 68B)
Class com.sun.xml.bind.v2.model.core.EnumLeafInfo                                     : loaded 2 times (x 68B)
Class com.android.build.gradle.internal.dsl.decorator.ApplicationInstallationImpl     : loaded 2 times (x 97B)
Class com.android.build.gradle.api.AndroidSourceDirectorySet                          : loaded 2 times (x 68B)
Class com.google.wireless.android.sdk.stats.GradleProjectOptionsSettings$Builder      : loaded 2 times (x 316B)
Class org.jetbrains.kotlin.protobuf.ByteString                                        : loaded 2 times (x 106B)
Class com.google.common.collect.MapMakerInternalMap$StrongKeyDummyValueEntry$LinkedStrongKeyDummyValueEntry: loaded 2 times (x 80B)
Class com.android.tools.analytics.UsageTrackerWriter                                  : loaded 2 times (x 79B)
Class com.android.sdklib.repository.generated.common.v1.package-info                  : loaded 2 times (x 68B)
Class com.android.build.gradle.tasks.ProcessMultiApkApplicationManifest$CreationAction: loaded 2 times (x 88B)
Class com.android.build.gradle.internal.services.ConfigPhaseFileCreator               : loaded 2 times (x 68B)
Class [Lcom.google.protobuf.Internal$EnumLite;                                        : loaded 2 times (x 67B)
Class com.google.common.collect.Iterables$4                                           : loaded 2 times (x 79B)
Class org.jetbrains.kotlin.gradle.tasks.DefaultKotlinJavaToolchain$DefaultJdkSetter   : loaded 2 times (x 74B)
Class org.jetbrains.kotlin.compilerRunner.GradleCompilerRunner$Companion              : loaded 2 times (x 69B)
Class com.android.sdklib.repository.generated.addon.v1.ObjectFactory                  : loaded 2 times (x 78B)
Class FlutterPlugin$_detectLowCompileSdkVersionOrNdkVersion_closure21$_closure63      : loaded 2 times (x 134B)
Class org.jetbrains.kotlin.gradle.plugin.mpp.pm20.util.TargetsKt                      : loaded 2 times (x 69B)
Class com.android.ide.common.process.ProcessException                                 : loaded 2 times (x 80B)
Class com.google.protobuf.NioByteString                                               : loaded 2 times (x 102B)
Class com.android.build.gradle.options.BooleanOption                                  : loaded 2 times (x 84B)
Class com.android.build.gradle.internal.dsl.BuildType$AgpDecorated_Decorated$hasProperty: loaded 2 times (x 150B)
Class org.jetbrains.kotlin.metadata.jvm.JvmProtoBuf$JvmFieldSignature$1               : loaded 2 times (x 142B)
Class com.android.build.gradle.internal.AndroidTestTaskManager$createMockableJarTask$1$1: loaded 2 times (x 72B)
Class com.android.repository.impl.generated.v2.PatchesType                            : loaded 2 times (x 73B)
Class com.sun.xml.bind.v2.util.QNameMap$Entry                                         : loaded 2 times (x 70B)
Class com.android.build.gradle.internal.variant.LibraryVariantData                    : loaded 2 times (x 74B)
Class com.android.build.gradle.internal.tasks.featuresplit.PackagedDependenciesWriterTask: loaded 2 times (x 323B)
Class com.android.build.api.dsl.ManagedVirtualDevice                                  : loaded 2 times (x 68B)
Class org.jetbrains.kotlin.gradle.plugin.KotlinGradleBuildServices$detectKotlinPluginLoadedInMultipleProjects$onRegister$1$1: loaded 2 times (x 73B)
Class org.jetbrains.kotlin.gradle.plugin.AbstractKotlinAndroidPluginWrapper           : loaded 2 times (x 85B)
Class com.android.builder.internal.ClassFieldImpl                                     : loaded 2 times (x 77B)
Class com.android.build.api.artifact.Artifact$ContainsMany                            : loaded 2 times (x 68B)
Class com.android.build.gradle.internal.tasks.ExtractNativeDebugMetadataTask$CreationAction: loaded 2 times (x 89B)
Class com.android.build.gradle.internal.core.ProductFlavor                            : loaded 2 times (x 70B)
Class com.android.build.gradle.internal.variant.VariantPathHelper$apkLocation$2       : loaded 2 times (x 77B)
Class com.android.build.gradle.internal.variant.VariantPathHelper$coverageReportDir$2 : loaded 2 times (x 77B)
Class com.android.build.gradle.internal.core.dsl.impl.DslInfoBuilder                  : loaded 2 times (x 70B)
Class com.android.tools.analytics.AnalyticsSettingsData$Companion                     : loaded 2 times (x 69B)
Class [Lcom.android.build.gradle.options.SyncOptions$ErrorFormatMode;                 : loaded 2 times (x 67B)
Class Flutter_gradle$FlutterPluginKts                                                 : loaded 2 times (x 72B)
Class com.android.sdklib.repository.generated.addon.v1.AddonDetailsType               : loaded 2 times (x 125B)
Class com.android.build.gradle.internal.utils.ResolutionResultUtils                   : loaded 2 times (x 69B)
Class com.android.build.gradle.internal.tasks.ExportConsumerProguardFilesTask$CreationAction: loaded 2 times (x 91B)
Class com.google.protobuf.Internal$ProtobufList                                       : loaded 2 times (x 68B)
Class org.jetbrains.kotlin.gradle.targets.js.KotlinJsCompilerAttribute                : loaded 2 times (x 80B)
Class org.jetbrains.kotlin.cli.common.ModuleVisibilityHelperImpl                      : loaded 2 times (x 72B)
Class org.jetbrains.org.objectweb.asm.tree.InsnList                                   : loaded 2 times (x 101B)
Class com.android.build.gradle.internal.scope.InternalArtifactType$ANNOTATIONS_TYPEDEF_FILE: loaded 2 times (x 72B)
Class com.android.build.gradle.internal.tasks.R8Task$CreationAction$handleProvider$5  : loaded 2 times (x 125B)
Class com.google.gson.internal.bind.MapTypeAdapterFactory                             : loaded 2 times (x 73B)
Class com.android.build.api.dsl.SigningConfig                                         : loaded 2 times (x 68B)
Class com.google.wireless.android.sdk.stats.GradleTaskExecutionOrBuilder              : loaded 2 times (x 68B)
Class com.google.protobuf.DescriptorProtos$EnumDescriptorProto$1                      : loaded 2 times (x 149B)
Class org.jetbrains.kotlin.metadata.ProtoBuf$PackageOrBuilder                         : loaded 2 times (x 68B)
Class com.android.build.gradle.internal.tasks.R8Task$CreationAction$handleProvider$6  : loaded 2 times (x 125B)
Class com.android.build.api.component.impl.HostTestImpl                               : loaded 2 times (x 220B)
Class com.android.build.api.dsl.PrivacySandboxSdkOptimization                         : loaded 2 times (x 68B)
Class com.google.protobuf.Descriptors$DescriptorPool$PackageDescriptor                : loaded 2 times (x 74B)
Class com.android.build.gradle.internal.res.Aapt2FromMaven                            : loaded 2 times (x 70B)
Class [Lorg.jetbrains.org.objectweb.asm.Type;                                         : loaded 2 times (x 67B)
Class com.android.build.gradle.internal.testing.utp.UtpDependency$10                  : loaded 2 times (x 125B)
Class com.android.build.gradle.internal.tasks.R8Task$CreationAction$handleProvider$7  : loaded 2 times (x 125B)
Class com.android.build.gradle.internal.tasks.R8Task$CreationAction                   : loaded 2 times (x 98B)
Class com.android.build.gradle.internal.scope.InternalArtifactType$APP_METADATA       : loaded 2 times (x 72B)
Class com.android.build.gradle.internal.scope.InternalArtifactType$MERGED_RES         : loaded 2 times (x 72B)
Class [Lcom.android.build.gradle.internal.core.dsl.ComponentDslInfo$DslDefinedHostTest;: loaded 2 times (x 67B)
Class org.jetbrains.kotlin.gradle.utils.AndroidPluginIdsKt                            : loaded 2 times (x 69B)
Class org.jetbrains.kotlin.gradle.plugin.VariantImplementationFactories$Companion     : loaded 2 times (x 69B)
Class com.android.build.gradle.internal.dependency.FilterShrinkerRulesTransform$Parameters_Decorated: loaded 2 times (x 137B)
Class com.android.build.gradle.internal.testing.utp.UtpDependency$11                  : loaded 2 times (x 125B)
Class com.android.build.api.variant.impl.VariantImpl$shadersCreationConfig$2          : loaded 2 times (x 77B)
Class com.android.build.api.dsl.LibraryDefaultConfig                                  : loaded 2 times (x 68B)
Class com.android.build.gradle.internal.services.ConfigPhaseFileCreator$Params        : loaded 2 times (x 68B)
Class org.jetbrains.kotlin.gradle.plugin.mpp.KotlinMultiplatformPluginKt$sourcesJarTaskNamed$result$1: loaded 2 times (x 77B)
Class com.android.build.gradle.internal.testing.utp.UtpDependency$12                  : loaded 2 times (x 125B)
Class org.jetbrains.kotlin.gradle.targets.js.npm.BaseNpmDependencyExtension           : loaded 2 times (x 68B)
Class [Lcom.android.prefs.LocationValue;                                              : loaded 2 times (x 67B)
Class build_3u0fqana7857dhi5jizmoehps$_run_closure1$_closure2                         : loaded 2 times (x 137B)
Class org.jetbrains.kotlin.descriptors.Visibilities$Inherited                         : loaded 2 times (x 77B)
Class com.android.build.gradle.internal.testing.utp.UtpDependency$13                  : loaded 2 times (x 125B)
Class com.android.build.gradle.internal.plugins.BasePlugin$buildOutputs$2$1           : loaded 2 times (x 76B)
Class com.android.builder.core.AbstractProductFlavor                                  : loaded 2 times (x 193B)
Class com.android.build.gradle.internal.services.StringCachingBuildService            : loaded 2 times (x 82B)
Class com.google.wireless.android.sdk.stats.AndroidStudioEvent$Builder                : loaded 2 times (x 861B)
Class com.google.common.io.ByteArrayDataInput                                         : loaded 2 times (x 68B)
Class org.jetbrains.kotlin.gradle.plugin.mpp.PublishingKt                             : loaded 2 times (x 69B)
Class com.android.build.gradle.internal.testing.utp.UtpDependency$14                  : loaded 2 times (x 125B)
Class com.android.tools.build.jetifier.processor.TimestampsPolicy$Companion$KEEP_PREVIOUS$1: loaded 2 times (x 76B)
Class FlutterPlugin$_addTasksForOutputsAppLinkSettings_closure13                      : loaded 2 times (x 134B)
Class [Lorg.jetbrains.kotlin.cli.common.messages.CompilerMessageSeverity;             : loaded 2 times (x 67B)
Class com.android.build.gradle.internal.core.dsl.impl.LibraryVariantDslInfoImpl       : loaded 2 times (x 180B)
Class net.rubygrapefruit.platform.internal.Platform$Window64Bit                       : loaded 2 times (x 77B)
Class org.jetbrains.kotlin.metadata.ProtoBuf$TypeAlias$1                              : loaded 2 times (x 142B)
Class javax.xml.bind.annotation.XmlIDREF                                              : loaded 2 times (x 68B)
Class com.android.build.gradle.internal.tasks.BuildAnalyzer                           : loaded 2 times (x 68B)
Class com.android.build.gradle.internal.cxx.logging.IssueReporterLoggingEnvironment   : loaded 2 times (x 81B)
Class com.google.gson.internal.LinkedTreeMap$LinkedTreeMapIterator                    : loaded 2 times (x 78B)
Class com.google.errorprone.annotations.DoNotMock                                     : loaded 2 times (x 68B)
Class com.android.build.gradle.api.SourceKind                                         : loaded 2 times (x 77B)
Class org.jetbrains.kotlin.gradle.plugin.sources.FragmentConsistencyChecks            : loaded 2 times (x 70B)
Class com.android.build.gradle.internal.dsl.BundleOptionsDensity$AgpDecorated         : loaded 2 times (x 79B)
Class org.jetbrains.kotlin.protobuf.GeneratedMessageLite$GeneratedExtension           : loaded 2 times (x 77B)
Class com.android.build.api.dsl.JavaCompileOptions                                    : loaded 2 times (x 68B)
Class org.jetbrains.kotlin.metadata.ProtoBuf$Effect                                   : loaded 2 times (x 111B)
Class com.android.build.api.variant.UnitTest                                          : loaded 2 times (x 68B)
Class org.jetbrains.kotlin.gradle.tooling.BuildKotlinToolingMetadataTask$FromKotlinExtension: loaded 2 times (x 312B)
Class com.android.build.gradle.api.InstallableVariant                                 : loaded 2 times (x 68B)
Class com.android.build.gradle.internal.component.InstrumentedTestCreationConfig      : loaded 2 times (x 68B)
Class com.android.build.api.variant.impl.VariantImpl                                  : loaded 2 times (x 299B)
Class FlutterPlugin$_getTargetPlatforms_closure23                                     : loaded 2 times (x 133B)
Class com.sun.xml.bind.v2.runtime.reflect.TransducedAccessor$CompositeContextDependentTransducedAccessorImpl: loaded 2 times (x 77B)
Class com.android.repository.api.Downloader                                           : loaded 2 times (x 68B)
Class org.jetbrains.kotlin.gradle.plugin.mpp.KotlinMultiplatformPluginKt$applyUserDefinedAttributes$1$4: loaded 2 times (x 77B)
Class [Lcom.android.build.gradle.internal.testing.utp.UtpDependency;                  : loaded 2 times (x 67B)
Class com.android.build.gradle.tasks.GenerateManifestJarTask                          : loaded 2 times (x 324B)
Class com.android.build.gradle.internal.dsl.SdkComponentsImpl_Decorated               : loaded 2 times (x 130B)
Class com.android.build.gradle.internal.VariantDimensionData                          : loaded 2 times (x 70B)
Class com.google.protobuf.Internal$ListAdapter$Converter                              : loaded 2 times (x 68B)
Class org.jetbrains.kotlin.metadata.ProtoBuf$Type$Argument                            : loaded 2 times (x 108B)
Class com.android.build.gradle.internal.lint.AndroidLintGlobalTask$UpdateBaselineCreationAction: loaded 2 times (x 91B)
Class com.android.build.gradle.internal.dsl.PackagingOptions                          : loaded 2 times (x 109B)
Class com.android.builder.profile.Recorder                                            : loaded 2 times (x 68B)
Class com.android.build.gradle.AppPluginKt                                            : loaded 2 times (x 69B)
Class com.android.build.gradle.internal.dsl.LibraryInstallationImpl$AgpDecorated      : loaded 2 times (x 97B)
Class com.android.build.gradle.internal.services.AndroidLocationsBuildService$AndroidLocations: loaded 2 times (x 80B)
Class com.android.build.gradle.internal.tasks.PerModuleReportDependenciesTask         : loaded 2 times (x 326B)
Class com.google.common.collect.CollectSpliterators$1WithCharacteristics              : loaded 2 times (x 88B)
Class com.google.common.base.Suppliers$MemoizingSupplier                              : loaded 2 times (x 77B)
Class [Lcom.android.builder.errors.IssueReporter$Type;                                : loaded 2 times (x 67B)
Class com.android.builder.model.BuildType                                             : loaded 2 times (x 68B)
Class user_agent_8d2i2yrl2y64c38836uzz680q$_run_closure1$_closure2                    : loaded 2 times (x 138B)
Class com.android.tools.build.gradle.internal.profile.GradleTaskExecutionType$1       : loaded 2 times (x 74B)
Class com.android.build.gradle.tasks.BundleAar$BaseCreationAction$configure$2         : loaded 2 times (x 72B)
Class org.jetbrains.kotlin.gradle.tasks.configuration.TaskConfigAction$configureTask$1: loaded 2 times (x 77B)
Class com.android.build.gradle.internal.utils.VariantPostCreationChecksKt             : loaded 2 times (x 69B)
Class com.android.build.api.artifact.Artifacts                                        : loaded 2 times (x 68B)
Class com.google.protobuf.DescriptorProtos$ServiceDescriptorProtoOrBuilder            : loaded 2 times (x 68B)
Class com.google.protobuf.DescriptorProtos$FileOptionsOrBuilder                       : loaded 2 times (x 68B)
Class com.android.build.gradle.tasks.GenerateTestConfig$CreationAction                : loaded 2 times (x 88B)
Class com.android.build.gradle.tasks.BundleAar$BaseCreationAction$configure$3         : loaded 2 times (x 78B)
Class com.android.build.gradle.tasks.factory.AndroidUnitTest                          : loaded 2 times (x 557B)
Class com.android.build.gradle.internal.tasks.ApplicationTaskManager$createBundleTask$1: loaded 2 times (x 73B)
Class com.android.build.gradle.tasks.ProcessPackagedManifestTask                      : loaded 2 times (x 324B)
Class com.android.build.gradle.internal.dependency.ProvidedClasspathSubtractor$excludes$1: loaded 2 times (x 77B)
Class com.android.build.gradle.internal.VariantManager$Companion                      : loaded 2 times (x 69B)
Class com.android.build.gradle.internal.scope.InternalArtifactType$LINT_PARTIAL_RESULTS: loaded 2 times (x 72B)
Class com.android.build.gradle.internal.tasks.ApplicationTaskManager$createBundleTask$2: loaded 2 times (x 73B)
Class com.android.build.gradle.internal.TaskManager$createPackagingTask$1             : loaded 2 times (x 73B)
Class com.google.gson.internal.reflect.ReflectionHelper$RecordSupportedHelper         : loaded 2 times (x 76B)
Class net.rubygrapefruit.platform.internal.Platform$FreeBSD32Bit                      : loaded 2 times (x 80B)
Class org.jetbrains.kotlin.metadata.jvm.deserialization.JvmMetadataVersion            : loaded 2 times (x 71B)
Class com.android.build.gradle.internal.lint.LintTool_Decorated                       : loaded 2 times (x 139B)
Class com.android.build.gradle.internal.TaskManager$createPackagingTask$2             : loaded 2 times (x 73B)
Class com.android.build.gradle.internal.dsl.BuildType$AgpDecorated_Decorated          : loaded 2 times (x 451B)
Class com.android.build.gradle.internal.scope.GradleAwareFilterData                   : loaded 2 times (x 68B)
Class com.android.build.gradle.internal.TaskManager$createPackagingTask$3             : loaded 2 times (x 73B)
Class com.android.build.api.component.impl.ComponentImpl$androidResourcesCreationConfig$2: loaded 2 times (x 77B)
Class com.android.build.gradle.internal.tasks.ValidateSigningTask$CreationAction$configure$1: loaded 2 times (x 77B)
Class [Lcom.android.build.gradle.internal.dsl.ModulePropertyKey$BooleanWithDefault;   : loaded 2 times (x 67B)
Class org.jetbrains.kotlin.gradle.plugin.KotlinAndroidPlugin$Companion                : loaded 2 times (x 69B)
Class com.android.build.gradle.internal.dsl.InternalTestedExtension                   : loaded 2 times (x 68B)
Class org.jetbrains.kotlin.protobuf.GeneratedMessageLite$1                            : loaded 2 times (x 69B)
Class com.android.build.gradle.internal.tasks.ValidateSigningTask$CreationAction$configure$2: loaded 2 times (x 73B)
Class com.android.build.gradle.internal.tasks.ListingFileRedirectTask                 : loaded 2 times (x 323B)
Class com.google.gson.internal.bind.DefaultDateTypeAdapter$DateType                   : loaded 2 times (x 71B)
Class com.android.build.gradle.internal.variant.DimensionCombinator$Companion         : loaded 2 times (x 69B)
Class com.android.repository.api.License                                              : loaded 2 times (x 83B)
Class com.android.build.api.dsl.BundleDeviceTier                                      : loaded 2 times (x 68B)
Class com.android.build.gradle.internal.dsl.SplitOptions                              : loaded 2 times (x 86B)
Class com.google.protobuf.Descriptors$EnumDescriptor                                  : loaded 2 times (x 77B)
Class com.android.build.gradle.internal.tasks.VariantAwareTask                        : loaded 2 times (x 68B)
Class org.jetbrains.kotlin.descriptors.DeclarationDescriptorWithVisibility            : loaded 2 times (x 68B)
Class com.android.build.gradle.tasks.ZipMergingTask_Decorated                         : loaded 2 times (x 376B)
Class com.android.build.gradle.internal.tasks.BundleLibraryClassesInputs              : loaded 2 times (x 68B)
Class com.android.build.gradle.internal.utils.KgpUtils$recordKgpPropertiesForAnalytics$1: loaded 2 times (x 76B)
Class com.android.build.gradle.internal.dependency.FilterShrinkerRulesTransform$Inject1: loaded 2 times (x 107B)
Class com.android.build.gradle.internal.scope.InternalArtifactType$ANALYZE_DEPENDENCIES_REPORT: loaded 2 times (x 72B)
Class com.android.build.gradle.internal.tasks.MergeNativeLibsTask                     : loaded 2 times (x 333B)
Class com.android.build.gradle.internal.component.features.RenderscriptCreationConfig : loaded 2 times (x 68B)
Class org.jetbrains.kotlin.gradle.tasks.TasksProviderKt                               : loaded 2 times (x 69B)
Class org.jetbrains.kotlin.gradle.plugin.sources.android.configurator.MultiplatformAndroidResourceDirConfigurator: loaded 2 times (x 73B)
Class com.android.build.gradle.internal.dsl.DensitySplitOptions$AgpDecorated          : loaded 2 times (x 103B)
Class com.android.build.gradle.internal.dsl.AbiSplitOptions$AgpDecorated              : loaded 2 times (x 96B)
Class org.jetbrains.kotlin.gradle.plugin.sources.android.checker.KotlinAndroidSourceSetLayoutChecker$ProjectMisconfiguredException: loaded 2 times (x 80B)
Class com.google.protobuf.Descriptors$DescriptorValidationException                   : loaded 2 times (x 83B)
Class com.google.common.base.VerifyException                                          : loaded 2 times (x 80B)
Class org.jetbrains.kotlin.load.kotlin.header.KotlinClassHeader$Kind$Companion        : loaded 2 times (x 69B)
Class com.google.common.collect.MapMakerInternalMap$StrongKeyDummyValueEntry          : loaded 2 times (x 80B)
Class com.sun.xml.bind.v2.model.impl.RegistryInfoImpl                                 : loaded 2 times (x 78B)
Class com.android.repository.impl.meta.RemotePackageImpl                              : loaded 2 times (x 142B)
Class com.android.build.gradle.internal.dsl.DefaultConfig$AgpDecorated_Decorated      : loaded 2 times (x 504B)
Class com.google.common.collect.ImmutableRangeSet$AsSet                               : loaded 2 times (x 233B)
Class org.gradle.internal.service.ServiceLookupException                              : loaded 2 times (x 80B)
Class com.google.common.io.AppendableWriter                                           : loaded 2 times (x 98B)
Class com.google.common.collect.MapMakerInternalMap$StrongKeyDummyValueSegment        : loaded 2 times (x 140B)
Class org.jetbrains.kotlin.gradle.plugin.statistics.DefaultKotlinBuildStatsService    : loaded 2 times (x 98B)
Class com.android.build.api.dsl.AndroidSourceDirectorySet                             : loaded 2 times (x 68B)
Class com.android.build.gradle.options.Stage                                          : loaded 2 times (x 70B)
Class org.jetbrains.kotlin.metadata.ProtoBuf$Type$Argument$1                          : loaded 2 times (x 142B)
Class org.jetbrains.kotlin.metadata.jvm.JvmProtoBuf$JvmMethodSignature                : loaded 2 times (x 106B)
Class com.android.build.gradle.internal.core.dsl.impl.features.ManifestPlaceholdersDslInfoImpl: loaded 2 times (x 73B)
Class org.jetbrains.kotlin.build.report.metrics.BuildPerformanceMetrics$Companion     : loaded 2 times (x 69B)
Class com.android.repository.api.Checksum                                             : loaded 2 times (x 78B)
Class org.jetbrains.kotlin.gradle.plugin.mpp.InternalKotlinTarget                     : loaded 2 times (x 68B)
Class com.android.build.gradle.internal.dsl.AndroidTestImpl$AgpDecorated_Decorated    : loaded 2 times (x 127B)
Class com.android.build.gradle.internal.lint.LintFixBuildService$RegistrationAction   : loaded 2 times (x 72B)
Class com.android.prefs.PathLocator$singlePathOf$values$2                             : loaded 2 times (x 76B)
Class com.sun.xml.bind.v2.model.annotation.RuntimeInlineAnnotationReader              : loaded 2 times (x 104B)
Class org.jetbrains.kotlin.gradle.plugin.mpp.DefaultKotlinUsageContext                : loaded 2 times (x 106B)
Class org.jetbrains.kotlin.gradle.utils.ParsedGradleVersionKt                         : loaded 2 times (x 69B)
Class com.android.build.gradle.internal.dependency.FilterShrinkerRulesTransform       : loaded 2 times (x 76B)
Class com.android.build.gradle.internal.dependency.AarToClassTransform$Inject1        : loaded 2 times (x 107B)
Class com.android.build.gradle.internal.tasks.SdkDependencyDataGeneratorTask$CreationAction$handleProvider$1: loaded 2 times (x 125B)
Class com.android.tools.build.jetifier.processor.archive.ArchiveItemVisitor           : loaded 2 times (x 68B)
Class com.android.build.api.variant.ApkPackaging                                      : loaded 2 times (x 68B)
Class com.android.build.gradle.internal.dsl.InternalCommonExtension                   : loaded 2 times (x 68B)
Class com.android.build.gradle.internal.tasks.SdkDependencyDataGeneratorTask$CreationAction$handleProvider$2: loaded 2 times (x 125B)
Class com.android.tools.build.jetifier.processor.transform.proguard.ProGuardClassSpecParser: loaded 2 times (x 70B)
Class com.android.build.gradle.internal.core.dsl.impl.features.OptimizationDslInfoImpl: loaded 2 times (x 79B)
Class org.jetbrains.kotlin.cli.common.arguments.CommonToolArguments                   : loaded 2 times (x 70B)
Class org.jetbrains.org.objectweb.asm.Type                                            : loaded 2 times (x 70B)
Class com.android.build.gradle.internal.dependency.JetifyTransform$Parameters         : loaded 2 times (x 68B)
Class com.android.build.api.artifact.impl.InAndOutFileOperationRequestImpl            : loaded 2 times (x 80B)
Class com.android.prefs.LocationValue                                                 : loaded 2 times (x 68B)
Class jdk.internal.jimage.ImageStringsReader                                          : loaded 2 times (x 78B)
Class org.jetbrains.kotlin.gradle.tasks.TaskOutputsBackup                             : loaded 2 times (x 70B)
Class com.google.protobuf.DescriptorProtos$SourceCodeInfoOrBuilder                    : loaded 2 times (x 68B)
Class com.android.builder.profile.NameAnonymizer$ProjectCacheLoader                   : loaded 2 times (x 74B)
Class com.android.build.gradle.options.FeatureStage                                   : loaded 2 times (x 70B)
Class org.jetbrains.kotlin.metadata.deserialization.Flags                             : loaded 2 times (x 69B)
Class com.android.build.gradle.internal.DependencyConfigurator$setBuildTypeStrategy$1 : loaded 2 times (x 73B)
Class com.android.build.gradle.internal.dependency.DexingOutputSplitTransformKt       : loaded 2 times (x 69B)
Class com.android.build.gradle.internal.dependency.AarToClassTransform                : loaded 2 times (x 76B)
Class com.android.build.gradle.internal.scope.InternalArtifactType$MANIFEST_METADATA  : loaded 2 times (x 72B)
Class com.google.protobuf.DescriptorProtos$EnumValueOptions$Builder                   : loaded 2 times (x 348B)
Class com.google.protobuf.ByteString                                                  : loaded 2 times (x 99B)
Class com.android.repository.impl.meta.TypeDetails                                    : loaded 2 times (x 73B)
Class javax.xml.bind.annotation.XmlSchemaType                                         : loaded 2 times (x 68B)
Class com.android.build.gradle.internal.DependencyConfigurator$setBuildTypeStrategy$2 : loaded 2 times (x 73B)
Class com.android.build.api.variant.impl.JniLibsPackagingImpl                         : loaded 2 times (x 78B)
Class com.google.gson.internal.bind.ReflectiveTypeAdapterFactory$BoundField           : loaded 2 times (x 73B)
Class com.android.utils.DateProvider$1                                                : loaded 2 times (x 73B)
Class com.android.repository.api.Repository                                           : loaded 2 times (x 77B)
Class android.databinding.tool.DataBindingBuilder$GradleFileWriter                    : loaded 2 times (x 73B)
Class com.android.build.gradle.AndroidConfig                                          : loaded 2 times (x 68B)
Class org.gradle.cache.GlobalCache                                                    : loaded 2 times (x 68B)
Class jdk.internal.jimage.decompressor.ResourceDecompressorFactory                    : loaded 2 times (x 72B)
Class org.jetbrains.org.objectweb.asm.Context                                         : loaded 2 times (x 70B)
Class com.sun.xml.bind.v2.model.core.MaybeElement                                     : loaded 2 times (x 68B)
Class com.android.repository.api.Dependency                                           : loaded 2 times (x 75B)
Class com.android.build.gradle.internal.scope.BootClasspathBuilder$computeClasspath$1 : loaded 2 times (x 73B)
Class com.android.build.gradle.internal.component.KmpComponentCreationConfig          : loaded 2 times (x 68B)
Class org.jetbrains.kotlin.gradle.plugin.sources.DefaultKotlinSourceSetFactory$setUpSourceSetDefaults$1$1$1: loaded 2 times (x 77B)
Class com.android.build.api.dsl.EmulatorControl                                       : loaded 2 times (x 68B)
Class com.android.build.api.component.impl.features.OptimizationCreationConfigImpl$proguardFiles$2$1: loaded 2 times (x 77B)
Class org.jetbrains.kotlin.gradle.tasks.configuration.BaseKotlinCompileConfig$2$1$2   : loaded 2 times (x 73B)
Class org.jetbrains.kotlin.gradle.plugin.mpp.compilationImpl.DefaultKotlinCompilationFriendPathsResolver$FriendArtifactResolver$Companion: loaded 2 times (x 69B)
Class [Lorg.jetbrains.kotlin.statistics.metrics.NumberOverridePolicy;                 : loaded 2 times (x 67B)
Class com.google.common.base.Present                                                  : loaded 2 times (x 79B)
Class com.google.gson.internal.bind.TypeAdapters                                      : loaded 2 times (x 69B)
Class [Lcom.google.gson.ToNumberPolicy;                                               : loaded 2 times (x 67B)
Class org.jetbrains.kotlin.gradle.utils.SingleAction$sam$java_util_function_Function$0: loaded 2 times (x 77B)
Class com.google.common.collect.ReverseNaturalOrdering                                : loaded 2 times (x 112B)
Class org.jetbrains.kotlin.gradle.tasks.KotlinCompile$scriptExtensions$1              : loaded 2 times (x 77B)
Class com.android.repository.impl.generated.v2.ChecksumType                           : loaded 2 times (x 80B)
Class com.android.build.gradle.internal.core.dsl.impl.LibraryVariantDslInfoImpl$mergeOptions$1: loaded 2 times (x 76B)
Class com.android.build.gradle.internal.tasks.SdkDependencyDataGeneratorTask$CreationAction: loaded 2 times (x 88B)
Class org.jetbrains.kotlin.gradle.plugin.sources.DefaultKotlinSourceSet               : loaded 2 times (x 143B)
Class com.android.build.api.dsl.BuildFeatures                                         : loaded 2 times (x 68B)
Class javax.xml.bind.annotation.XmlEnum                                               : loaded 2 times (x 68B)
Class com.android.sdklib.repository.generated.common.v3.LibraryType                   : loaded 2 times (x 88B)
Class com.android.build.gradle.internal.tasks.BundleLibraryClassesDir$CreationAction$handleProvider$1: loaded 2 times (x 125B)
Class com.android.build.gradle.internal.core.dsl.impl.LibraryVariantDslInfoImpl$mergeOptions$2: loaded 2 times (x 76B)
Class com.android.build.api.variant.impl.FileBasedFileEntry$asFile$1                  : loaded 2 times (x 73B)
Class com.android.build.gradle.internal.core.dsl.features.NativeBuildDslInfo          : loaded 2 times (x 68B)
Class com.android.build.api.variant.impl.VariantImpl$buildConfigCreationConfig$2      : loaded 2 times (x 77B)
Class org.jetbrains.kotlin.gradle.internal.KotlinDependenciesManagementKt$configureDefaultVersionsResolutionStrategy$1: loaded 2 times (x 77B)
Class com.android.ProgressManagerAdapter                                              : loaded 2 times (x 71B)
Class com.android.build.gradle.internal.ide.FilterDataImpl                            : loaded 2 times (x 78B)
Class org.jetbrains.kotlin.gradle.plugin.UsesVariantImplementationFactories           : loaded 2 times (x 68B)
Class com.android.tools.build.gradle.internal.profile.BooleanOption$1                 : loaded 2 times (x 74B)
Class com.sun.xml.bind.v2.model.impl.RuntimeElementInfoImpl$RuntimePropertyImpl       : loaded 2 times (x 158B)
Class com.android.build.api.component.impl.features.BuildConfigCreationConfigImpl     : loaded 2 times (x 76B)
Class javax.xml.bind.MarshalException                                                 : loaded 2 times (x 83B)
Class com.android.build.gradle.internal.AvdComponentsBuildService$RegistrationAction  : loaded 2 times (x 72B)
Class com.android.build.gradle.internal.services.ProjectServices                      : loaded 2 times (x 70B)
Class com.android.build.gradle.internal.ExtraModelInfo                                : loaded 2 times (x 80B)
Class com.android.build.gradle.internal.plugins.AppPlugin$1                           : loaded 2 times (x 84B)
Class org.jetbrains.kotlin.gradle.tasks.GradleCompileTaskProvider_Decorated           : loaded 2 times (x 118B)
Class [Lorg.jetbrains.kotlin.build.report.metrics.BuildPerformanceMetric;             : loaded 2 times (x 67B)
Class com.android.build.gradle.internal.tasks.ApkZipPackagingTask$CreationAction$handleProvider$1: loaded 2 times (x 125B)
Class com.android.build.api.artifact.ScopedArtifact                                   : loaded 2 times (x 72B)
Class com.android.build.api.component.impl.ComponentIdentityImpl                      : loaded 2 times (x 76B)
Class com.android.build.gradle.tasks.ProcessApplicationManifest$Companion             : loaded 2 times (x 69B)
Class [Lorg.gradle.api.internal.ClassPathProvider;                                    : loaded 2 times (x 67B)
Class jdk.internal.jimage.ImageReader$SharedImageReader$LocationVisitor               : loaded 2 times (x 68B)
Class org.jetbrains.kotlin.metadata.ProtoBuf$Type                                     : loaded 2 times (x 143B)
Class com.android.build.gradle.internal.dependency.ArtifactCollectionWithExtraArtifact: loaded 2 times (x 90B)
Class com.android.build.gradle.tasks.MergeSourceSetFolders$MergeShaderSourceFoldersCreationAction$handleProvider$1: loaded 2 times (x 125B)
Class com.android.build.api.variant.impl.DependenciesInfoBuilderImpl                  : loaded 2 times (x 88B)
Class com.android.build.gradle.internal.dsl.LintImpl$SeverityOverrideSet              : loaded 2 times (x 141B)
Class com.google.protobuf.GeneratedMessageV3$ExtendableMessage                        : loaded 2 times (x 209B)
Class com.android.prefs.PathLocator$singlePathOf$values$1                             : loaded 2 times (x 77B)
Class com.android.build.gradle.internal.plugins.BasePlugin$apply$1                    : loaded 2 times (x 73B)
Class org.jetbrains.kotlin.protobuf.CodedOutputStream                                 : loaded 2 times (x 70B)
Class com.google.common.collect.ImmutableMultimap$Values                              : loaded 2 times (x 124B)
Class com.android.ide.common.resources.DataMerger                                     : loaded 2 times (x 95B)
Class [Lcom.sun.xml.bind.v2.model.core.PropertyKind;                                  : loaded 2 times (x 67B)
Class com.sun.xml.bind.v2.runtime.JAXBContextImpl$JAXBContextBuilder                  : loaded 2 times (x 84B)
Class com.android.build.gradle.internal.test.TestDataImpl$libraryType$1               : loaded 2 times (x 77B)
Class org.jetbrains.kotlin.statistics.BuildSessionLogger$Companion                    : loaded 2 times (x 69B)
Class com.android.build.gradle.internal.dsl.SigningConfigImpl                         : loaded 2 times (x 95B)
Class com.android.build.gradle.internal.scope.ArtifactPublishingUtil$publishArtifactToConfiguration$1$1: loaded 2 times (x 73B)
Class org.jetbrains.kotlin.gradle.internal.transforms.ClasspathEntrySnapshotTransform : loaded 2 times (x 76B)
Class com.android.build.gradle.internal.LibraryTaskManager$sam$java_util_function_Predicate$0: loaded 2 times (x 79B)
Class com.android.build.api.dsl.DensitySplit                                          : loaded 2 times (x 68B)
Class com.android.build.gradle.internal.dsl.decorator.LockableSet                     : loaded 2 times (x 143B)
Class com.android.build.gradle.internal.plugins.BasePlugin$variantInputModel$2$1      : loaded 2 times (x 77B)
Class com.android.build.gradle.internal.services.SymbolTableBuildService              : loaded 2 times (x 77B)
Class org.jetbrains.kotlin.protobuf.WireFormat$FieldType                              : loaded 2 times (x 81B)
Class org.jetbrains.kotlin.gradle.plugin.android.AndroidGradleWrapperKt               : loaded 2 times (x 69B)
Class com.android.build.api.component.impl.features.ManifestPlaceholdersCreationConfigImpl: loaded 2 times (x 73B)
Class com.android.build.gradle.internal.feature.BundleAllClasses$CreationAction       : loaded 2 times (x 88B)
Class com.android.sdklib.repository.generated.addon.v1.ExtraDetailsType               : loaded 2 times (x 83B)
Class javax.activation.DataSource                                                     : loaded 2 times (x 68B)
Class com.android.build.gradle.internal.res.LinkApplicationAndroidResourcesTask_Decorated: loaded 2 times (x 437B)
Class FlutterPlugin$_addTaskForJavaVersion_closure11                                  : loaded 2 times (x 133B)
Class org.jetbrains.kotlin.tooling.core.AbstractExtras                                : loaded 2 times (x 139B)
Class net.rubygrapefruit.platform.internal.Platform$FreeBSD                           : loaded 2 times (x 80B)
Class com.android.build.api.artifact.SingleArtifact$APK_FROM_BUNDLE                   : loaded 2 times (x 72B)
Class com.android.build.api.component.analytics.AnalyticsEnabledVariant$userVisibleExternalNativeBuild$2: loaded 2 times (x 77B)
Class com.android.build.gradle.internal.scope.MutableTaskContainer                    : loaded 2 times (x 94B)
Class org.jetbrains.kotlin.metadata.jvm.deserialization.ClassMapperLite               : loaded 2 times (x 69B)
Class com.android.repository.api.LocalPackage                                         : loaded 2 times (x 68B)
Class com.android.build.gradle.tasks.ProcessLibraryArtProfileTask$CreationAction      : loaded 2 times (x 88B)
Class org.jetbrains.kotlin.gradle.plugin.sources.KotlinDependencyScopeKt$WhenMappings : loaded 2 times (x 69B)
Class com.android.build.api.dsl.Device                                                : loaded 2 times (x 68B)
Class org.gradle.util.internal.GUtil                                                  : loaded 2 times (x 69B)
Class jdk.internal.jimage.decompressor.ZipDecompressor                                : loaded 2 times (x 73B)
Class com.android.build.gradle.internal.AndroidJarInput                               : loaded 2 times (x 72B)
Class com.android.build.gradle.internal.tasks.AppMetadataTaskKt                       : loaded 2 times (x 69B)
Class com.android.build.gradle.internal.dsl.InternalPrivacySandboxSdkExtension        : loaded 2 times (x 68B)
Class com.android.build.gradle.internal.plugins.AndroidPluginBaseServices$projectServices$2$1$1: loaded 2 times (x 123B)
Class com.android.build.gradle.options.ProjectOptions$OptionValue                     : loaded 2 times (x 70B)
Class com.android.build.api.component.impl.HostTestImpl$androidResourcesCreationConfig$2: loaded 2 times (x 77B)
Class net.rubygrapefruit.platform.internal.Platform$Unix                              : loaded 2 times (x 80B)
Class com.android.build.gradle.internal.tasks.LibraryJniLibsTask$ProjectAndLocalJarsCreationAction: loaded 2 times (x 88B)
Class com.android.build.gradle.internal.tasks.LibraryJniLibsTask$ProjectOnlyCreationAction: loaded 2 times (x 88B)
Class org.jetbrains.kotlin.gradle.plugin.KotlinPluginWrapperKt                        : loaded 2 times (x 69B)
Class com.android.build.gradle.internal.plugins.AndroidPluginBaseServices$projectServices$2$1$2: loaded 2 times (x 77B)
Class com.android.build.gradle.internal.lint.LintFromMaven                            : loaded 2 times (x 70B)
Class org.jetbrains.kotlin.gradle.plugin.mpp.compilationImpl.factory.KotlinCompilationImplFactory$sam$org_gradle_api_Action$0: loaded 2 times (x 73B)
Class com.android.build.api.variant.impl.JniLibsTestedComponentPackagingImpl$testOnly$1: loaded 2 times (x 73B)
Class com.android.build.gradle.internal.dependency.SubtractingArtifactCollection$SubtractingArtifactResult: loaded 2 times (x 70B)
Class com.android.build.gradle.internal.TaskManager$ConfigAttrTask                    : loaded 2 times (x 310B)
Class com.android.build.api.dsl.LintOptions                                           : loaded 2 times (x 68B)
Class com.android.build.gradle.internal.plugins.AndroidPluginBaseServices$projectServices$2$1$3: loaded 2 times (x 77B)
Class com.android.build.gradle.options.FeatureStage$SoftlyEnforced                    : loaded 2 times (x 70B)
Class com.android.build.gradle.internal.services.LintParallelBuildService             : loaded 2 times (x 73B)
Class com.android.build.api.variant.impl.BuiltArtifactImpl                            : loaded 2 times (x 84B)
Class com.android.build.gradle.tasks.MergeSourceSetFolders$MergeShaderSourceFoldersCreationAction: loaded 2 times (x 89B)
Class com.android.build.gradle.internal.tasks.factory.TaskFactory                     : loaded 2 times (x 68B)
Class com.android.build.gradle.internal.model.CoreNdkBuildOptions                     : loaded 2 times (x 68B)
Class com.android.build.gradle.internal.scope.InternalArtifactType$RUNTIME_LIBRARY_CLASSES_JAR: loaded 2 times (x 72B)
Class com.android.build.gradle.internal.scope.InternalArtifactType$LIBRARY_ASSETS     : loaded 2 times (x 72B)
Class com.android.build.gradle.internal.scope.InternalArtifactType$AAR_MAIN_JAR       : loaded 2 times (x 72B)
Class org.jetbrains.kotlin.gradle.plugin.mpp.compilationImpl.KotlinCompilationConfigurationsContainer: loaded 2 times (x 68B)
Class com.android.build.gradle.internal.dependency.DexingWithClasspathTransform       : loaded 2 times (x 79B)
Class com.android.build.gradle.tasks.PackageApplication$Companion                     : loaded 2 times (x 69B)
Class com.android.build.gradle.internal.tasks.PrepareLintJarForPublish                : loaded 2 times (x 323B)
Class [Lcom.android.tools.build.jetifier.core.utils.LogLevel;                         : loaded 2 times (x 67B)
Class com.android.build.gradle.internal.dsl.BundleOptionsDeviceTier                   : loaded 2 times (x 79B)
Class com.android.build.gradle.internal.utils.GuavaKtxKt                              : loaded 2 times (x 69B)
Class net.rubygrapefruit.platform.Process                                             : loaded 2 times (x 68B)
Class com.android.builder.files.SerializableInputChanges                              : loaded 2 times (x 70B)
Class com.android.build.api.artifact.SingleArtifact$APK                               : loaded 2 times (x 72B)
Class org.jetbrains.kotlin.gradle.plugin.mpp.KotlinUsages$sam$org_gradle_api_Action$0 : loaded 2 times (x 73B)
Class com.google.protobuf.DescriptorProtos$DescriptorProtoOrBuilder                   : loaded 2 times (x 68B)
Class com.google.gson.stream.JsonWriter                                               : loaded 2 times (x 96B)
Class org.objectweb.asm.signature.SignatureReader                                     : loaded 2 times (x 72B)
Class com.android.build.gradle.internal.DependencyConfigurator$configureGeneralTransforms$13: loaded 2 times (x 73B)
Class org.jetbrains.kotlin.gradle.model.builder.KotlinModelBuilder$Companion          : loaded 2 times (x 69B)
Class org.jetbrains.kotlin.gradle.plugin.sources.android.configurator.MultiplatformLayoutV1DependsOnConfigurator: loaded 2 times (x 73B)
Class org.jetbrains.kotlin.statistics.ValueAnonymizer                                 : loaded 2 times (x 68B)
Class com.android.build.gradle.internal.dsl.AnnotationProcessorOptions$AgpDecorated   : loaded 2 times (x 104B)
Class org.jetbrains.kotlin.gradle.plugin.KotlinAndroidPluginWrapper                   : loaded 2 times (x 85B)
Class org.gradle.internal.classloader.ClassLoaderSpec                                 : loaded 2 times (x 69B)
Class org.jetbrains.kotlin.gradle.tasks.configuration.BaseKotlinCompileConfig$1$1$classpathEntrySnapshotFiles$1: loaded 2 times (x 76B)
Class com.android.build.gradle.internal.DependencyConfigurator$configureGeneralTransforms$14: loaded 2 times (x 76B)
Class com.android.build.gradle.internal.scope.InternalArtifactType$DUPLICATE_CLASSES_CHECK: loaded 2 times (x 72B)
Class org.jetbrains.kotlin.gradle.tooling.IncludeKotlinToolingMetadataInApkKt         : loaded 2 times (x 69B)
Class org.jetbrains.kotlin.gradle.plugin.AndroidProjectHandler$configureTarget$plugin$1: loaded 2 times (x 77B)
Class org.jetbrains.kotlin.gradle.utils.StringUtilsKt                                 : loaded 2 times (x 69B)
Class org.jetbrains.kotlin.gradle.utils.SingleAction$run$performedActions$1           : loaded 2 times (x 76B)
Class com.google.common.io.LineProcessor                                              : loaded 2 times (x 68B)
Class org.jetbrains.kotlin.gradle.dsl.KotlinCommonOptions$DefaultImpls                : loaded 2 times (x 69B)
Class com.sun.xml.bind.v2.model.impl.RuntimeArrayInfoImpl                             : loaded 2 times (x 105B)
Class com.android.build.gradle.tasks.MergeResources$CreationAction                    : loaded 2 times (x 92B)
Class com.android.build.api.variant.impl.HasTestFixtures                              : loaded 2 times (x 68B)
Class com.android.build.gradle.internal.plugins.BasePlugin$createTasks$2$1            : loaded 2 times (x 73B)
Class org.jetbrains.kotlin.gradle.plugin.HasKotlinDependencies$DefaultImpls           : loaded 2 times (x 69B)
Class com.android.build.gradle.internal.lint.LintFromMaven$Companion                  : loaded 2 times (x 69B)
Class org.jetbrains.kotlin.cli.common.messages.CompilerMessageLocationWithRange       : loaded 2 times (x 78B)
Class org.jetbrains.kotlin.protobuf.AbstractMessageLite$Builder                       : loaded 2 times (x 120B)
Class org.jetbrains.kotlin.metadata.jvm.JvmProtoBuf$JvmFieldSignatureOrBuilder        : loaded 2 times (x 68B)
Class com.android.ide.common.resources.SingleFileProcessor                            : loaded 2 times (x 68B)
Class org.jetbrains.kotlin.gradle.utils.ProviderApiUtilsKt$sam$i$java_util_concurrent_Callable$0: loaded 2 times (x 73B)
Class org.jetbrains.kotlin.gradle.plugin.AndroidProjectHandler$wireKotlinTasks$1      : loaded 2 times (x 77B)
Class com.android.tools.lint.model.LintModelSeverity                                  : loaded 2 times (x 77B)
Class com.android.build.gradle.internal.dsl.ShaderOptions                             : loaded 2 times (x 85B)
Class com.google.wireless.android.sdk.stats.InstantRunStatusOrBuilder                 : loaded 2 times (x 68B)
Class com.android.utils.Environment$Companion                                         : loaded 2 times (x 69B)
Class com.android.build.api.dsl.DefaultConfig                                         : loaded 2 times (x 68B)
Class com.android.sdklib.repository.generated.addon.v3.AddonDetailsType               : loaded 2 times (x 125B)
Class org.jetbrains.kotlin.gradle.plugin.AndroidProjectHandler$wireKotlinTasks$2      : loaded 2 times (x 76B)
Class com.google.wireless.android.sdk.stats.AnnotationProcessorInfoOrBuilder          : loaded 2 times (x 68B)
Class org.jetbrains.kotlin.gradle.plugin.sources.android.configurator.KotlinAndroidSourceSetConfigurator: loaded 2 times (x 68B)
Class org.jetbrains.kotlin.gradle.dsl.ToolchainSupport                                : loaded 2 times (x 68B)
Class com.android.builder.model.v2.CustomSourceDirectory                              : loaded 2 times (x 68B)
Class build_138pfz6ei4lkrmtrvk69m2uwm$_run_closure1$_closure2                         : loaded 2 times (x 137B)
Class com.android.build.gradle.internal.tasks.MergeNativeLibsTask$Companion$predicate$1: loaded 2 times (x 78B)
Class org.jetbrains.kotlin.gradle.plugin.AndroidProjectHandler$wireKotlinTasks$3      : loaded 2 times (x 76B)
Class com.android.tools.analytics.Environment$Companion                               : loaded 2 times (x 69B)
Class com.android.build.gradle.internal.dependency.DexingRegistration                 : loaded 2 times (x 69B)
Class com.android.build.gradle.internal.services.ClassesHierarchyBuildService         : loaded 2 times (x 78B)
Class com.android.build.gradle.tasks.BundleAar$BaseCreationAction                     : loaded 2 times (x 89B)
Class org.jetbrains.kotlin.gradle.tasks.configuration.AbstractKotlinCompileConfig$special$$inlined$providerWithLazyConvention$1: loaded 2 times (x 76B)
Class com.android.build.gradle.internal.dsl.ManagedDevices$allDevices$1$1             : loaded 2 times (x 73B)
Class com.android.build.api.dsl.PrivacySandboxSdkExtension                            : loaded 2 times (x 68B)
Class com.google.wireless.android.sdk.stats.GradleBuildMemorySample$1                 : loaded 2 times (x 149B)
Class org.bouncycastle.jce.provider.BouncyCastleProvider                              : loaded 2 times (x 167B)
Class com.google.common.io.CharSink                                                   : loaded 2 times (x 77B)
Class com.android.build.api.component.impl.DeviceTestImpl$signingConfig$2             : loaded 2 times (x 77B)
Class com.android.build.gradle.internal.dsl.ManagedDevices$allDevices$1$2             : loaded 2 times (x 73B)
Class org.jetbrains.kotlin.gradle.dsl.KotlinTargetContainerWithWasmPresetFunctions    : loaded 2 times (x 68B)
Class org.jetbrains.kotlin.metadata.ProtoBuf$Visibility                               : loaded 2 times (x 80B)
Class com.android.build.api.variant.impl.VariantApiExtensionsKt                       : loaded 2 times (x 69B)
Class com.android.ide.common.workers.WorkerExecutorFacade                             : loaded 2 times (x 68B)
Class com.android.build.api.component.impl.MutableMapBackedUpWithMapProperty          : loaded 2 times (x 122B)
Class [Lcom.android.build.gradle.internal.publishing.ArtifactCategory;                : loaded 2 times (x 67B)
Class com.google.wireless.android.sdk.stats.GradleBuildVariant$CodeShrinkerTool       : loaded 2 times (x 85B)
Class com.android.build.gradle.internal.core.dsl.impl.InstrumentedTestDslInfoImpl$handleProfiling$fromFlavor$1: loaded 2 times (x 76B)
Class com.google.gson.internal.sql.SqlTimeTypeAdapter                                 : loaded 2 times (x 72B)
Class com.android.tools.build.jetifier.core.proguard.ProGuardType$Companion           : loaded 2 times (x 69B)
Class BaseFlutterTask                                                                 : loaded 2 times (x 393B)
Class com.google.protobuf.DescriptorProtos$OneofDescriptorProto$1                     : loaded 2 times (x 149B)
Class com.android.build.gradle.internal.tasks.featuresplit.FeatureSetMetadataWriterTask$CreationAction$handleProvider$1: loaded 2 times (x 125B)
Class com.android.build.gradle.internal.res.LinkAndroidResForBundleTask$CreationAction: loaded 2 times (x 91B)
Class org.jetbrains.kotlin.gradle.tasks.CompilerPluginOptions                         : loaded 2 times (x 70B)
Class org.jetbrains.kotlin.gradle.plugin.sources.android.checker.CompositeKotlinAndroidSourceSetLayoutChecker: loaded 2 times (x 74B)
Class com.android.builder.core.DefaultDexOptions                                      : loaded 2 times (x 97B)
Class com.google.common.io.ByteSource                                                 : loaded 2 times (x 82B)
Class org.jetbrains.kotlin.descriptors.annotations.Annotated                          : loaded 2 times (x 68B)
Class org.jetbrains.kotlin.gradle.plugin.mpp.compilationImpl.factory.KotlinCompilationImplFactory$KotlinCompilerOptionsFactory: loaded 2 times (x 68B)
Class com.android.build.gradle.internal.tasks.featuresplit.FeatureSplitUtils          : loaded 2 times (x 69B)
Class com.android.build.api.variant.VariantOutputConfiguration                        : loaded 2 times (x 68B)
Class com.android.build.gradle.options.FeatureStage$Experimental                      : loaded 2 times (x 70B)
Class com.android.build.api.dsl.ApplicationInstallation                               : loaded 2 times (x 68B)
Class org.jetbrains.kotlin.metadata.ProtoBuf$Property                                 : loaded 2 times (x 146B)
Class com.android.builder.model.SyncIssue                                             : loaded 2 times (x 68B)
Class org.jetbrains.kotlin.statistics.metrics.ConcatMetricContainer$Companion         : loaded 2 times (x 69B)
Class com.android.build.api.variant.impl.ApplicationAndroidResourcesBuilderImpl       : loaded 2 times (x 73B)
Class org.jetbrains.kotlin.statistics.metrics.StringAnonymizationPolicy$AllowedListAnonymizer: loaded 2 times (x 77B)
Class net.rubygrapefruit.platform.NativeIntegrationUnavailableException               : loaded 2 times (x 80B)
Class com.android.build.api.component.impl.OldVariantApiLegacySupportImpl$getJavaClasspathArtifacts$1$testedAllClasses$1: loaded 2 times (x 77B)
Class org.jetbrains.kotlin.tooling.core.Extras$Type                                   : loaded 2 times (x 70B)
Class com.android.build.gradle.internal.tasks.DeviceProviderInstrumentTestTask        : loaded 2 times (x 348B)
Class com.android.build.gradle.tasks.MergeSourceSetFolders                            : loaded 2 times (x 330B)
Class org.jetbrains.kotlin.gradle.report.ReportingSettings$Companion                  : loaded 2 times (x 69B)
Class [Lorg.jetbrains.org.objectweb.asm.Label;                                        : loaded 2 times (x 67B)
Class com.google.protobuf.Internal$DoubleList                                         : loaded 2 times (x 68B)
Class net.rubygrapefruit.platform.NativeIntegration                                   : loaded 2 times (x 68B)
Class com.sun.xml.bind.v2.model.impl.Utils$1                                          : loaded 2 times (x 75B)
Class com.android.build.api.variant.impl.TestedComponentPackagingImpl                 : loaded 2 times (x 81B)
Class com.android.build.gradle.internal.dependency.AsmClassesTransform$Companion      : loaded 2 times (x 69B)
Class com.android.build.gradle.internal.attribution.CheckJetifierBuildService$Parameters_Decorated: loaded 2 times (x 132B)
Class com.android.build.gradle.internal.core.dsl.impl.InstrumentedTestDslInfoImpl$getInstrumentationRunner$fromFlavor$1: loaded 2 times (x 76B)
Class com.android.build.gradle.tasks.ProcessApplicationManifest$CreationAction$handleProvider$1: loaded 2 times (x 125B)
Class [Lcom.google.common.collect.MapMakerInternalMap$Strength;                       : loaded 2 times (x 67B)
Class com.android.build.gradle.tasks.ProcessApplicationManifest$CreationAction$handleProvider$2: loaded 2 times (x 125B)
Class org.jetbrains.kotlin.gradle.targets.native.internal.CInteropConfigurationsKt$sam$org_gradle_api_Action$0: loaded 2 times (x 73B)
Class com.android.build.gradle.internal.dsl.TestOptions_Decorated                     : loaded 2 times (x 181B)
Class com.android.build.gradle.internal.services.AndroidLocationsBuildService$androidLocations$1$1: loaded 2 times (x 73B)
Class org.jetbrains.kotlin.metadata.deserialization.Flags$FlagField                   : loaded 2 times (x 71B)
Class org.jetbrains.kotlin.protobuf.BoundedByteString                                 : loaded 2 times (x 110B)
Class com.sun.xml.bind.v2.runtime.unmarshaller.XsiTypeLoader                          : loaded 2 times (x 76B)
Class com.android.build.gradle.tasks.ProcessApplicationManifest$CreationAction$handleProvider$3: loaded 2 times (x 125B)
Class org.jetbrains.kotlin.gradle.plugin.sources.FragmentConsistencyChecks$unstableFeaturesCheck$1: loaded 2 times (x 77B)
Class org.jetbrains.kotlin.gradle.plugin.AndroidProjectHandler$wireKotlinTasks$1$1    : loaded 2 times (x 73B)
Class com.android.build.gradle.internal.dependency.AarTransform$Parameters_Decorated  : loaded 2 times (x 140B)
Class com.android.tools.build.jetifier.core.type.TypesMap$JsonData                    : loaded 2 times (x 70B)
Class org.jetbrains.kotlin.gradle.plugin.sources.FragmentConsistencyChecks$unstableFeaturesCheck$2: loaded 2 times (x 76B)
Class com.android.build.gradle.internal.tasks.LintCompile$CreationAction              : loaded 2 times (x 90B)
Class com.android.build.gradle.internal.dsl.LintImpl$AgpDecorated_Decorated           : loaded 2 times (x 301B)
Class com.android.build.gradle.internal.api.artifact.SourceArtifactType$ML_MODELS     : loaded 2 times (x 72B)
Class com.android.build.gradle.BasePlugin                                             : loaded 2 times (x 74B)
Class com.google.protobuf.DescriptorProtos$DescriptorProto$ExtensionRangeOrBuilder    : loaded 2 times (x 68B)
Class com.android.build.gradle.internal.lint.CustomLintCheckUtils$getLocalCustomLintChecks$1$1: loaded 2 times (x 72B)
Class org.jetbrains.kotlin.gradle.plugin.AndroidProjectHandler$wireKotlinTasks$1$2    : loaded 2 times (x 76B)
Class org.jetbrains.kotlin.gradle.internal.AbstractKotlinCompileArgumentsContributor  : loaded 2 times (x 75B)
Class com.android.build.gradle.internal.scope.InternalArtifactType$TEST_FIXTURES_LINT_MODEL: loaded 2 times (x 72B)
Class com.android.build.api.variant.DependenciesInfo                                  : loaded 2 times (x 68B)
Class com.android.build.gradle.internal.dsl.decorator.DslDecorator$Companion          : loaded 2 times (x 69B)
Class com.android.build.gradle.internal.ide.v2.NativeModelBuilder                     : loaded 2 times (x 78B)
Class com.android.build.gradle.internal.dsl.ManagedVirtualDeviceFactory               : loaded 2 times (x 73B)
Class [Lorg.jetbrains.org.objectweb.asm.AnnotationWriter;                             : loaded 2 times (x 67B)
Class com.android.build.api.artifact.impl.InternalScopedArtifacts                     : loaded 2 times (x 68B)
Class org.jetbrains.kotlin.gradle.tasks.AbstractKotlinCompile$defaultKotlinJavaToolchain$1: loaded 2 times (x 76B)
Class com.android.build.gradle.internal.dependency.JdkImageTransformKt$getJdkImageFromTransform$1$1: loaded 2 times (x 73B)
Class com.android.build.api.variant.impl.SourcesImpl$extras$2                         : loaded 2 times (x 77B)
Class Flutter_gradle$special$$inlined$apply$1                                         : loaded 2 times (x 72B)
Class org.jetbrains.kotlin.metadata.ProtoBuf$Effect$1                                 : loaded 2 times (x 142B)
Class org.jetbrains.kotlin.metadata.ProtoBuf$ConstructorOrBuilder                     : loaded 2 times (x 68B)
Class com.android.build.gradle.internal.ide.dependencies.Level1RuntimeArtifactCollections: loaded 2 times (x 70B)
Class com.sun.xml.bind.v2.model.impl.RuntimeEnumLeafInfoImpl                          : loaded 2 times (x 147B)
Class com.android.build.gradle.internal.tasks.MergeFileTask                           : loaded 2 times (x 323B)
Class com.android.build.gradle.internal.tasks.AppPreBuildTask$Companion               : loaded 2 times (x 69B)
Class org.jetbrains.kotlin.gradle.plugin.AndroidProjectHandler$addAndroidUnitTestTasksAsDependenciesToAllTest$1: loaded 2 times (x 77B)
Class com.sun.xml.bind.v2.model.impl.ClassInfoImpl$DuplicateException                 : loaded 2 times (x 80B)
Class com.android.build.gradle.tasks.JavaCompileUtils$checkDeprecatedSourceAndTargetAtExecutionTime$1: loaded 2 times (x 73B)
Class com.android.build.gradle.tasks.ProcessTestManifest$CreationAction               : loaded 2 times (x 88B)
Class org.jetbrains.kotlin.gradle.plugin.AndroidProjectHandler$addAndroidUnitTestTasksAsDependenciesToAllTest$2: loaded 2 times (x 77B)
Class org.jetbrains.kotlin.metadata.ProtoBuf$ClassOrBuilder                           : loaded 2 times (x 68B)
Class com.android.build.gradle.tasks.JdkImageInput$generatedModuleFile$1              : loaded 2 times (x 72B)
Class com.android.build.gradle.tasks.ZipMergingTask$CreationAction$handleProvider$1   : loaded 2 times (x 125B)
Class org.jetbrains.kotlin.gradle.tasks.BaseKotlinCompile                             : loaded 2 times (x 68B)
Class com.android.build.gradle.internal.scope.InternalArtifactType$DEX_ARCHIVE_INPUT_JAR_HASHES: loaded 2 times (x 72B)
Class org.jetbrains.kotlin.gradle.plugin.mpp.InternalKotlinCompilation                : loaded 2 times (x 68B)
Class com.android.sdklib.repository.generated.sysimg.v3.ObjectFactory                 : loaded 2 times (x 73B)
Class com.android.build.gradle.api.BaseVariantOutput                                  : loaded 2 times (x 68B)
Class com.android.build.gradle.internal.api.LazyAndroidSourceSet$sourceSet$1          : loaded 2 times (x 77B)
Class com.google.protobuf.SmallSortedMap$EmptySet                                     : loaded 2 times (x 69B)
Class org.jetbrains.kotlin.descriptors.Visibility                                     : loaded 2 times (x 77B)
Class com.android.build.gradle.internal.PlatformComponents$Companion                  : loaded 2 times (x 69B)
Class com.android.build.gradle.internal.tasks.StripDebugSymbolsTask_Decorated         : loaded 2 times (x 380B)
Class org.jetbrains.kotlin.gradle.utils.ParsedGradleVersion                           : loaded 2 times (x 72B)
Class com.android.build.api.variant.impl.ResourcesApkPackagingImpl                    : loaded 2 times (x 78B)
Class com.google.wireless.android.sdk.stats.GradleBuildVariant$Java8LangSupport       : loaded 2 times (x 85B)
Class com.android.build.gradle.internal.dsl.TestedExtensionImpl                       : loaded 2 times (x 326B)
Class com.sun.xml.bind.v2.model.impl.ElementInfoImpl                                  : loaded 2 times (x 107B)
Class com.android.build.gradle.internal.core.dsl.impl.features.BuildConfigDslInfoImpl : loaded 2 times (x 73B)
Class com.android.build.gradle.internal.component.legacy.OldVariantApiLegacySupport   : loaded 2 times (x 68B)
Class com.google.wireless.android.sdk.stats.ApiVersion                                : loaded 2 times (x 196B)
Class com.android.build.gradle.tasks.MergeResources                                   : loaded 2 times (x 342B)
Class com.android.build.api.artifact.impl.PropertyAdapter                             : loaded 2 times (x 68B)
Class com.android.build.gradle.internal.services.BaseServicesImpl$kotlinServices$2    : loaded 2 times (x 77B)
Class com.android.build.gradle.internal.plugins.BasePlugin                            : loaded 2 times (x 91B)
Class com.google.common.collect.MapMakerInternalMap$InternalEntry                     : loaded 2 times (x 68B)
Class com.android.build.gradle.internal.attribution.CheckJetifierBuildService$RegistrationAction: loaded 2 times (x 72B)
Class com.android.build.api.component.impl.DefaultSourcesProviderImpl$getJniLibs$1    : loaded 2 times (x 125B)
Class com.google.gson.internal.bind.TypeAdapters$EnumTypeAdapter                      : loaded 2 times (x 72B)
Class com.android.build.api.component.analytics.AnalyticsEnabledApplicationAndroidResourcesBuilder: loaded 2 times (x 76B)
Class com.android.build.OutputFile                                                    : loaded 2 times (x 68B)
Class com.android.build.gradle.internal.profile.AnalyticsService$RegistrationAction   : loaded 2 times (x 73B)
Class org.jetbrains.kotlin.gradle.internal.KotlinDependenciesManagementKt$allNonProjectDependencies$1: loaded 2 times (x 76B)
Class com.android.sdklib.repository.targets.PlatformTarget$1                          : loaded 2 times (x 73B)
Class com.sun.xml.bind.v2.runtime.unmarshaller.WildcardLoader                         : loaded 2 times (x 77B)
Class org.jetbrains.kotlin.gradle.tasks.DefaultKotlinJavaToolchain$sam$org_gradle_api_Transformer$0: loaded 2 times (x 73B)
Class com.google.wireless.android.sdk.stats.GradleBuildVariant$NativeBuildConfigInfo  : loaded 2 times (x 208B)
Class com.android.build.gradle.internal.DependencyResolutionChecks$registerDependencyCheck$4$1: loaded 2 times (x 73B)
Class com.android.build.gradle.internal.services.FakeDependencyJarBuildService$RegistrationAction: loaded 2 times (x 72B)
Class com.google.protobuf.Descriptors$GenericDescriptor                               : loaded 2 times (x 73B)
Class org.jetbrains.org.objectweb.asm.CurrentFrame                                    : loaded 2 times (x 71B)
Class com.android.repository.impl.generated.generic.v1.GenericDetailsType             : loaded 2 times (x 74B)
Class com.android.build.gradle.internal.variant.ComponentInfo                         : loaded 2 times (x 70B)
Class org.jetbrains.kotlin.gradle.plugin.internal.DefaultIdeaSyncDetectorVariantFactory: loaded 2 times (x 72B)
Class org.jetbrains.kotlin.gradle.tasks.AbstractKotlinCompileTool                     : loaded 2 times (x 355B)
Class org.jetbrains.kotlin.statistics.AnonymizerUtilsKt$salt$2                        : loaded 2 times (x 76B)
Class com.android.build.gradle.internal.errors.SyncIssueReporterImpl$GlobalSyncIssueService: loaded 2 times (x 80B)
Class org.jetbrains.kotlin.protobuf.FieldSet$1                                        : loaded 2 times (x 69B)
Class com.google.protobuf.DescriptorProtos$OneofDescriptorProtoOrBuilder              : loaded 2 times (x 68B)
Class org.jetbrains.kotlin.gradle.plugin.PropertiesProvider$JvmTargetValidationMode   : loaded 2 times (x 77B)
Class com.android.build.gradle.internal.dependency.IdentityTransform$Parameters       : loaded 2 times (x 68B)
Class com.android.build.api.variant.impl.DexPackagingOptionsImpl                      : loaded 2 times (x 73B)
Class org.jetbrains.kotlin.gradle.internal.CompilerArgumentAware                      : loaded 2 times (x 68B)
Class com.android.build.api.variant.HasTestFixtures                                   : loaded 2 times (x 68B)
Class com.google.common.collect.Maps$ViewCachingAbstractMap                           : loaded 2 times (x 123B)
Class [Lcom.google.protobuf.DescriptorProtos$FieldDescriptorProto$Label;              : loaded 2 times (x 67B)
Class com.android.build.gradle.internal.dsl.LibraryInstallationImpl                   : loaded 2 times (x 92B)
Class com.android.build.gradle.internal.dependency.AarToClassTransform$Params_Decorated: loaded 2 times (x 135B)
Class com.android.tools.build.jetifier.processor.transform.proguard.ProGuardClassFilterParser: loaded 2 times (x 70B)
Class org.jetbrains.kotlin.gradle.plugin.ProjectLocalConfigurations$ProjectLocalDisambiguation: loaded 2 times (x 74B)
Class org.jetbrains.kotlin.gradle.plugin.KotlinPluginInMultipleProjectsHolder         : loaded 2 times (x 70B)
Class org.jetbrains.kotlin.gradle.tasks.KotlinCompileTool                             : loaded 2 times (x 68B)
Class com.android.build.gradle.internal.ide.dependencies.LibraryDependencyCacheBuildService: loaded 2 times (x 78B)
Class [Lcom.android.tools.analytics.Environment$SystemProperty;                       : loaded 2 times (x 67B)
Class com.android.sdklib.repository.generated.common.v1.ObjectFactory                 : loaded 2 times (x 73B)
Class com.android.build.gradle.internal.SdkComponentsBuildService$VersionedSdkLoader$adbHelper$1: loaded 2 times (x 73B)
Class org.jetbrains.kotlin.gradle.plugin.mpp.KotlinAndroidTarget$doCreateComponents$publishableVariants$1$1: loaded 2 times (x 77B)
Class org.jetbrains.kotlin.gradle.plugin.sources.AbstractKotlinSourceSet              : loaded 2 times (x 143B)
Class com.android.build.gradle.internal.api.DefaultAndroidSourceSet                   : loaded 2 times (x 228B)
Class org.jetbrains.kotlin.config.ExplicitApiMode$Companion                           : loaded 2 times (x 69B)
Class org.objectweb.asm.commons.SignatureRemapper                                     : loaded 2 times (x 86B)
Class [Lcom.sun.xml.bind.v2.model.annotation.Quick;                                   : loaded 2 times (x 67B)
Class com.sun.xml.bind.v2.model.impl.RuntimeClassInfoImpl                             : loaded 2 times (x 160B)
Class org.jetbrains.kotlin.compilerRunner.CompilerSystemPropertiesService$Companion$registerIfAbsent$2$1: loaded 2 times (x 77B)
Class org.jetbrains.kotlin.gradle.plugin.mpp.compilationImpl.factory.KotlinCompilationImplFactory$PreConfigure: loaded 2 times (x 68B)
Class com.android.build.gradle.internal.tasks.ApplicationTaskManager$doCreateTasksForVariant$d8DexStartupOptimizationEnabled$1: loaded 2 times (x 72B)
Class com.google.protobuf.Descriptors$NumberGetter                                    : loaded 2 times (x 68B)
Class com.sun.xml.bind.v2.model.runtime.RuntimeArrayInfo                              : loaded 2 times (x 68B)
Class com.android.build.gradle.internal.dependency.JdkImageTransform$Inject1          : loaded 2 times (x 108B)
Class com.android.build.gradle.internal.scope.InternalArtifactType$LINT_INTERMEDIATE_TEXT_REPORT: loaded 2 times (x 72B)
Class com.android.build.gradle.internal.tasks.UninstallTask                           : loaded 2 times (x 326B)
Class com.google.protobuf.GeneratedMessageV3$BuilderParent                            : loaded 2 times (x 68B)
Class javax.xml.bind.annotation.W3CDomHandler                                         : loaded 2 times (x 83B)
Class org.jetbrains.kotlin.gradle.plugin.mpp.compilationImpl.KotlinCompilationImpl$attributes$2: loaded 2 times (x 77B)
Class com.android.build.gradle.internal.core.MergedJavaCompileOptions                 : loaded 2 times (x 81B)
Class org.jetbrains.kotlin.metadata.ProtoBuf$Modality$1                               : loaded 2 times (x 72B)
Class com.android.build.gradle.internal.SdkComponentsBuildService$VersionedSdkLoader$apiVersionsFile$1: loaded 2 times (x 73B)
Class com.android.build.gradle.internal.scope.InternalArtifactType$GENERATED_BUILD_CONFIG_JAVA: loaded 2 times (x 72B)
Class com.android.build.gradle.internal.dsl.PrefabModuleFactory                       : loaded 2 times (x 73B)
Class com.android.build.api.variant.LibraryVariant                                    : loaded 2 times (x 68B)
Class com.android.build.gradle.internal.scope.InternalArtifactType$RENDERSCRIPT_HEADERS: loaded 2 times (x 72B)
Class com.android.build.gradle.internal.dsl.EmulatorSnapshots                         : loaded 2 times (x 95B)
Class com.android.build.gradle.internal.api.artifact.SourceArtifactType$JAVA_RESOURCES: loaded 2 times (x 72B)
Class com.android.build.gradle.internal.tasks.factory.BootClasspathConfig             : loaded 2 times (x 68B)
Class org.jetbrains.kotlin.metadata.ProtoBuf$Annotation                               : loaded 2 times (x 107B)
Class com.android.build.gradle.internal.tasks.MergeNativeLibsTask$Companion           : loaded 2 times (x 69B)
Class com.google.gson.Gson$FutureTypeAdapter                                          : loaded 2 times (x 74B)
Class org.jetbrains.kotlin.gradle.plugin.sources.InternalKotlinSourceSet              : loaded 2 times (x 68B)
Class com.android.build.gradle.internal.dsl.JavaCompileOptions                        : loaded 2 times (x 80B)
Class com.android.build.gradle.tasks.GenerateTestConfig$CreationAction$handleProvider$1: loaded 2 times (x 125B)
Class org.jetbrains.kotlin.gradle.plugin.mpp.KotlinCompilationsKt$sam$org_gradle_api_Action$0: loaded 2 times (x 73B)
Class com.android.build.gradle.internal.dependency.VersionedCodeShrinker$Companion    : loaded 2 times (x 69B)
Class com.android.build.gradle.internal.publishing.AndroidArtifacts$ArtifactScope     : loaded 2 times (x 77B)
Class com.android.build.gradle.internal.services.FakeDependencyJarBuildService$FakeDependencyJarCreator$Params_Decorated: loaded 2 times (x 134B)
Class [Lcom.android.tools.analytics.Environment$EnvironmentVariable;                  : loaded 2 times (x 67B)
Class com.android.build.gradle.internal.res.ParseLibraryResourcesTask_Decorated       : loaded 2 times (x 382B)
Class com.android.build.gradle.internal.tasks.ValidateSigningTask_Decorated           : loaded 2 times (x 376B)
Class com.android.build.gradle.internal.ide.v2.GlobalSyncService$Parameters           : loaded 2 times (x 68B)
Class com.android.build.gradle.options.Option$Status                                  : loaded 2 times (x 69B)
Class com.android.build.gradle.internal.attributes.VariantAttr$Impl                   : loaded 2 times (x 86B)
Class user_agent_etg9mgomadpw9osaq8f82ugpq                                            : loaded 2 times (x 175B)
Class org.jetbrains.kotlin.gradle.plugin.mpp.compilationImpl.factory.KotlinCompilationImplFactory$KotlinCompilationTaskNamesContainerFactory: loaded 2 times (x 68B)
Class com.android.build.gradle.internal.core.dsl.features.OptimizationDslInfo         : loaded 2 times (x 68B)
Class com.google.common.collect.MapMakerInternalMap                                   : loaded 2 times (x 159B)
Class com.android.repository.impl.generated.v2.LocalPackage                           : loaded 2 times (x 138B)
Class com.android.build.gradle.internal.SupportToolsComponents                        : loaded 2 times (x 70B)
Class org.jetbrains.kotlin.tooling.core.ExtrasProperty                                : loaded 2 times (x 68B)
Class com.android.build.gradle.internal.scope.InternalArtifactType$BUNDLE_IDE_REDIRECT_FILE: loaded 2 times (x 72B)
Class com.android.build.gradle.internal.scope.InternalArtifactType$SYMBOL_LIST_WITH_PACKAGE_NAME: loaded 2 times (x 72B)
Class com.google.protobuf.DescriptorProtos$EnumValueDescriptorProto                   : loaded 2 times (x 199B)
Class com.android.build.api.component.impl.features.ResValuesCreationConfigImpl       : loaded 2 times (x 73B)
Class Dependency_version_checker_gradle$1                                             : loaded 2 times (x 76B)
Class com.sun.xml.bind.v2.ClassFactory                                                : loaded 2 times (x 69B)
Class com.android.build.gradle.internal.DependencyConfigurator$configureGeneralTransforms$9$1: loaded 2 times (x 72B)
Class [Lcom.android.build.gradle.internal.publishing.AndroidArtifacts$ConsumedConfigType;: loaded 2 times (x 67B)
Class com.android.tools.build.jetifier.processor.transform.proguard.ProGuardTypesMapper: loaded 2 times (x 70B)
Class com.google.gson.internal.bind.DateTypeAdapter$1                                 : loaded 2 times (x 73B)
Class com.android.build.api.component.impl.TestFixturesImpl                           : loaded 2 times (x 212B)
Class com.android.build.gradle.internal.core.dsl.impl.DslInfoUtilsKt$computeMergedOptions$1: loaded 2 times (x 77B)
Class com.sun.xml.bind.v2.model.annotation.Locatable                                  : loaded 2 times (x 68B)
Class com.android.build.gradle.internal.cxx.configure.CxxCreateGradleTasksKt          : loaded 2 times (x 69B)
Class com.android.build.gradle.internal.scope.InternalArtifactType$BINARY_ART_PROFILE : loaded 2 times (x 72B)
Class com.android.build.gradle.internal.dsl.AndroidTestImpl                           : loaded 2 times (x 75B)
Class org.jetbrains.kotlin.protobuf.AbstractMessageLite                               : loaded 2 times (x 96B)
Class com.android.build.gradle.internal.tasks.LibraryAarJarsTask$CreationAction$handleProvider$1: loaded 2 times (x 125B)
Class org.jetbrains.kotlin.gradle.plugin.sources.android.configurator.GradleConventionAddKotlinSourcesToAndroidSourceSetConfigurator: loaded 2 times (x 73B)
Class com.sun.xml.bind.v2.runtime.JaxBeanInfo$1                                       : loaded 2 times (x 75B)
Class net.rubygrapefruit.platform.internal.Platform$MacOs32Bit                        : loaded 2 times (x 80B)
Class com.google.common.collect.ImmutableMapKeySet                                    : loaded 2 times (x 148B)
Class org.jetbrains.kotlin.gradle.tasks.DefaultKotlinJavaToolchain$javaExecutable$1   : loaded 2 times (x 77B)
Class com.sun.xml.bind.v2.model.core.MapPropertyInfo                                  : loaded 2 times (x 68B)
Class com.android.build.gradle.internal.tasks.LibraryAarJarsTask$CreationAction$handleProvider$2: loaded 2 times (x 125B)
Class com.android.build.gradle.internal.core.dsl.impl.ApplicationVariantDslInfoImpl$dexingDslInfo$2: loaded 2 times (x 77B)
Class com.android.build.gradle.internal.scope.InternalArtifactType$APP_INTEGRITY_CONFIG: loaded 2 times (x 72B)
Class com.android.build.gradle.internal.scope.InternalArtifactType$METADATA_FEATURE_MANIFEST: loaded 2 times (x 72B)
Class org.jetbrains.kotlin.metadata.ProtoBuf$TypeTable                                : loaded 2 times (x 107B)
Class org.objectweb.asm.commons.Method                                                : loaded 2 times (x 74B)
Class com.android.build.gradle.internal.dsl.decorator.SupportedPropertyType$Collection$Set: loaded 2 times (x 72B)
Class org.jetbrains.kotlin.gradle.plugin.internal.DefaultConfigurationTimePropertiesAccessor: loaded 2 times (x 72B)
Class org.jetbrains.kotlin.gradle.internal.KotlinTestDependencyManagementKt$configureKotlinTestDependency$3: loaded 2 times (x 77B)
Class com.android.build.gradle.internal.dsl.LibraryExtensionImpl$AgpDecorated_Decorated: loaded 2 times (x 444B)
Class com.android.build.gradle.internal.tasks.ApplicationTaskManager$doCreateTasksForVariant$r8DexStartupOptimizationEnabled$1: loaded 2 times (x 72B)
Class com.android.build.gradle.internal.tasks.ApplicationIdWriterTask$CreationAction$handleProvider$1: loaded 2 times (x 125B)
Class com.android.build.api.component.impl.DeviceTestImpl$shadersCreationConfig$2     : loaded 2 times (x 77B)
Class org.jetbrains.kotlin.gradle.plugin.sources.android.MultiplatformLayoutV1KotlinAndroidSourceSetNaming: loaded 2 times (x 73B)
Class org.jetbrains.kotlin.gradle.report.BuildReportType                              : loaded 2 times (x 77B)
Class com.android.build.gradle.internal.scope.DelayedActionsExecutor                  : loaded 2 times (x 70B)
Class org.jetbrains.kotlin.load.kotlin.header.ReadKotlinClassHeaderAnnotationVisitor$CollectStringArrayAnnotationVisitor: loaded 2 times (x 83B)
Class com.android.build.gradle.internal.profile.TaskProfilingRecord$Status            : loaded 2 times (x 77B)
Class com.android.build.gradle.LibraryExtension                                       : loaded 2 times (x 422B)
Class org.jetbrains.kotlin.gradle.internal.StdlibDependencyManagementKt$addStdlibDependency$1$1$1: loaded 2 times (x 77B)
Class com.android.build.gradle.internal.tasks.BundleIdeModelProducerTask$CreationAction$handleProvider$1: loaded 2 times (x 125B)
Class com.android.build.gradle.internal.dsl.decorator.SupportedPropertyType$Var$Enum  : loaded 2 times (x 72B)
Class [Lcom.google.protobuf.Descriptors$EnumDescriptor;                               : loaded 2 times (x 67B)
Class com.google.wireless.android.sdk.stats.GradleProjectOptionsSettingsOrBuilder     : loaded 2 times (x 68B)
Class com.android.build.api.variant.VariantBuilder                                    : loaded 2 times (x 68B)
Class com.android.ide.common.repository.GradleVersion$VersionSegment                  : loaded 2 times (x 73B)
Class com.android.manifmerger.MergingReport                                           : loaded 2 times (x 79B)
Class com.android.build.gradle.internal.publishing.PublishingSpecs$OutputSpec         : loaded 2 times (x 68B)
Class com.android.build.gradle.internal.dependency.JetifyTransform$Companion$jetifierProcessor$2: loaded 2 times (x 76B)
Class com.google.gson.internal.reflect.ReflectionHelper                               : loaded 2 times (x 69B)
Class com.android.build.api.artifact.impl.SinglePropertyAdapter                       : loaded 2 times (x 77B)
Class com.android.build.api.variant.impl.DeviceTestBuilderImpl                        : loaded 2 times (x 94B)
Class com.android.repository.impl.generated.v2.RepositoryType                         : loaded 2 times (x 84B)
Class com.android.build.gradle.internal.SdkComponentsBuildService$VersionedSdkLoader$aidlFrameworkProvider$1: loaded 2 times (x 73B)
Class FlutterPlugin$_addTasksForOutputsAppLinkSettings_closure13$_closure41           : loaded 2 times (x 134B)
Class com.android.tools.build.jetifier.processor.transform.proguard.ProGuardTypesMapper$Companion: loaded 2 times (x 69B)
Class com.android.build.gradle.internal.core.dsl.impl.ApplicationVariantDslInfoImpl$versionCode$2: loaded 2 times (x 77B)
Class com.android.build.gradle.LibraryExtension_Decorated$hasProperty                 : loaded 2 times (x 150B)
Class com.android.build.gradle.internal.tasks.BundleLibraryClassesDir_Decorated       : loaded 2 times (x 386B)
Class com.android.build.gradle.internal.services.VariantServicesImpl$fileTreeFactory$1: loaded 2 times (x 77B)
Class com.android.build.gradle.internal.scope.InternalArtifactType$BUNDLE_IDE_MODEL   : loaded 2 times (x 72B)
Class com.android.build.api.artifact.impl.OperationRequestsImplKt                     : loaded 2 times (x 69B)
Class com.android.sdklib.repository.generated.addon.v3.ExtraDetailsType               : loaded 2 times (x 83B)
Class com.android.build.gradle.internal.PropertiesValueSource                         : loaded 2 times (x 76B)
Class com.android.build.gradle.internal.tasks.DexFileDependenciesTask$CreationAction  : loaded 2 times (x 91B)
Class com.android.build.gradle.internal.tasks.PackageForHostTest$CreationAction$handleProvider$1: loaded 2 times (x 125B)
Class org.jetbrains.kotlin.gradle.plugin.mpp.compilationImpl.KotlinCompilationImpl$1  : loaded 2 times (x 77B)
Class com.android.build.api.artifact.impl.OutOperationRequestImpl                     : loaded 2 times (x 89B)
Class com.android.build.gradle.internal.plugins.BasePlugin$createAndroidTasks$1       : loaded 2 times (x 75B)
Class com.android.build.gradle.internal.ProguardFileType                              : loaded 2 times (x 77B)
Class com.android.build.gradle.internal.services.R8ParallelBuildService               : loaded 2 times (x 73B)
Class com.android.build.gradle.internal.lint.ProjectInputs_Decorated                  : loaded 2 times (x 162B)
Class com.android.build.gradle.internal.dependency.VariantConsumptionDisambiguationRule: loaded 2 times (x 77B)
Class com.android.build.gradle.internal.dsl.ManagedDevices                            : loaded 2 times (x 80B)
Class com.android.build.gradle.internal.variant.VariantInputModel                     : loaded 2 times (x 68B)
Class org.jetbrains.kotlin.gradle.tasks.KotlinCompile$ClasspathSnapshotProperties     : loaded 2 times (x 73B)
Class com.sun.xml.bind.v2.runtime.reflect.Lister$1                                    : loaded 2 times (x 74B)
Class com.sun.xml.bind.annotation.OverrideAnnotationOf                                : loaded 2 times (x 68B)
Class com.android.build.gradle.internal.dependency.ModelArtifactCompatibilityRule$Companion: loaded 2 times (x 69B)
Class com.android.build.gradle.internal.tasks.MergeStartupProfileTask$CreationAction  : loaded 2 times (x 88B)
Class com.android.build.gradle.internal.plugins.BasePlugin$createAndroidTasks$3       : loaded 2 times (x 77B)
Class org.jetbrains.kotlin.gradle.dsl.KotlinCommonCompilerOptions                     : loaded 2 times (x 68B)
Class org.jetbrains.kotlin.gradle.InternalKotlinGradlePluginApi                       : loaded 2 times (x 68B)
Class com.android.build.gradle.internal.scope.InternalArtifactType$ANDROID_TEST_LINT_PARTIAL_RESULTS: loaded 2 times (x 72B)
Class com.google.wireless.android.sdk.stats.GradleProjectOptionsSettings$1            : loaded 2 times (x 149B)
Class com.google.protobuf.Internal$LongList                                           : loaded 2 times (x 68B)
Class org.jetbrains.kotlin.load.java.JvmAnnotationNames                               : loaded 2 times (x 69B)
Class com.sun.xml.bind.v2.runtime.reflect.Lister$2                                    : loaded 2 times (x 75B)
Class [Lcom.sun.xml.bind.v2.model.impl.ClassInfoImpl$SecondaryAnnotation;             : loaded 2 times (x 67B)
Class com.android.build.api.component.impl.DefaultSourcesProviderImpl$defaultResSources$1: loaded 2 times (x 76B)
Class Dependency_version_checker_gradle$DependencyVersionChecker$Companion            : loaded 2 times (x 69B)
Class com.android.build.gradle.internal.tasks.AarMetadataTask_Decorated               : loaded 2 times (x 388B)
Class com.sun.xml.bind.v2.runtime.unmarshaller.TagName                                : loaded 2 times (x 73B)
Class com.android.build.gradle.internal.tasks.PackageBundleTask$CreationAction$handleProvider$1: loaded 2 times (x 125B)
Class [Lorg.jetbrains.kotlin.gradle.plugin.sources.android.AndroidVariantType;        : loaded 2 times (x 67B)
Class com.android.build.gradle.internal.dsl.NdkOptions_Decorated                      : loaded 2 times (x 168B)
Class javax.xml.bind.annotation.adapters.XmlJavaTypeAdapter                           : loaded 2 times (x 68B)
Class com.android.build.gradle.internal.tasks.AarMetadataTask$CreationAction          : loaded 2 times (x 88B)
Class com.android.build.gradle.internal.tasks.BundleToStandaloneApkTask               : loaded 2 times (x 324B)
Class com.android.build.gradle.internal.variant.VariantPathHelper$defaultApkLocation$2: loaded 2 times (x 77B)
Class org.jetbrains.kotlin.tooling.core.MutableExtras                                 : loaded 2 times (x 68B)
Class com.android.build.gradle.internal.services.Aapt2ThreadPoolBuildService$Params   : loaded 2 times (x 68B)
Class org.jetbrains.kotlin.protobuf.CodedOutputStream$OutOfSpaceException             : loaded 2 times (x 80B)
Class com.google.wireless.android.sdk.stats.GradleTaskExecution$TaskState             : loaded 2 times (x 85B)
Class com.sun.xml.bind.v2.model.impl.RuntimeBuiltinLeafInfoImpl$10                    : loaded 2 times (x 134B)
Class org.gradle.internal.classloader.VisitableURLClassLoader                         : loaded 2 times (x 115B)
Class org.jetbrains.kotlin.build.report.metrics.BuildAttributes                       : loaded 2 times (x 70B)
Class com.sun.xml.bind.v2.model.impl.RuntimeBuiltinLeafInfoImpl$11                    : loaded 2 times (x 134B)
Class com.android.ide.common.resources.SourceSet                                      : loaded 2 times (x 68B)
Class org.jetbrains.kotlin.statistics.metrics.StringAnonymizationPolicy$RegexControlled: loaded 2 times (x 77B)
Class com.android.build.gradle.internal.dsl.ManagedDevices$localDevices$1$1           : loaded 2 times (x 73B)
Class com.sun.xml.bind.v2.model.core.RegistryInfo                                     : loaded 2 times (x 68B)
Class org.jetbrains.kotlin.metadata.ProtoBuf$EnumEntry                                : loaded 2 times (x 116B)
Class org.jetbrains.kotlin.metadata.deserialization.BinaryVersion$Companion           : loaded 2 times (x 69B)
Class com.sun.xml.bind.v2.model.impl.RuntimeBuiltinLeafInfoImpl$12                    : loaded 2 times (x 134B)
Class com.android.build.gradle.internal.tasks.LintModelMetadataTask$Companion         : loaded 2 times (x 69B)
Class com.android.build.gradle.internal.component.AarCreationConfig                   : loaded 2 times (x 68B)
Class com.android.build.gradle.internal.dsl.ManagedDevices$localDevices$1$2           : loaded 2 times (x 73B)
Class com.sun.xml.bind.v2.model.impl.RuntimeBuiltinLeafInfoImpl$13                    : loaded 2 times (x 135B)
Class com.google.wireless.android.sdk.stats.GradleBuildProfileSpan$Builder            : loaded 2 times (x 312B)
Class com.google.wireless.android.sdk.stats.GarbageCollectionStats$Builder            : loaded 2 times (x 297B)
Class com.android.build.gradle.internal.core.dsl.PublishableComponentDslInfo          : loaded 2 times (x 68B)
Class user_agent_8d2i2yrl2y64c38836uzz680q                                            : loaded 2 times (x 175B)
Class com.google.common.io.CharSource$CharSequenceCharSource                          : loaded 2 times (x 84B)
Class org.jetbrains.kotlin.protobuf.LazyField                                         : loaded 2 times (x 81B)
Class com.android.build.gradle.internal.DependencyResourcesComputer$ResourceSourceSetInput_Decorated: loaded 2 times (x 129B)
Class com.android.sdklib.repository.generated.repository.v1.PlatformDetailsType       : loaded 2 times (x 109B)
Class com.sun.xml.bind.v2.model.impl.RuntimeBuiltinLeafInfoImpl$14                    : loaded 2 times (x 134B)
Class com.android.build.api.component.analytics.AnalyticsEnabledLibraryVariant$userVisibleAarMetadata$2: loaded 2 times (x 77B)
Class com.android.build.gradle.internal.scope.ArtifactPublishingUtil$publishArtifactToConfiguration$1$1$1: loaded 2 times (x 73B)
Class [Lcom.android.build.VariantOutput$FilterType;                                   : loaded 2 times (x 67B)
Class org.jetbrains.kotlin.gradle.targets.js.npm.NpmDependencyExtensionDelegate       : loaded 2 times (x 165B)
Class com.android.build.api.artifact.Artifact                                         : loaded 2 times (x 72B)
Class com.android.tools.analytics.HostData$garbageCollectorBeans$2                    : loaded 2 times (x 76B)
Class com.google.common.hash.MessageDigestHashFunction$MessageDigestHasher            : loaded 2 times (x 146B)
Class com.android.build.gradle.internal.services.FakeDependencyJarBuildService$FakeDependencyJarCreator: loaded 2 times (x 78B)
Class org.jetbrains.kotlin.gradle.tasks.KotlinCompilerExecutionStrategy               : loaded 2 times (x 77B)
Class com.sun.xml.bind.v2.model.impl.RuntimeBuiltinLeafInfoImpl$15                    : loaded 2 times (x 134B)
Class com.android.build.gradle.internal.tasks.LibraryAarJarsTask$CreationAction       : loaded 2 times (x 88B)
Class com.android.build.gradle.internal.core.dsl.impl.InstrumentedTestDslInfoImpl$functionalTest$fromFlavor$1: loaded 2 times (x 76B)
Class org.jetbrains.kotlin.metadata.ProtoBuf$VersionRequirement                       : loaded 2 times (x 114B)
Class org.jetbrains.org.objectweb.asm.Symbol                                          : loaded 2 times (x 71B)
Class com.android.build.gradle.internal.tasks.BundleLibraryClassesJar_Decorated       : loaded 2 times (x 386B)
Class com.sun.xml.bind.v2.model.impl.RuntimeBuiltinLeafInfoImpl$16                    : loaded 2 times (x 134B)
Class com.android.build.gradle.internal.tasks.ModuleMetadataWriterTask$CreationAction : loaded 2 times (x 88B)
Class com.android.build.gradle.internal.tasks.CheckMultiApkLibrariesTask$CreationAction: loaded 2 times (x 88B)
Class com.android.build.gradle.internal.variant.VariantPathHelper$directorySegments$2 : loaded 2 times (x 77B)
Class org.jetbrains.kotlin.gradle.utils.ForEachAndroidVariantKt                       : loaded 2 times (x 69B)
Class org.jetbrains.kotlin.gradle.plugin.sources.android.configurator.Agp7AddKotlinSourcesToAndroidSourceSetConfigurator: loaded 2 times (x 73B)
Class com.android.build.gradle.options.ReplacedOption                                 : loaded 2 times (x 84B)
Class [Lorg.jetbrains.kotlin.metadata.ProtoBuf$Effect$EffectType;                     : loaded 2 times (x 67B)
Class [Lcom.android.build.gradle.internal.lint.LintMode;                              : loaded 2 times (x 67B)
Class org.jetbrains.kotlin.gradle.targets.js.npm.SemverKt                             : loaded 2 times (x 69B)
Class com.sun.xml.bind.v2.model.impl.RuntimeBuiltinLeafInfoImpl$17                    : loaded 2 times (x 134B)
Class com.android.repository.impl.generated.v1.CompleteType                           : loaded 2 times (x 81B)
Class com.android.build.gradle.internal.SdkComponentsBuildService$VersionedSdkLoader$buildToolsRevisionProvider$1: loaded 2 times (x 73B)
Class com.android.build.gradle.internal.core.dsl.impl.ApplicationVariantDslInfoImpl$generateLocaleConfig$2: loaded 2 times (x 77B)
Class org.jetbrains.kotlin.gradle.dsl.KotlinJvmCompilerOptionsDefault_Decorated       : loaded 2 times (x 157B)
Class com.google.common.collect.ImmutableMultimap$Keys                                : loaded 2 times (x 164B)
Class com.sun.xml.bind.v2.model.impl.RuntimeBuiltinLeafInfoImpl$18                    : loaded 2 times (x 134B)
Class [Lcom.android.build.gradle.internal.SdkLocator$SdkLocationSource;               : loaded 2 times (x 67B)
Class com.android.build.gradle.internal.SdkComponentsBuildService$VersionedSdkLoader$targetBootClasspathProvider$1: loaded 2 times (x 73B)
Class org.jetbrains.kotlin.gradle.incremental.IncrementalModuleInfoBuildService$Companion$registerIfAbsent$2$1$1: loaded 2 times (x 77B)
Class com.android.build.gradle.internal.transforms.ShrinkAppBundleResourcesTask$CreationAction$handleProvider$1: loaded 2 times (x 125B)
Class com.android.build.gradle.tasks.JavaPreCompileTask                               : loaded 2 times (x 323B)
Class com.android.build.gradle.internal.scope.InternalArtifactType$SHADER_ASSETS      : loaded 2 times (x 72B)
Class com.android.build.gradle.internal.core.dsl.impl.DslInfoCommonKt$initTestApplicationId$testAppIdFromFlavors$1: loaded 2 times (x 76B)
Class com.android.build.api.variant.AndroidVersion                                    : loaded 2 times (x 68B)
Class com.android.utils.EnvironmentProvider$DirectEnvironmentProvider                 : loaded 2 times (x 78B)
Class com.android.builder.profile.ThreadRecorder                                      : loaded 2 times (x 74B)
Class com.android.utils.HelpfulEnumConverter                                          : loaded 2 times (x 90B)
Class com.android.build.gradle.internal.tasks.BaseTask                                : loaded 2 times (x 313B)
Class com.android.build.api.variant.impl.FileBasedDirectoryEntryImpl$asFileTree$1$1   : loaded 2 times (x 73B)
Class com.android.build.gradle.internal.lint.CustomLintCheckUtils$getLocalCustomLintChecks$1: loaded 2 times (x 72B)
Class com.sun.xml.bind.v2.model.impl.RuntimeBuiltinLeafInfoImpl$19                    : loaded 2 times (x 134B)
Class com.android.build.gradle.internal.transforms.ShrinkAppBundleResourcesTask$CreationAction$handleProvider$2: loaded 2 times (x 125B)
Class com.android.build.gradle.internal.dsl.BundleOptionsDensity                      : loaded 2 times (x 75B)
Class org.gradle.internal.Cast                                                        : loaded 2 times (x 69B)
Class user_agent_b2f1j4cxt7sh2sb7kuyg50mb2                                            : loaded 2 times (x 175B)
Class org.jetbrains.kotlin.gradle.internal.StdlibDependencyManagementKt$addStdlibDependency$1$1$1$1: loaded 2 times (x 77B)
Class com.android.sdklib.repository.generated.addon.v3.ObjectFactory                  : loaded 2 times (x 78B)
Class org.jetbrains.kotlin.gradle.targets.js.dsl.KotlinJsTargetDsl                    : loaded 2 times (x 68B)
Class org.jetbrains.kotlin.gradle.dsl.KotlinTargetContainerWithPresetFunctions        : loaded 2 times (x 68B)
Class com.android.build.api.variant.VariantFilter                                     : loaded 2 times (x 68B)
Class com.android.build.gradle.internal.tasks.CheckAarMetadataTask_Decorated          : loaded 2 times (x 392B)
Class com.google.protobuf.CodedInputStream$IterableDirectByteBufferDecoder            : loaded 2 times (x 118B)
Class org.jetbrains.org.objectweb.asm.FieldWriter                                     : loaded 2 times (x 75B)
Class org.jetbrains.kotlin.gradle.internal.KotlinDependenciesManagementKt$configureDefaultVersionsResolutionStrategy$1$1$1: loaded 2 times (x 77B)
Class com.android.build.gradle.internal.publishing.ArtifactCategory                   : loaded 2 times (x 77B)
Class FlutterPlugin$_apply_closure2$_closure29                                        : loaded 2 times (x 134B)
Class com.android.build.gradle.internal.tasks.NewIncrementalTask                      : loaded 2 times (x 321B)
Class com.android.build.gradle.internal.tasks.ValidateResourcesTask_Decorated         : loaded 2 times (x 374B)
Class com.android.ide.common.resources.DataMap                                        : loaded 2 times (x 68B)
Class com.android.ide.common.resources.MergingException                               : loaded 2 times (x 81B)
Class com.android.build.api.AndroidPluginVersion                                      : loaded 2 times (x 73B)
Class com.android.build.gradle.internal.dsl.DexPackagingImpl$AgpDecorated_Decorated   : loaded 2 times (x 129B)
Class com.android.build.gradle.internal.dsl.BaseFlavor                                : loaded 2 times (x 413B)
Class com.android.build.gradle.internal.plugins.AndroidPluginBaseServices$syncIssueReporter$2: loaded 2 times (x 77B)
Class com.android.builder.errors.IssueReporter                                        : loaded 2 times (x 71B)
Class com.google.common.collect.NullnessCasts                                         : loaded 2 times (x 69B)
Class com.android.build.gradle.internal.scope.InternalArtifactType$MICRO_APK_RES      : loaded 2 times (x 72B)
Class com.android.build.api.variant.impl.LibraryVariantBuilderImpl$androidTest$2      : loaded 2 times (x 77B)
Class org.jetbrains.kotlin.gradle.tasks.configuration.BaseKotlinCompileConfig$Companion: loaded 2 times (x 69B)
Class com.google.common.io.CharSource$EmptyCharSource                                 : loaded 2 times (x 84B)
Class com.sun.xml.bind.AccessorFactoryImpl                                            : loaded 2 times (x 79B)
Class com.android.build.gradle.internal.lint.AndroidLintTask$VariantCreationAction    : loaded 2 times (x 93B)
Class com.android.build.gradle.internal.AndroidTestTaskManager$createTasks$1          : loaded 2 times (x 73B)
Class com.android.build.gradle.internal.tasks.ExtractApksTask$CreationAction$handleProvider$1: loaded 2 times (x 125B)
Class com.android.tools.build.jetifier.processor.transform.bytecode.ByteCodeTransformer: loaded 2 times (x 75B)
Class com.google.gson.internal.bind.ReflectiveTypeAdapterFactory$1                    : loaded 2 times (x 77B)
Class com.google.gson.LongSerializationPolicy$1                                       : loaded 2 times (x 78B)
Class com.android.build.gradle.api.ApkVariant                                         : loaded 2 times (x 68B)
Class com.android.build.gradle.internal.plugins.AppPlugin$ApplicationAndroidComponentsExtensionImplCompat: loaded 2 times (x 105B)
Class build_95nb4kwpi25o3twxfo2vn255e$_run_closure2$_closure4                         : loaded 2 times (x 137B)
Class Build_gradle                                                                    : loaded 2 times (x 128B)
Class com.sun.xml.bind.v2.model.runtime.RuntimePropertyInfo                           : loaded 2 times (x 68B)
Class com.sun.xml.bind.v2.model.impl.RuntimeBuiltinLeafInfoImpl                       : loaded 2 times (x 131B)
Class com.android.build.gradle.internal.services.KotlinServices                       : loaded 2 times (x 68B)
Class com.android.build.gradle.internal.scope.InternalArtifactType$FEATURE_SHRUNK_JAVA_RES: loaded 2 times (x 72B)
Class com.android.build.gradle.internal.tasks.ExtractApksTask$CreationAction$handleProvider$2: loaded 2 times (x 125B)
Class com.google.gson.LongSerializationPolicy$2                                       : loaded 2 times (x 78B)
Class com.android.build.api.component.impl.ComponentImpl$instrumentationCreationConfig$2: loaded 2 times (x 77B)
Class FlutterPlugin$_addTaskForPrintBuildVariants_closure12                           : loaded 2 times (x 134B)
Class com.android.tools.analytics.HostData                                            : loaded 2 times (x 69B)
Class com.android.build.gradle.internal.VariantTaskManager                            : loaded 2 times (x 81B)
Class build_95nb4kwpi25o3twxfo2vn255e$_run_closure2$_closure5                         : loaded 2 times (x 137B)
Class com.android.build.api.variant.impl.LayeredSourceDirectoriesImpl$static$1        : loaded 2 times (x 72B)
Class com.android.build.gradle.internal.scope.InternalArtifactType$SDK_DEPENDENCY_DATA_PUBLIC: loaded 2 times (x 72B)
Class com.android.build.api.variant.ResValue                                          : loaded 2 times (x 70B)
Class com.android.build.api.variant.impl.ApplicationVariantImpl                       : loaded 2 times (x 555B)
Class com.google.protobuf.Internal$BooleanList                                        : loaded 2 times (x 68B)
Class org.gradle.api.internal.ClassPathRegistry                                       : loaded 2 times (x 68B)
Class com.android.build.api.component.impl.features.ShadersCreationConfigImpl         : loaded 2 times (x 74B)
Class com.android.build.gradle.internal.tasks.UnsafeOutputsTask                       : loaded 2 times (x 321B)
Class com.android.build.api.component.impl.ComponentImpl$computeLocalPackagedJars$1   : loaded 2 times (x 78B)
Class com.google.gson.internal.bind.TypeAdapterRuntimeTypeWrapper                     : loaded 2 times (x 72B)
Class com.google.gson.internal.Excluder$1                                             : loaded 2 times (x 72B)
Class com.google.protobuf.Internal$EnumLite                                           : loaded 2 times (x 68B)
Class com.android.build.gradle.internal.SdkFullLoadingStrategy                        : loaded 2 times (x 70B)
Class org.jetbrains.kotlin.gradle.plugin.KotlinCompilationWithResources               : loaded 2 times (x 68B)
Class com.android.build.gradle.tasks.ProcessManifestForInstantAppTask$CreationAction$handleProvider$1: loaded 2 times (x 125B)
Class com.android.build.api.component.impl.ComponentImpl$oldVariantApiLegacySupport$2 : loaded 2 times (x 77B)
Class com.android.build.gradle.internal.services.TaskCreationServices                 : loaded 2 times (x 68B)
Class com.android.build.api.dsl.ApkSigningConfig                                      : loaded 2 times (x 68B)
Class com.android.build.gradle.internal.services.RunOnceBuildServiceImpl$Inject       : loaded 2 times (x 100B)
Class com.sun.xml.bind.v2.model.annotation.SecureLoader                               : loaded 2 times (x 69B)
Class com.android.build.gradle.internal.SdkLibDataFactory$getSettingsController$1     : loaded 2 times (x 76B)
Class com.android.build.gradle.internal.res.LinkApplicationAndroidResourcesTask$BaseCreationAction: loaded 2 times (x 94B)
Class com.android.build.gradle.tasks.ProcessManifestForInstantAppTask$CreationAction$handleProvider$2: loaded 2 times (x 125B)
Class org.jetbrains.kotlin.gradle.plugin.KotlinJvmPluginKt                            : loaded 2 times (x 69B)
Class org.jetbrains.kotlin.gradle.plugin.sources.android.checker.MultiplatformLayoutV1PromoteV2Checker: loaded 2 times (x 73B)
Class com.android.build.gradle.internal.dsl.TestOptions$UnitTestOptions_Decorated$all : loaded 2 times (x 150B)
Class com.android.build.gradle.internal.lint.EnvironmentVariableInputs$initialize$1   : loaded 2 times (x 72B)
Class com.android.build.gradle.internal.tasks.ValidateSigningTask                     : loaded 2 times (x 324B)
Class com.android.build.gradle.tasks.PackageAndroidArtifact$Companion                 : loaded 2 times (x 69B)
Class com.android.build.gradle.internal.res.ParseLibraryResourcesTask                 : loaded 2 times (x 327B)
Class com.android.build.gradle.internal.scope.InternalArtifactType$CHECK_MANIFEST_RESULT: loaded 2 times (x 72B)
Class com.android.build.api.variant.impl.VariantOutputImpl$SerializedForm             : loaded 2 times (x 70B)
Class com.android.build.api.variant.CanMinifyCode                                     : loaded 2 times (x 68B)
Class com.android.build.gradle.internal.lint.EnvironmentVariableInputs$initialize$2   : loaded 2 times (x 72B)
Class com.android.build.gradle.internal.dependency.AlternateCompatibilityRule$BuildTypeRule: loaded 2 times (x 77B)
Class com.android.build.gradle.internal.scope.InternalArtifactType$R8_ART_PROFILE     : loaded 2 times (x 72B)
Class org.jetbrains.kotlin.cli.common.arguments.K2JVMCompilerArguments                : loaded 2 times (x 75B)
Class com.google.wireless.android.sdk.stats.GradleBuildMemorySample$Builder           : loaded 2 times (x 299B)
Class com.android.build.gradle.tasks.MapSourceSetPathsTask$CreateAction$configure$6$2 : loaded 2 times (x 77B)
Class net.rubygrapefruit.platform.internal.FunctionResult$Failure                     : loaded 2 times (x 77B)
Class com.android.tools.analytics.HostData$memoryBean$2                               : loaded 2 times (x 76B)
Class com.google.common.hash.Hasher                                                   : loaded 2 times (x 68B)
Class com.sun.xml.bind.v2.runtime.unmarshaller.SAXConnector                           : loaded 2 times (x 99B)
Class com.android.build.gradle.internal.SdkComponentsBuildService$VersionedSdkLoader$annotationsJarProvider$1: loaded 2 times (x 73B)
Class com.android.build.gradle.internal.VariantTaskManager$createReportTasks$1        : loaded 2 times (x 73B)
Class com.android.build.gradle.internal.scope.InternalArtifactType$MIXED_SCOPE_DEX_ARCHIVE: loaded 2 times (x 72B)
Class com.android.build.gradle.internal.profile.AnalyticsService$Params               : loaded 2 times (x 68B)
Class org.gradle.internal.classloader.VisitableURLClassLoader$InstrumentingVisitableURLClassLoader: loaded 2 times (x 121B)
Class com.google.protobuf.GeneratedMessageV3$FieldAccessorTable                       : loaded 2 times (x 70B)
Class org.jetbrains.kotlin.gradle.plugin.mpp.compilationImpl.KotlinCompilationAssociator: loaded 2 times (x 68B)
Class com.android.build.gradle.internal.dependency.IdentityTransform                  : loaded 2 times (x 76B)
Class com.android.build.gradle.internal.VariantTaskManager$createReportTasks$2        : loaded 2 times (x 73B)
Class com.android.tools.build.jetifier.processor.TimestampsPolicy$Companion$NOW$1     : loaded 2 times (x 76B)
Class com.google.gson.internal.bind.MapTypeAdapterFactory$Adapter                     : loaded 2 times (x 72B)
Class com.android.build.gradle.internal.VariantTaskManager$Companion                  : loaded 2 times (x 69B)
Class org.jetbrains.kotlin.gradle.plugin.sources.android.KotlinAndroidSourceSets$sam$org_gradle_api_Action$0: loaded 2 times (x 73B)
Class com.android.build.gradle.internal.dsl.BuildType                                 : loaded 2 times (x 369B)
Class org.gradle.internal.classloader.ClassLoaderHierarchy                            : loaded 2 times (x 68B)
Class com.sun.xml.bind.v2.model.runtime.RuntimeLeafInfo                               : loaded 2 times (x 68B)
Class com.android.build.gradle.internal.scope.InternalArtifactType$MERGED_CONSUMER_PROGUARD_FILE: loaded 2 times (x 72B)
Class org.jetbrains.kotlin.compilerRunner.CompilerSystemPropertiesService$Companion$registerIfAbsent$1: loaded 2 times (x 77B)
Class com.google.gson.internal.Primitives                                             : loaded 2 times (x 69B)
Class com.sun.xml.bind.v2.runtime.unmarshaller.LeafPropertyLoader                     : loaded 2 times (x 76B)
Class org.jetbrains.kotlin.gradle.plugin.mpp.KotlinJvmCompilation                     : loaded 2 times (x 192B)
Class com.android.build.gradle.internal.tasks.ExtractVersionControlInfoTask           : loaded 2 times (x 325B)
Class com.android.build.gradle.internal.core.dsl.impl.ComponentDslInfoImpl$androidResourcesDsl$2: loaded 2 times (x 77B)
Class com.android.build.gradle.internal.variant.DimensionCombinator                   : loaded 2 times (x 70B)
Class com.android.build.gradle.internal.dsl.LanguageSplitOptions                      : loaded 2 times (x 77B)
Class [Lcom.android.builder.core.ComponentType;                                       : loaded 2 times (x 67B)
Class com.android.build.gradle.internal.tasks.factory.GlobalTaskCreationConfig        : loaded 2 times (x 68B)
Class org.jetbrains.kotlin.metadata.ProtoBuf$AnnotationOrBuilder                      : loaded 2 times (x 68B)
Class org.jetbrains.kotlin.gradle.internal.StdlibDependencyManagementKt$configureStdlibVersionAlignment$1$1$1: loaded 2 times (x 77B)
Class com.android.build.gradle.FeatureExtension                                       : loaded 2 times (x 69B)
Class org.jetbrains.kotlin.gradle.plugin.mpp.compilationImpl.DefaultKotlinCompilationFriendPathsResolver$AdditionalAndroidFriendArtifactResolver: loaded 2 times (x 72B)
Class [Lcom.android.build.gradle.internal.cxx.gradle.generator.NativeProjectPath;     : loaded 2 times (x 67B)
Class com.android.build.gradle.internal.scope.InternalArtifactType$LINT_VITAL_INTERMEDIATE_TEXT_REPORT: loaded 2 times (x 72B)
Class com.android.build.gradle.internal.tasks.featuresplit.PackagedDependenciesWriterTask$CreationAction$handleProvider$1: loaded 2 times (x 125B)
Class com.android.build.api.artifact.impl.OperationRequestsImplKt$toAppend$1          : loaded 2 times (x 73B)
Class org.jetbrains.kotlin.gradle.plugin.sources.android.KotlinAndroidSourceSetInfoKt : loaded 2 times (x 69B)
Class com.android.build.gradle.internal.plugins.AndroidPluginBaseServices$configuratorService$2$1: loaded 2 times (x 77B)
Class org.jetbrains.kotlin.metadata.ProtoBuf$Class$Kind                               : loaded 2 times (x 80B)
Class com.android.build.api.variant.impl.JniLibsTestedComponentPackagingImpl          : loaded 2 times (x 81B)
Class com.android.build.gradle.internal.api.UnitTestVariantImpl                       : loaded 2 times (x 217B)
Class com.android.build.gradle.internal.SdkComponentsBuildService$sdkHandlerDelegate$1: loaded 2 times (x 77B)
Class com.android.build.api.artifact.impl.OperationRequestsImplKt$toAppend$2          : loaded 2 times (x 73B)
Class com.android.build.gradle.internal.tasks.ExtractProguardFiles$CreationAction     : loaded 2 times (x 89B)
Class com.google.common.util.concurrent.MoreExecutors                                 : loaded 2 times (x 69B)
Class com.android.tools.lint.model.LintModelNamespacingMode                           : loaded 2 times (x 77B)
Class com.android.build.gradle.internal.scope.InternalArtifactType$MERGED_SHADERS     : loaded 2 times (x 72B)
Class com.android.build.gradle.internal.dsl.KeepRulesImpl$AgpDecorated                : loaded 2 times (x 87B)
Class com.google.protobuf.WireFormat$FieldType                                        : loaded 2 times (x 81B)
Class com.android.sdklib.repository.generated.repository.v3.SourceDetailsType         : loaded 2 times (x 104B)
Class com.android.build.gradle.internal.scope.ArtifactTypeUtil$getDirectories$1       : loaded 2 times (x 73B)
Class com.android.build.api.variant.impl.SigningConfigImpl$storeFile$1                : loaded 2 times (x 73B)
Class com.android.build.gradle.tasks.ProcessMultiApkApplicationManifest               : loaded 2 times (x 329B)
Class android.databinding.tool.processing.ScopedException                             : loaded 2 times (x 84B)
Class com.android.build.gradle.internal.profile.AnalyticsResourceManager$getVariantBuilder$projectData$1: loaded 2 times (x 77B)
Class com.android.build.api.variant.ScopedArtifacts                                   : loaded 2 times (x 68B)
Class com.android.build.gradle.internal.services.FakeDependencyJarBuildService        : loaded 2 times (x 80B)
Class com.android.build.gradle.options.IntegerOption                                  : loaded 2 times (x 84B)
Class com.android.build.gradle.internal.services.ServiceRegistrationAction$execute$1  : loaded 2 times (x 73B)
Class [Lcom.google.common.util.concurrent.DirectExecutor;                             : loaded 2 times (x 67B)
Class com.sun.xml.bind.v2.model.impl.RuntimeBuiltinLeafInfoImpl$20                    : loaded 2 times (x 134B)
Class org.jetbrains.kotlin.metadata.ProtoBuf$TypeParameter                            : loaded 2 times (x 128B)
Class [Lcom.google.wireless.android.sdk.stats.GradleBuildProject$GradlePlugin;        : loaded 2 times (x 67B)
Class com.android.build.gradle.internal.tasks.CheckDuplicateClassesTask_Decorated     : loaded 2 times (x 372B)
Class com.sun.xml.bind.v2.model.impl.ElementPropertyInfoImpl$1                        : loaded 2 times (x 160B)
Class com.sun.xml.bind.v2.model.impl.RuntimeBuiltinLeafInfoImpl$21                    : loaded 2 times (x 134B)
Class com.android.build.gradle.internal.scope.InternalArtifactType$SUB_PROJECT_DEX_ARCHIVE: loaded 2 times (x 72B)
Class org.jetbrains.kotlin.gradle.targets.js.npm.DefaultPeerNpmDependencyExtension$delegate$1: loaded 2 times (x 165B)
Class com.android.builder.signing.DefaultSigningConfig$DebugSigningConfig             : loaded 2 times (x 70B)
Class com.android.build.gradle.internal.ide.v2.ModelBuilder                           : loaded 2 times (x 78B)
Class com.android.build.gradle.internal.utils.GradleEnvironmentProvider               : loaded 2 times (x 68B)
Class org.jetbrains.kotlin.metadata.ProtoBuf$VersionRequirementTable$1                : loaded 2 times (x 142B)
Class com.android.build.gradle.internal.profile.AnalyticsService$Inject               : loaded 2 times (x 128B)
Class com.sun.xml.bind.v2.model.impl.RuntimeBuiltinLeafInfoImpl$22                    : loaded 2 times (x 134B)
Class org.jetbrains.kotlin.gradle.internal.KotlinDependenciesManagementKt             : loaded 2 times (x 69B)
Class com.android.build.gradle.internal.dsl.PostProcessingBlock_Decorated             : loaded 2 times (x 171B)
Class com.android.build.api.artifact.impl.ArtifactsImpl$3$1                           : loaded 2 times (x 78B)
Class org.jetbrains.kotlin.load.kotlin.header.ReadKotlinClassHeaderAnnotationVisitor$KotlinMetadataArgumentVisitor$1: loaded 2 times (x 83B)
Class com.sun.xml.bind.v2.model.impl.RuntimeBuiltinLeafInfoImpl$23                    : loaded 2 times (x 134B)
Class com.google.protobuf.Utf8                                                        : loaded 2 times (x 69B)
Class com.google.protobuf.MessageOrBuilder                                            : loaded 2 times (x 68B)
Class com.google.wireless.android.sdk.stats.GradleBuildProject$2                      : loaded 2 times (x 149B)
Class org.jetbrains.kotlin.load.kotlin.header.ReadKotlinClassHeaderAnnotationVisitor$KotlinMetadataArgumentVisitor$2: loaded 2 times (x 83B)
Class com.sun.istack.SAXException2                                                    : loaded 2 times (x 81B)
Class com.sun.xml.bind.v2.model.impl.RuntimeBuiltinLeafInfoImpl$24                    : loaded 2 times (x 135B)
Class com.sun.xml.bind.v2.runtime.output.Pcdata                                       : loaded 2 times (x 86B)
Class com.android.sdklib.repository.legacy.io.FileOpImpl                              : loaded 2 times (x 76B)
Class com.android.build.gradle.internal.utils.KgpUtils$syncAgpAndKgpSources$1         : loaded 2 times (x 73B)
Class FlutterPlugin$_addFlutterDependencies_closure14                                 : loaded 2 times (x 134B)
Class com.android.build.gradle.internal.TaskManager$Companion$createTasksBeforeEvaluate$1: loaded 2 times (x 72B)
Class com.android.sdklib.repository.generated.repository.v3.package-info              : loaded 2 times (x 68B)
Class [Lcom.android.build.gradle.api.SourceKind;                                      : loaded 2 times (x 67B)
Class org.jetbrains.kotlin.gradle.plugin.mpp.InternalKotlinCompilationKt              : loaded 2 times (x 69B)
Class com.android.build.gradle.internal.TaskManager$Companion$createTasksBeforeEvaluate$2: loaded 2 times (x 72B)
Class com.google.protobuf.DescriptorProtos$EnumOptions                                : loaded 2 times (x 248B)
Class com.google.wireless.android.sdk.stats.GradlePluginData                          : loaded 2 times (x 197B)
Class com.android.build.api.dsl.ApplicationProductFlavor                              : loaded 2 times (x 68B)
Class com.sun.xml.bind.v2.model.impl.RuntimeBuiltinLeafInfoImpl$26                    : loaded 2 times (x 134B)
Class com.android.build.api.component.impl.HostTestImpl_Decorated                     : loaded 2 times (x 270B)
Class com.android.build.gradle.internal.TaskManager$Companion$createTasksBeforeEvaluate$3: loaded 2 times (x 72B)
Class com.android.build.gradle.internal.dsl.CoreNdkOptions                            : loaded 2 times (x 68B)
Class org.jetbrains.kotlin.build.report.metrics.BuildAttribute$Companion              : loaded 2 times (x 69B)
Class com.sun.xml.bind.v2.model.impl.RuntimeBuiltinLeafInfoImpl$27                    : loaded 2 times (x 134B)
Class com.android.build.gradle.internal.SdkComponentsBuildService$VersionedSdkLoader$sdkLoadStrategy$2$1$1: loaded 2 times (x 77B)
Class com.android.build.gradle.internal.tasks.AppMetadataTaskKt$configureTaskOutputs$1: loaded 2 times (x 125B)
Class com.android.build.gradle.internal.core.dsl.impl.features.UnitTestOptionsDslInfoImpl: loaded 2 times (x 78B)
Class com.android.build.gradle.internal.lint.LintTaskManager                          : loaded 2 times (x 70B)
Class com.android.build.gradle.internal.TaskManager$Companion$createTasksBeforeEvaluate$4: loaded 2 times (x 73B)
Class com.android.build.gradle.internal.errors.DeprecationReporterImpl$Companion      : loaded 2 times (x 69B)
Class com.android.build.api.transform.Transform                                       : loaded 2 times (x 86B)
Class javax.xml.bind.annotation.XmlElementWrapper                                     : loaded 2 times (x 68B)
Class com.sun.xml.bind.v2.model.impl.RuntimeBuiltinLeafInfoImpl$28                    : loaded 2 times (x 74B)
Class com.android.build.gradle.internal.dependency.ClassesDirToClassesTransform$Inject1: loaded 2 times (x 107B)
Class com.android.build.api.artifact.impl.InternalScopedArtifact                      : loaded 2 times (x 72B)
Class com.android.build.gradle.internal.TaskManager$Companion$createTasksBeforeEvaluate$5: loaded 2 times (x 72B)
Class javax.xml.bind.annotation.XmlSchemaType$DEFAULT                                 : loaded 2 times (x 69B)
Class com.android.build.gradle.tasks.GenerateManifestJarTask$CreationAction$handleProvider$1: loaded 2 times (x 125B)
Class com.android.build.api.component.impl.DeviceTestImpl$packaging$2                 : loaded 2 times (x 77B)
Class com.android.build.api.variant.InternalSources                                   : loaded 2 times (x 68B)
Class org.jetbrains.kotlin.gradle.dsl.KotlinVersion                                   : loaded 2 times (x 77B)
Class com.android.build.gradle.internal.TaskManager$Companion$createTasksBeforeEvaluate$6: loaded 2 times (x 72B)
Class com.android.build.api.component.impl.OldVariantApiLegacySupportImpl$getVariantOutputs$1: loaded 2 times (x 73B)
Class com.android.build.gradle.internal.variant.BuildAuthorSpecifiedDefaultBuildTypeComparator: loaded 2 times (x 88B)
Class com.android.build.gradle.internal.core.dsl.impl.features.DexingDslInfoImpl      : loaded 2 times (x 75B)
Class com.android.build.gradle.internal.core.dsl.impl.features.OptimizationDslInfoImpl$postProcessingOptions$2$1: loaded 2 times (x 80B)
Class com.android.build.gradle.options.FeatureStage$Enforced                          : loaded 2 times (x 70B)
Class com.google.wireless.android.sdk.stats.GradleBuildProject$CompileOptions$Builder : loaded 2 times (x 295B)
Class com.sun.xml.bind.v2.runtime.unmarshaller.XmlVisitor                             : loaded 2 times (x 68B)
Class com.android.build.gradle.internal.scope.ArtifactPublishingUtil$publishArtifactToConfiguration$1: loaded 2 times (x 73B)
Class org.jetbrains.kotlin.gradle.tasks.AbstractKotlinCompile                         : loaded 2 times (x 415B)
Class com.android.build.gradle.internal.TaskManager$Companion$createTasksBeforeEvaluate$8: loaded 2 times (x 72B)
Class com.android.build.gradle.internal.dsl.LintOptions                               : loaded 2 times (x 199B)
Class com.android.build.api.variant.Component                                         : loaded 2 times (x 68B)
Class jdk.internal.jimage.ImageReader                                                 : loaded 2 times (x 73B)
Class org.jetbrains.kotlin.metadata.jvm.JvmProtoBuf$StringTableTypes                  : loaded 2 times (x 108B)
Class com.google.common.io.Closer$Suppressor                                          : loaded 2 times (x 68B)
Class com.android.build.gradle.internal.profile.AnalyticsService$Params$Inject        : loaded 2 times (x 118B)
Class com.android.build.gradle.internal.BuildToolsExecutableInput_Decorated           : loaded 2 times (x 121B)
Class com.android.build.gradle.internal.SdkComponentsBuildService$VersionedSdkLoader$androidJarProvider$1: loaded 2 times (x 73B)
Class com.android.build.api.variant.impl.ResSourceDirectoriesImpl                     : loaded 2 times (x 90B)
Class com.android.build.gradle.tasks.ProcessTestManifest                              : loaded 2 times (x 341B)
Class com.android.build.gradle.internal.component.LibraryCreationConfig               : loaded 2 times (x 68B)
Class com.android.build.gradle.internal.TaskManager$Companion$createTasksBeforeEvaluate$9: loaded 2 times (x 72B)
Class com.android.build.api.artifact.impl.InternalScopedArtifacts$InternalScope       : loaded 2 times (x 77B)
Class org.jetbrains.kotlin.metadata.ProtoBuf$Type$ArgumentOrBuilder                   : loaded 2 times (x 68B)
Class com.android.build.gradle.internal.tasks.MergeNativeDebugMetadataTask$Companion  : loaded 2 times (x 69B)
Class com.android.build.gradle.tasks.ExternalNativeBuildTask                          : loaded 2 times (x 323B)
Class com.google.gson.JsonArray                                                       : loaded 2 times (x 98B)
Class com.android.build.gradle.internal.component.features.DexingCreationConfig       : loaded 2 times (x 68B)
Class org.jetbrains.kotlin.gradle.tasks.configuration.BaseKotlinCompileConfig$1$1$2   : loaded 2 times (x 77B)
Class javax.xml.bind.ServiceLoaderUtil$ExceptionHandler                               : loaded 2 times (x 70B)
Class com.android.build.gradle.tasks.MergeSourceSetFolders$LibraryAssetCreationAction$handleProvider$1: loaded 2 times (x 125B)
Class com.android.build.gradle.tasks.ProcessPackagedManifestTask$CreationAction$handleProvider$1: loaded 2 times (x 125B)
Class com.android.build.gradle.internal.tasks.factory.GlobalTaskCreationConfigImpl$buildToolsRevision$2: loaded 2 times (x 77B)
Class com.android.build.gradle.internal.DependencyConfigurator$configureGeneralTransforms$8$1: loaded 2 times (x 72B)
Class com.android.build.gradle.tasks.ProcessPackagedManifestTask$CreationAction$handleProvider$2: loaded 2 times (x 125B)
Class com.android.build.api.variant.JavaCompilation                                   : loaded 2 times (x 68B)
Class com.google.protobuf.ByteString$LiteralByteString                                : loaded 2 times (x 104B)
Class com.sun.xml.bind.v2.model.runtime.RuntimeBuiltinLeafInfo                        : loaded 2 times (x 68B)
Class org.jetbrains.kotlin.gradle.tasks.configuration.AbstractKotlinCompileConfig$sam$org_gradle_api_Action$0: loaded 2 times (x 73B)
Class com.android.build.gradle.internal.dependency.EnumerateClassesTransform$Inject1  : loaded 2 times (x 107B)
Class com.android.build.gradle.internal.cxx.configure.GradleLocalPropertiesKt$gradleLocalProperties$propertiesContent$1: loaded 2 times (x 73B)
Class org.jetbrains.kotlin.gradle.targets.js.npm.NpmDependencyExtensionKt$defaultNpmDependencyDelegate$1: loaded 2 times (x 165B)
Class com.android.build.gradle.internal.dsl.SdkComponentsImpl$aidl$2                  : loaded 2 times (x 77B)
Class net.rubygrapefruit.platform.internal.LibraryDef                                 : loaded 2 times (x 70B)
Class org.jetbrains.kotlin.metadata.ProtoBuf$VersionRequirementTableOrBuilder         : loaded 2 times (x 68B)
Class com.google.common.collect.AbstractMapBasedMultimap$WrappedList                  : loaded 2 times (x 165B)
Class com.android.sdklib.repository.generated.addon.v1.LibrariesType                  : loaded 2 times (x 73B)
Class org.jetbrains.kotlin.gradle.dsl.DefaultToolchainSupport                         : loaded 2 times (x 74B)
Class com.android.build.api.variant.Renderscript                                      : loaded 2 times (x 68B)
Class com.android.build.api.variant.impl.AndroidResourcesImpl                         : loaded 2 times (x 82B)
Class com.android.build.gradle.internal.api.artifact.SourceArtifactType$AIDL          : loaded 2 times (x 72B)
Class org.jetbrains.kotlin.gradle.tasks.KotlinCompile$kotlinOptions$1                 : loaded 2 times (x 77B)
Class com.android.build.gradle.internal.SdkLocator$PropertyLocation                   : loaded 2 times (x 77B)
Class com.android.build.gradle.internal.publishing.PublishingSpecs$VariantSpec        : loaded 2 times (x 68B)
Class org.jetbrains.kotlin.gradle.plugin.sources.KotlinDependencyScopeKt              : loaded 2 times (x 69B)
Class com.android.build.gradle.internal.variant.DefaultBuildTypeComparator            : loaded 2 times (x 88B)
Class com.android.build.gradle.internal.tasks.ListingFileRedirectTask$CreationAction$handleProvider$1: loaded 2 times (x 125B)
Class com.android.build.gradle.internal.ide.v2.NativeModelBuilder$ops$1               : loaded 2 times (x 74B)
Class com.google.wireless.android.sdk.stats.ProjectApiUse                             : loaded 2 times (x 194B)
Class com.android.build.gradle.internal.res.Aapt2FromMaven$Companion$create$aapt2Directory$1$1: loaded 2 times (x 72B)
Class org.jetbrains.kotlin.metadata.jvm.deserialization.JvmMemberSignature            : loaded 2 times (x 72B)
Class com.sun.xml.bind.v2.model.impl.MapPropertyInfoImpl                              : loaded 2 times (x 117B)
Class com.android.build.gradle.internal.tasks.MergeNativeLibsTask$CreationAction$handleProvider$1: loaded 2 times (x 125B)
Class com.android.build.gradle.internal.publishing.AndroidArtifacts$PublishedConfigType: loaded 2 times (x 77B)
Class [Lcom.android.prefs.Global;                                                     : loaded 2 times (x 67B)
Class [Lcom.android.tools.build.gradle.internal.profile.BooleanOption;                : loaded 2 times (x 67B)
Class org.jetbrains.kotlin.compilerRunner.GradleCompilerRunner                        : loaded 2 times (x 71B)
Class com.google.common.collect.MapMakerInternalMap$WeakValueReference                : loaded 2 times (x 68B)
Class org.jetbrains.kotlin.gradle.tasks.CacheableTasksKt$sam$org_gradle_api_specs_Spec$0: loaded 2 times (x 73B)
Class com.android.build.gradle.internal.SdkComponentsBuildService$sdkSourceSet$2      : loaded 2 times (x 77B)
Class com.android.build.gradle.internal.lint.LintTaskManager$createLintTasks$variantLintTask$1$1: loaded 2 times (x 73B)
Class com.android.build.gradle.internal.tasks.MergeNativeLibsTask$CreationAction$handleProvider$2: loaded 2 times (x 125B)
Class com.android.build.gradle.internal.tasks.ValidateResourcesTask                   : loaded 2 times (x 323B)
Class com.android.build.gradle.internal.dsl.DexPackagingImpl$AgpDecorated             : loaded 2 times (x 81B)
Class com.google.protobuf.Descriptors$DescriptorPool$SearchFilter                     : loaded 2 times (x 77B)
Class [Lcom.google.protobuf.Descriptors$FieldDescriptor;                              : loaded 2 times (x 67B)
Class org.jetbrains.kotlin.metadata.ProtoBuf$ValueParameter$1                         : loaded 2 times (x 142B)
Class com.android.build.gradle.internal.lint.SystemPropertyInputs$initialize$1        : loaded 2 times (x 72B)
Class com.google.wireless.android.sdk.stats.GradleBuildProject$1                      : loaded 2 times (x 74B)
Class com.android.build.api.dsl.AndroidSourceSet                                      : loaded 2 times (x 68B)
Class com.google.protobuf.GeneratedMessageV3$Builder$BuilderParentImpl                : loaded 2 times (x 76B)
Class com.android.build.gradle.internal.lint.SystemPropertyInputs$initialize$2        : loaded 2 times (x 72B)
Class com.android.repository.api.SchemaModule$SchemaModuleVersion                     : loaded 2 times (x 74B)
Class com.sun.xml.bind.v2.model.annotation.XmlEnumQuick                               : loaded 2 times (x 89B)
Class com.android.repository.impl.meta.RepoPackageImpl                                : loaded 2 times (x 112B)
Class com.android.build.api.component.analytics.AnalyticsEnabledApplicationVariant_Decorated: loaded 2 times (x 272B)
Class com.android.build.api.variant.impl.VariantOutputImpl                            : loaded 2 times (x 80B)
Class com.android.build.gradle.internal.core.dsl.impl.features.NativeBuildDslInfoImpl : loaded 2 times (x 78B)
Class com.android.build.api.variant.TestedApkPackaging                                : loaded 2 times (x 68B)
Class org.jetbrains.kotlin.gradle.dsl.KotlinMultiplatformExtension                    : loaded 2 times (x 468B)
Class [Lcom.google.protobuf.Descriptors$GenericDescriptor;                            : loaded 2 times (x 67B)
Class com.google.protobuf.AbstractMessage$Builder                                     : loaded 2 times (x 255B)
Class org.jetbrains.kotlin.config.LanguageVersionSettings                             : loaded 2 times (x 68B)
Class org.jetbrains.kotlin.load.kotlin.KotlinJvmBinaryClass$AnnotationVisitor         : loaded 2 times (x 68B)
Class com.android.build.gradle.internal.tasks.LibraryAarJarsTask_Decorated            : loaded 2 times (x 388B)
Class com.android.build.api.variant.TestComponent                                     : loaded 2 times (x 68B)
Class com.android.build.gradle.internal.core.dsl.impl.features.DeviceTestOptionsDslInfoImpl: loaded 2 times (x 83B)
Class com.android.build.api.extension.impl.OperationsRegistrar                        : loaded 2 times (x 70B)
Class com.android.build.gradle.internal.dsl.AnnotationProcessorOptions                : loaded 2 times (x 100B)
Class com.google.wireless.android.sdk.stats.GradleTaskExecution                       : loaded 2 times (x 202B)
Class com.android.builder.profile.AnalyticsProfileWriter$Companion                    : loaded 2 times (x 69B)
Class com.google.common.io.Closer$SuppressingSuppressor                               : loaded 2 times (x 73B)
Class com.sun.xml.bind.v2.runtime.InternalBridge                                      : loaded 2 times (x 85B)
Class com.android.build.gradle.tasks.ProcessLibraryManifest$CreationAction            : loaded 2 times (x 88B)
Class com.android.build.gradle.internal.plugins.BasePlugin$createTasks$1              : loaded 2 times (x 73B)
Class com.android.build.gradle.internal.dsl.LintImpl$severities$2                     : loaded 2 times (x 77B)
Class com.google.protobuf.FieldSet                                                    : loaded 2 times (x 70B)
Class com.google.common.collect.MapMakerInternalMap$StrongValueEntry                  : loaded 2 times (x 68B)
Class com.android.repository.impl.generated.generic.v1.ObjectFactory                  : loaded 2 times (x 73B)
Class com.android.build.api.variant.impl.FileBasedFileEntry                           : loaded 2 times (x 77B)
Class com.android.build.api.artifact.SingleArtifact$METADATA_LIBRARY_DEPENDENCIES_REPORT: loaded 2 times (x 72B)
Class com.google.gson.JsonPrimitive                                                   : loaded 2 times (x 91B)
Class com.android.build.gradle.internal.plugins.BasePlugin$createTasks$2              : loaded 2 times (x 75B)
Class com.android.build.api.dsl.PostProcessing                                        : loaded 2 times (x 68B)
Class com.android.build.gradle.internal.utils.AnalyticsEnabledValueSource$Params_Decorated: loaded 2 times (x 132B)
Class javax.xml.bind.annotation.DomHandler                                            : loaded 2 times (x 68B)
Class com.android.build.gradle.internal.SdkComponentsBuildService$VersionedSdkLoader$additionalLibrariesProvider$1: loaded 2 times (x 73B)
Class com.android.build.gradle.internal.scope.InternalArtifactType$NAVIGATION_JSON_FOR_AAR: loaded 2 times (x 72B)
Class com.google.gson.internal.ObjectConstructor                                      : loaded 2 times (x 68B)
Class org.jetbrains.kotlin.gradle.plugin.KotlinGradleBuildServices                    : loaded 2 times (x 78B)
Class com.google.protobuf.DescriptorProtos$FileDescriptorProto$Builder                : loaded 2 times (x 338B)
Class com.google.protobuf.AbstractMessageLite$Builder$LimitedInputStream              : loaded 2 times (x 90B)
Class com.android.build.gradle.internal.services.VersionedSdkLoaderService            : loaded 2 times (x 70B)
Class com.android.build.gradle.internal.lint.KotlinCompilationWrapper                 : loaded 2 times (x 70B)
Class com.android.build.api.variant.impl.MultiOutputHandlerImplBase                   : loaded 2 times (x 93B)
Class com.google.gson.Gson                                                            : loaded 2 times (x 70B)
Class com.android.build.api.component.impl.AnnotationProcessorImpl                    : loaded 2 times (x 75B)
Class com.android.build.gradle.internal.dsl.AdbOptions                                : loaded 2 times (x 90B)
Class com.android.build.gradle.internal.dsl.BundleOptionsTexture                      : loaded 2 times (x 79B)
Class com.android.build.api.component.impl.OldVariantApiLegacySupportImpl             : loaded 2 times (x 87B)
Class com.android.build.gradle.internal.tasks.factory.features.AndroidResourcesTaskCreationActionImpl: loaded 2 times (x 73B)
Class org.jetbrains.kotlin.metadata.jvm.deserialization.JvmMemberSignature$Method     : loaded 2 times (x 73B)
Class org.jetbrains.kotlin.compilerRunner.CompilerSystemPropertiesService$Companion   : loaded 2 times (x 69B)
Class com.android.build.gradle.tasks.MergeResources$Flag                              : loaded 2 times (x 77B)
Class com.android.build.gradle.internal.lint.AndroidLintGlobalTask$BaseGlobalCreationAction: loaded 2 times (x 91B)
Class org.gradle.internal.InternalTransformer                                         : loaded 2 times (x 68B)
Class com.google.common.collect.AbstractMapBasedMultimap$AsMap$AsMapEntries           : loaded 2 times (x 136B)
Class com.android.build.gradle.internal.lint.SourceProviderInput                      : loaded 2 times (x 85B)
Class org.jetbrains.kotlin.gradle.tasks.configuration.AbstractKotlinCompileConfig$4$2$1: loaded 2 times (x 73B)
Class com.sun.xml.bind.api.AccessorException                                          : loaded 2 times (x 80B)
Class com.android.build.api.variant.impl.JniLibsPackagingImpl$keepDebugSymbols$1      : loaded 2 times (x 73B)
Class com.android.build.gradle.internal.core.dsl.impl.SigningConfigResolver           : loaded 2 times (x 70B)
Class com.sun.xml.bind.v2.model.impl.AttributePropertyInfoImpl$1                      : loaded 2 times (x 69B)
Class com.android.build.gradle.internal.core.dsl.impl.ComponentDslInfoImpl$mergedFlavor$2: loaded 2 times (x 77B)
Class com.android.build.gradle.internal.dsl.ApplicationAndroidResourcesImpl$AgpDecorated_Decorated: loaded 2 times (x 184B)
Class com.google.protobuf.ExtensionRegistry$ExtensionInfo                             : loaded 2 times (x 70B)
Class com.android.build.gradle.internal.plugins.LibraryPlugin                         : loaded 2 times (x 94B)
Class com.android.build.gradle.internal.dsl.BaseAppModuleExtension                    : loaded 2 times (x 441B)
Class com.android.build.gradle.internal.utils.HasConfigurableValuesKt                 : loaded 2 times (x 69B)
Class com.android.build.gradle.tasks.MergeSourceSetFolders$MergeJniLibFoldersCreationAction: loaded 2 times (x 89B)
Class com.android.build.gradle.internal.core.dsl.impl.AndroidTestComponentDslInfoImpl : loaded 2 times (x 149B)
Class com.google.protobuf.AbstractMessage$BuilderParent                               : loaded 2 times (x 68B)
Class com.android.ide.common.signing.KeystoreHelper                                   : loaded 2 times (x 69B)
Class org.jetbrains.kotlin.gradle.internal.transforms.ClasspathEntrySnapshotTransform$Parameters: loaded 2 times (x 71B)
Class com.google.wireless.android.sdk.stats.GradleBuildVariant$DexMergerTool          : loaded 2 times (x 85B)
Class org.jetbrains.kotlin.gradle.dsl.JvmTarget$Companion                             : loaded 2 times (x 69B)
Class com.android.builder.model.Dependencies                                          : loaded 2 times (x 68B)
Class user_agent_6qc1bp7kvbhs8ioaf48wg1siq$_run_closure1$_closure2                    : loaded 2 times (x 138B)
Class org.jetbrains.org.objectweb.asm.ClassVisitor                                    : loaded 2 times (x 85B)
Class com.android.build.api.component.impl.features.ManifestPlaceholdersCreationConfigImpl$placeholders$2: loaded 2 times (x 77B)
Class org.jetbrains.kotlin.gradle.tasks.configuration.AbstractKotlinCompileConfig$sam$org_gradle_api_Transformer$0: loaded 2 times (x 73B)
Class com.android.repository.impl.generated.v2.ObjectFactory                          : loaded 2 times (x 106B)
Class com.android.build.gradle.internal.services.Aapt2Input_Decorated                 : loaded 2 times (x 147B)
Class com.android.build.gradle.internal.HostTestTaskManager$setupAssembleAndJavaCompilationTasks$1: loaded 2 times (x 73B)
Class com.android.build.gradle.internal.tasks.BundleToApkTask                         : loaded 2 times (x 326B)
Class com.android.build.gradle.internal.core.dsl.features.AndroidResourcesDslInfo     : loaded 2 times (x 68B)
Class com.android.build.api.variant.CodeTransparency                                  : loaded 2 times (x 68B)
Class org.jetbrains.kotlin.gradle.testing.internal.KotlinTestsRegistry$Companion      : loaded 2 times (x 69B)
Class org.gradle.internal.service.ServiceLocator                                      : loaded 2 times (x 68B)
Class com.android.builder.core.ComponentTypeImpl                                      : loaded 2 times (x 103B)
Class com.google.common.hash.Hashing                                                  : loaded 2 times (x 69B)
Class com.google.wireless.android.sdk.stats.GradleTaskExecution$1                     : loaded 2 times (x 149B)
Class com.android.build.gradle.internal.tasks.BundleLibraryClassesDir$CreationAction  : loaded 2 times (x 88B)
Class com.android.build.gradle.internal.HostTestTaskManager$setupAssembleAndJavaCompilationTasks$2: loaded 2 times (x 73B)
Class com.android.build.api.variant.impl.SigningConfigImpl$enableV4Signing$1          : loaded 2 times (x 73B)
Class com.android.build.gradle.internal.tasks.MergeGeneratedProguardFilesCreationAction$Companion: loaded 2 times (x 69B)
Class [Lcom.android.build.gradle.internal.scope.Java8LangSupport;                     : loaded 2 times (x 67B)
Class com.android.build.gradle.internal.core.dsl.impl.ApplicationVariantDslInfoImpl$versionCode$2$2: loaded 2 times (x 73B)
Class com.android.build.gradle.internal.core.Abi                                      : loaded 2 times (x 77B)
Class com.android.build.gradle.options.FeatureStage$Removed                           : loaded 2 times (x 70B)
Class com.android.build.gradle.internal.dsl.InstrumentationImpl                       : loaded 2 times (x 75B)
Class org.jetbrains.kotlin.gradle.plugin.statistics.KotlinBuildStatHandler$report$1   : loaded 2 times (x 77B)
Class org.jetbrains.kotlin.build.report.metrics.BuildMetricsReporterImpl              : loaded 2 times (x 82B)
Class com.sun.xml.bind.v2.runtime.reflect.Utils$1                                     : loaded 2 times (x 75B)
Class com.android.build.gradle.internal.tasks.FinalizeBundleTask$CreationAction$handleProvider$bundleNameProvider$1: loaded 2 times (x 73B)
Class com.google.gson.internal.bind.JsonAdapterAnnotationTypeAdapterFactory           : loaded 2 times (x 73B)
Class com.android.build.gradle.internal.core.dsl.impl.AndroidTestComponentDslInfoImpl$namespace$2: loaded 2 times (x 77B)
Class org.jetbrains.kotlin.gradle.plugin.VariantImplementationFactories               : loaded 2 times (x 74B)
Class com.android.build.gradle.internal.ide.v2.NativeModelBuilder$scopes$2            : loaded 2 times (x 77B)
Class com.android.build.api.dsl.AarMetadata                                           : loaded 2 times (x 68B)
Class user_agent_3qtthdpp706br53fmjmmslv4c$_run_closure1                              : loaded 2 times (x 138B)
Class com.android.build.gradle.internal.core.dsl.impl.SigningConfigResolver$Companion : loaded 2 times (x 69B)
Class com.android.builder.files.SerializableFileChanges                               : loaded 2 times (x 70B)
Class com.android.build.api.artifact.impl.InAndOutDirectoryOperationRequestImpl$Companion$initializeInput$1: loaded 2 times (x 73B)
Class com.android.build.api.component.impl.ComponentImpl$privacySandboxCreationConfig$2: loaded 2 times (x 77B)
Class org.jetbrains.kotlin.gradle.utils.MutableObservableSetImpl                      : loaded 2 times (x 161B)
Class org.jetbrains.kotlin.gradle.plugin.statistics.KotlinBuildStatHandler$report$3   : loaded 2 times (x 77B)
Class user_agent_8d2i2yrl2y64c38836uzz680q$_run_closure1                              : loaded 2 times (x 138B)
Class net.rubygrapefruit.platform.internal.Platform$Linux                             : loaded 2 times (x 81B)
Class com.android.build.gradle.internal.AndroidJarInput$getAndroidJar$1               : loaded 2 times (x 72B)
Class org.jetbrains.kotlin.gradle.plugin.CompilerPluginConfig                         : loaded 2 times (x 70B)
Class com.android.build.gradle.tasks.MergeSourceSetFolders$LibraryAssetCreationAction : loaded 2 times (x 89B)
Class org.jetbrains.kotlin.gradle.incremental.IncrementalModuleInfoBuildService$Companion: loaded 2 times (x 69B)
Class com.android.build.gradle.tasks.factory.AndroidUnitTest$CreationAction           : loaded 2 times (x 89B)
Class com.android.build.gradle.internal.tasks.MergeStartupProfileTask                 : loaded 2 times (x 324B)
Class com.android.build.gradle.internal.scope.InternalArtifactType$SIGNING_CONFIG_VERSIONS: loaded 2 times (x 72B)
Class com.android.build.gradle.tasks.ProcessPackagedManifestTask$CreationAction       : loaded 2 times (x 88B)
Class org.jetbrains.kotlin.gradle.report.ReportingSettings                            : loaded 2 times (x 70B)
Class com.android.build.gradle.tasks.ProcessTestManifest$CreationAction$handleProvider$2: loaded 2 times (x 125B)
Class com.sun.xml.bind.v2.runtime.property.ArrayElementProperty                       : loaded 2 times (x 103B)
Class javax.xml.bind.annotation.adapters.CollapsedStringAdapter                       : loaded 2 times (x 73B)
Class com.android.tools.build.jetifier.processor.transform.proguard.patterns.GroupsReplacer: loaded 2 times (x 70B)
Class [Lorg.jetbrains.kotlin.statistics.metrics.NumericalMetrics;                     : loaded 2 times (x 67B)
Class com.android.build.gradle.internal.core.ExecutionProfileOptions                  : loaded 2 times (x 70B)
Class com.google.common.annotations.VisibleForTesting                                 : loaded 2 times (x 68B)
Class org.jetbrains.org.objectweb.asm.MethodVisitor                                   : loaded 2 times (x 102B)
Class com.google.common.collect.ImmutableRangeSet$1                                   : loaded 2 times (x 169B)
Class com.android.build.gradle.tasks.ManifestProcessorTask$Companion                  : loaded 2 times (x 69B)
Class com.sun.xml.bind.v2.model.annotation.XmlAttributeQuick                          : loaded 2 times (x 91B)
Class com.android.build.gradle.internal.scope.InternalArtifactType$PUBLIC_RES         : loaded 2 times (x 72B)
Class com.android.build.gradle.internal.feature.BundleAllClasses                      : loaded 2 times (x 324B)
Class com.android.build.api.variant.impl.JniLibsApkPackagingImpl                      : loaded 2 times (x 84B)
Class org.jetbrains.kotlin.gradle.plugin.mpp.AbstractKotlinTarget$kotlinComponents$2  : loaded 2 times (x 77B)
Class com.android.build.gradle.internal.dsl.ApplicationPublishingImpl$AgpDecorated    : loaded 2 times (x 84B)
Class com.android.build.gradle.internal.dsl.CmakeOptions$AgpDecorated_Decorated       : loaded 2 times (x 148B)
Class com.android.build.gradle.internal.services.LintClassLoaderBuildService          : loaded 2 times (x 78B)
Class com.android.build.gradle.internal.tasks.featuresplit.PackagedDependenciesWriterTask$CreationAction: loaded 2 times (x 88B)
Class com.sun.xml.bind.v2.model.core.TypeRef                                          : loaded 2 times (x 68B)
Class com.android.build.gradle.internal.SdkComponentsBuildService$VersionedSdkLoader$sdkSetupCorrectly$1: loaded 2 times (x 73B)
Class com.android.build.gradle.internal.scope.InternalArtifactType$DATA_BINDING_ARTIFACT: loaded 2 times (x 72B)
Class com.android.build.gradle.tasks.PackageAndroidArtifact                           : loaded 2 times (x 356B)
Class com.android.build.gradle.options.Option$Status$EXPERIMENTAL                     : loaded 2 times (x 69B)
Class com.android.build.gradle.internal.component.ApkCreationConfig                   : loaded 2 times (x 68B)
Class net.rubygrapefruit.platform.NativeException                                     : loaded 2 times (x 80B)
Class com.android.build.gradle.tasks.RenderscriptCompile                              : loaded 2 times (x 339B)
Class net.rubygrapefruit.platform.Native                                              : loaded 2 times (x 69B)
Class org.jetbrains.kotlin.metadata.jvm.JvmProtoBuf$StringTableTypes$RecordOrBuilder  : loaded 2 times (x 68B)
Class com.google.common.io.Files$2                                                    : loaded 2 times (x 74B)
Class [Lcom.google.protobuf.Descriptors$FieldDescriptor$JavaType;                     : loaded 2 times (x 67B)
Class com.google.wireless.android.sdk.stats.GradleBuildVariant$DexBuilderTool         : loaded 2 times (x 85B)
Class com.android.build.api.component.impl.DeviceTestImpl$buildConfigFields$2         : loaded 2 times (x 77B)
Class com.android.build.gradle.internal.packaging.GradleKeystoreHelper                : loaded 2 times (x 69B)
Class com.android.build.gradle.internal.ide.dependencies.MavenCoordinatesCacheBuildService$Parameters_Decorated: loaded 2 times (x 132B)
Class com.sun.xml.bind.v2.model.core.Element                                          : loaded 2 times (x 68B)
Class com.sun.xml.bind.unmarshaller.InfosetScanner                                    : loaded 2 times (x 68B)
Class com.android.build.gradle.internal.scope.InternalArtifactType                    : loaded 2 times (x 72B)
Class com.android.build.gradle.tasks.ProcessTestManifest$CreationAction$handleProvider$1: loaded 2 times (x 125B)
Class com.android.build.gradle.internal.services.RunOnceBuildService                  : loaded 2 times (x 68B)
Class com.android.build.gradle.AppPlugin                                              : loaded 2 times (x 74B)
Class org.jetbrains.kotlin.metadata.ProtoBuf$Annotation$Argument$1                    : loaded 2 times (x 142B)
Class com.android.build.gradle.internal.tasks.DexArchiveBuilderTask$CreationAction    : loaded 2 times (x 91B)
Class com.android.build.api.artifact.OutOperationRequest                              : loaded 2 times (x 68B)
Class com.android.build.gradle.internal.variant.VariantPathHelper$buildConfigSourceOutputDir$2: loaded 2 times (x 77B)
Class org.jetbrains.kotlin.metadata.ProtoBuf$FunctionOrBuilder                        : loaded 2 times (x 68B)
Class [Lcom.sun.xml.bind.v2.runtime.property.PropertyImpl;                            : loaded 2 times (x 67B)
Class com.sun.xml.bind.api.impl.NameConverter$Standard                                : loaded 2 times (x 91B)
Class com.sun.xml.bind.InternalAccessorFactory                                        : loaded 2 times (x 68B)
Class com.android.build.gradle.internal.tasks.factory.TaskFactoryUtils$dependsOn$7    : loaded 2 times (x 73B)
Class com.android.build.api.variant.impl.VariantBuilderImpl                           : loaded 2 times (x 132B)
Class com.android.build.api.dsl.TestOptions                                           : loaded 2 times (x 68B)
Class com.google.protobuf.DescriptorProtos$EnumValueOptionsOrBuilder                  : loaded 2 times (x 68B)
Class com.android.ide.common.resources.ResourceCompilationService                     : loaded 2 times (x 68B)
Class com.sun.xml.bind.v2.runtime.unmarshaller.ValuePropertyLoader                    : loaded 2 times (x 76B)
Class com.android.build.gradle.tasks.JavaCompileOptionsForRoom                        : loaded 2 times (x 73B)
Class org.jetbrains.kotlin.gradle.tasks.configuration.BaseKotlinCompileConfig$1       : loaded 2 times (x 77B)
Class com.android.build.api.variant.impl.ApplicationVariantImpl$addVariantOutput$1    : loaded 2 times (x 73B)
Class com.android.build.gradle.internal.services.TaskCreationServicesImpl             : loaded 2 times (x 100B)
Class com.google.common.base.Converter$IdentityConverter                              : loaded 2 times (x 88B)
Class net.rubygrapefruit.platform.internal.Platform$Window32Bit                       : loaded 2 times (x 77B)
Class com.android.build.gradle.tasks.ProcessApplicationManifest$CreationAction$configure$1: loaded 2 times (x 77B)
Class org.jetbrains.kotlin.build.report.metrics.BuildPerformanceMetric$Companion$children$2: loaded 2 times (x 76B)
Class com.sun.xml.bind.v2.model.annotation.AnnotationSource                           : loaded 2 times (x 68B)
Class org.jetbrains.kotlin.gradle.tasks.configuration.BaseKotlinCompileConfig$2       : loaded 2 times (x 77B)
Class org.jetbrains.kotlin.protobuf.Internal$EnumLiteMap                              : loaded 2 times (x 68B)
Class com.google.common.io.ByteStreams                                                : loaded 2 times (x 69B)
Class org.jetbrains.kotlin.gradle.internal.StdlibDependencyManagementKt$sam$org_gradle_api_Transformer$0: loaded 2 times (x 73B)
Class org.jetbrains.kotlin.gradle.plugin.mpp.compilationImpl.KotlinCompilationSourceSetsContainer: loaded 2 times (x 68B)
Class com.android.build.gradle.internal.tasks.R8Task$CreationAction$handleProvider$10 : loaded 2 times (x 125B)
Class com.android.build.gradle.internal.tasks.PrepareLintJarForPublish$CreationAction$handleProvider$1: loaded 2 times (x 125B)
Class com.android.build.api.variant.SigningConfig                                     : loaded 2 times (x 68B)
Class com.android.build.gradle.internal.variant.ApplicationVariantData                : loaded 2 times (x 74B)
Class com.android.build.gradle.tasks.ProcessApplicationManifest$CreationAction$configure$3: loaded 2 times (x 76B)
Class javax.xml.bind.ValidationEvent                                                  : loaded 2 times (x 68B)
Class com.android.build.gradle.internal.SdkLibDataFactory                             : loaded 2 times (x 70B)
Class com.android.build.api.artifact.impl.InAndOutDirectoryOperationRequestImpl$Companion$initializeInput$1$1: loaded 2 times (x 73B)
Class org.jetbrains.kotlin.gradle.plugin.SubpluginEnvironment                         : loaded 2 times (x 70B)
Class org.jetbrains.kotlin.gradle.incremental.UsesIncrementalModuleInfoBuildService   : loaded 2 times (x 68B)
Class com.android.build.gradle.internal.scope.InternalArtifactType$ANDROID_TEST_LINT_MODEL: loaded 2 times (x 72B)
Class com.android.build.gradle.internal.tasks.R8Task$CreationAction$handleProvider$11 : loaded 2 times (x 125B)
Class com.android.build.gradle.internal.component.DynamicFeatureCreationConfig        : loaded 2 times (x 68B)
Class com.android.build.api.component.impl.ModelV1LegacySupportImpl                   : loaded 2 times (x 75B)
Class org.jetbrains.kotlin.gradle.plugin.KotlinPluginWrapperKt$kotlinPluginVersionFromResources$1: loaded 2 times (x 76B)
Class com.google.protobuf.DescriptorProtos$UninterpretedOptionOrBuilder               : loaded 2 times (x 68B)
Class com.sun.xml.bind.v2.util.ByteArrayOutputStreamEx                                : loaded 2 times (x 92B)
Class org.jetbrains.kotlin.gradle.plugin.statistics.DaemonReuseCounter$Companion      : loaded 2 times (x 69B)
Class com.android.build.gradle.internal.dependency.LibrarySymbolTableTransform$Inject1: loaded 2 times (x 107B)
Class com.android.build.api.variant.impl.SigningConfigImpl$keyAlias$1                 : loaded 2 times (x 73B)
Class org.jetbrains.kotlin.gradle.plugin.sources.android.KotlinAndroidSourceSetLayoutKt: loaded 2 times (x 69B)
Class org.jetbrains.kotlin.gradle.utils.CompatibilityKt                               : loaded 2 times (x 69B)
Class org.jetbrains.kotlin.metadata.ProtoBuf$ContractOrBuilder                        : loaded 2 times (x 68B)
Class com.sun.istack.FinalArrayList                                                   : loaded 2 times (x 169B)
Class FlutterTask                                                                     : loaded 2 times (x 402B)
Class com.android.build.gradle.internal.services.BuildServicesKt$getBuildService$1    : loaded 2 times (x 73B)
Class [Lcom.android.build.gradle.internal.errors.DeprecationReporter$DeprecationTarget;: loaded 2 times (x 67B)
Class org.jetbrains.kotlin.gradle.plugin.mpp.JointAndroidKotlinTargetComponent        : loaded 2 times (x 95B)
Class org.objectweb.asm.signature.SignatureVisitor                                    : loaded 2 times (x 85B)
Class com.google.wireless.android.sdk.stats.GradleBuildProject$GradlePlugin           : loaded 2 times (x 85B)
Class com.android.sdklib.repository.targets.OptionalLibraryImpl                       : loaded 2 times (x 82B)
Class com.android.sdklib.repository.generated.sysimg.v4.SysImgDetailsType             : loaded 2 times (x 132B)
Class com.android.build.api.variant.impl.LibraryVariantImpl$targetSdk$2               : loaded 2 times (x 77B)
Class com.android.build.gradle.internal.dependency.MockableJarTransform               : loaded 2 times (x 76B)
Class com.android.build.gradle.internal.tasks.PackageBundleTask$CreationAction        : loaded 2 times (x 88B)
Class com.android.build.api.attributes.BuildTypeAttr                                  : loaded 2 times (x 68B)
Class org.jetbrains.kotlin.gradle.plugin.sources.FragmentConsistencyChecker           : loaded 2 times (x 70B)
Class org.jetbrains.kotlin.gradle.tasks.KotlinTasksProvider                           : loaded 2 times (x 70B)
Class com.google.wireless.android.sdk.stats.GradleBuildProject$PluginType$1           : loaded 2 times (x 74B)
Class com.sun.xml.bind.v2.runtime.property.PropertyFactory$1                          : loaded 2 times (x 69B)
Class org.jetbrains.kotlin.name.Name                                                  : loaded 2 times (x 73B)
Class com.android.build.gradle.internal.lint.AndroidLintAnalysisTask$VariantCreationAction$configure$1: loaded 2 times (x 77B)
Class com.sun.xml.bind.v2.model.core.ClassInfo                                        : loaded 2 times (x 68B)
Class javax.xml.bind.annotation.XmlNsForm                                             : loaded 2 times (x 77B)
Class [Lcom.android.builder.dexing.DexingType;                                        : loaded 2 times (x 67B)
Class FlutterExtension                                                                : loaded 2 times (x 89B)
Class com.android.build.gradle.internal.dsl.TestOptions                               : loaded 2 times (x 122B)
Class com.android.repository.impl.manager.RepoManagerImpl                             : loaded 2 times (x 94B)
Class com.android.build.gradle.internal.dependency.LibrarySymbolTableTransform        : loaded 2 times (x 76B)
Class com.android.build.gradle.internal.dsl.ResourcesPackagingImpl$AgpDecorated_Decorated: loaded 2 times (x 131B)
Class org.jetbrains.kotlin.metadata.ProtoBuf$VersionRequirement$VersionKind$1         : loaded 2 times (x 72B)
Class com.android.build.gradle.internal.tasks.InstallVariantTask                      : loaded 2 times (x 332B)
Class com.android.build.gradle.internal.scope.InternalArtifactType$MERGED_RES_BLAME_FOLDER: loaded 2 times (x 72B)
Class com.android.build.gradle.internal.SdkComponentsBuildService$Parameters_Decorated: loaded 2 times (x 153B)
Class com.android.build.gradle.internal.variant.AbstractAppVariantFactory             : loaded 2 times (x 106B)
Class com.android.sdklib.repository.generated.common.v2.IdDisplayType                 : loaded 2 times (x 81B)
Class com.android.build.gradle.tasks.ResourceException                                : loaded 2 times (x 80B)
Class org.jetbrains.kotlin.gradle.utils.RunProjectConfigurationHealthCheckKt          : loaded 2 times (x 69B)
Class org.jetbrains.kotlin.gradle.plugin.AndroidProjectHandlerKt$sam$org_gradle_api_Action$0: loaded 2 times (x 73B)
Class com.google.common.collect.MapMaker                                              : loaded 2 times (x 70B)
Class com.android.build.gradle.internal.core.dsl.features.PrivacySandboxDslInfo       : loaded 2 times (x 68B)
Class com.google.protobuf.GeneratedMessageV3$Builder                                  : loaded 2 times (x 274B)
Class com.android.build.gradle.internal.core.dsl.AndroidTestComponentDslInfo          : loaded 2 times (x 68B)
Class org.jetbrains.org.objectweb.asm.tree.LookupSwitchInsnNode                       : loaded 2 times (x 76B)
Class com.android.build.api.variant.VariantExtensionConfig                            : loaded 2 times (x 68B)
Class com.android.repository.impl.generated.v2.ArchivesType                           : loaded 2 times (x 73B)
Class com.android.repository.impl.generated.v1.ChannelRefType                         : loaded 2 times (x 75B)
Class com.android.builder.sdk.SdkLibData                                              : loaded 2 times (x 75B)
Class com.android.build.gradle.internal.publishing.PublishingSpecs$Companion          : loaded 2 times (x 69B)
Class com.android.build.gradle.internal.SdkComponentsBuildService$Parameters$Inject   : loaded 2 times (x 118B)
Class com.android.build.api.variant.impl.DirectoryEntries                             : loaded 2 times (x 70B)
Class org.jetbrains.kotlin.gradle.targets.js.npm.SemVer                               : loaded 2 times (x 73B)
Class com.android.build.gradle.internal.dsl.BundleOptionsCountrySet$AgpDecorated_Decorated: loaded 2 times (x 132B)
Class com.android.build.gradle.internal.CompileOptions$AgpDecorated_Decorated         : loaded 2 times (x 148B)
Class com.android.build.gradle.internal.dsl.decorator.DslDecorator$ManagedProperty    : loaded 2 times (x 70B)
Class [Lcom.google.wireless.android.sdk.stats.GradleBuildVariant$Java8LangSupport;    : loaded 2 times (x 67B)
Class org.jetbrains.org.objectweb.asm.tree.AnnotationNode                             : loaded 2 times (x 77B)
Class com.android.tools.lint.model.LintModelJavaArtifact                              : loaded 2 times (x 68B)
Class com.android.build.gradle.internal.services.BaseServices                         : loaded 2 times (x 68B)
Class com.android.build.api.component.impl.DefaultSourcesProviderImpl                 : loaded 2 times (x 87B)
Class org.jetbrains.org.objectweb.asm.ModuleVisitor                                   : loaded 2 times (x 78B)
Class com.sun.xml.bind.v2.runtime.property.ValueProperty                              : loaded 2 times (x 100B)
Class com.android.build.gradle.internal.scope.BuildArtifactType                       : loaded 2 times (x 72B)
Class com.google.gson.internal.bind.TypeAdapters$10                                   : loaded 2 times (x 73B)
Class com.android.build.gradle.internal.lint.AndroidLintGlobalTask$UpdateBaselineCreationAction$Companion: loaded 2 times (x 69B)
Class com.android.build.api.artifact.impl.ArtifactsImpl$2$1                           : loaded 2 times (x 78B)
Class com.android.build.api.dsl.TestProductFlavor                                     : loaded 2 times (x 68B)
Class com.google.gson.internal.bind.TypeAdapters$11                                   : loaded 2 times (x 73B)
Class FlutterPlugin$_apply_closure8$_closure36                                        : loaded 2 times (x 133B)
Class org.jetbrains.kotlin.gradle.tooling.IncludeKotlinToolingMetadataInApkKt$sam$org_gradle_api_Action$0: loaded 2 times (x 73B)
Class com.android.build.gradle.internal.tasks.factory.GlobalTaskCreationConfigImpl$Companion: loaded 2 times (x 69B)
Class com.android.build.gradle.internal.dsl.DependenciesInfoImpl$AgpDecorated_Decorated: loaded 2 times (x 132B)
Class com.google.common.collect.ImmutableMultiset                                     : loaded 2 times (x 161B)
Class com.android.tools.lint.model.LintModelAndroidArtifact                           : loaded 2 times (x 68B)
Class org.jetbrains.kotlin.gradle.plugin.mpp.compilationImpl.factory.KotlinJvmCompilerOptionsFactory$create$compilerOptions$1: loaded 2 times (x 75B)
Class com.google.gson.internal.bind.TypeAdapters$12                                   : loaded 2 times (x 73B)
Class FlutterPlugin$_apply_closure8$_closure37                                        : loaded 2 times (x 134B)
Class org.jetbrains.kotlin.gradle.dsl.KotlinJvmCompilerOptions                        : loaded 2 times (x 68B)
Class com.android.build.gradle.internal.api.artifact.SourceArtifactType$RENDERSCRIPT  : loaded 2 times (x 72B)
Class org.jetbrains.kotlin.gradle.incremental.IncrementalModuleInfoBuildService$Companion$registerIfAbsent$2$1: loaded 2 times (x 77B)
Class org.jetbrains.kotlin.util.ModuleVisibilityHelper                                : loaded 2 times (x 68B)
Class org.jetbrains.kotlin.gradle.internal.StdlibDependencyManagementKt$isStdlibAddedByUser$1: loaded 2 times (x 77B)
Class com.android.sdklib.repository.generated.addon.v2.MavenType                      : loaded 2 times (x 78B)
Class com.google.gson.internal.bind.TypeAdapters$13                                   : loaded 2 times (x 73B)
Class org.jetbrains.kotlin.gradle.dsl.KotlinCommonToolOptions                         : loaded 2 times (x 68B)
Class [Lcom.google.common.collect.MapMakerInternalMap$Segment;                        : loaded 2 times (x 67B)
Class com.android.build.gradle.internal.plugins.AndroidPluginBaseServices             : loaded 2 times (x 76B)
Class [Lorg.objectweb.asm.Label;                                                      : loaded 2 times (x 67B)
Class org.jetbrains.kotlin.gradle.internal.StdlibDependencyManagementKt$isStdlibAddedByUser$2: loaded 2 times (x 76B)
Class com.sun.xml.bind.v2.runtime.property.ArrayERProperty$ItemsLoader                : loaded 2 times (x 76B)
Class com.sun.xml.bind.v2.model.nav.ReflectionNavigator$10                            : loaded 2 times (x 75B)
Class com.android.build.gradle.internal.scope.BuildArtifactType$JAVA_COMPILE_CLASSPATH: loaded 2 times (x 72B)
Class com.android.build.gradle.internal.cxx.logging.ThreadLoggingEnvironment          : loaded 2 times (x 80B)
Class com.android.build.gradle.internal.dependency.ProvidedClasspathSubtractor$fileToIds$1: loaded 2 times (x 77B)
Class com.google.gson.internal.bind.TypeAdapters$14                                   : loaded 2 times (x 73B)
Class com.google.gson.internal.sql.SqlTypesSupport                                    : loaded 2 times (x 69B)
Class com.android.build.api.variant.HasTestFixturesBuilder                            : loaded 2 times (x 68B)
Class org.gradle.internal.classpath.DefaultClassPath$ImmutableUniqueList              : loaded 2 times (x 159B)
Class org.jetbrains.kotlin.descriptors.Visibilities$Protected                         : loaded 2 times (x 77B)
Class com.google.wireless.android.sdk.stats.GradleBuildProject$GradlePlugin$1         : loaded 2 times (x 74B)
Class org.jetbrains.kotlin.gradle.plugin.mpp.compilationImpl.factory.ConfigurationNaming: loaded 2 times (x 68B)
Class com.google.gson.internal.bind.TypeAdapters$15                                   : loaded 2 times (x 73B)
Class com.android.build.gradle.internal.core.dsl.NestedComponentDslInfo               : loaded 2 times (x 68B)
Class org.jetbrains.kotlin.gradle.plugin.mpp.KotlinUsages$KotlinMetadataCompatibility : loaded 2 times (x 74B)
Class com.android.build.gradle.internal.dsl.PackagingOptions$AgpDecorated             : loaded 2 times (x 113B)
Class build_68i0zy58tqaqlpfp5jmiax7uv$_run_closure1$_closure2                         : loaded 2 times (x 137B)
Class jdk.internal.jimage.ImageBufferCache                                            : loaded 2 times (x 69B)
Class org.jetbrains.kotlin.protobuf.SmallSortedMap                                    : loaded 2 times (x 128B)
Class org.jetbrains.kotlin.load.kotlin.FileBasedKotlinClass                           : loaded 2 times (x 86B)
Class com.sun.xml.bind.v2.model.core.Ref                                              : loaded 2 times (x 70B)
Class com.android.build.api.artifact.SingleArtifact$PUBLIC_ANDROID_RESOURCES_LIST     : loaded 2 times (x 72B)
Class org.jetbrains.kotlin.gradle.plugin.mpp.compilationImpl.DefaultKotlinCompilationFriendPathsResolver$FriendArtifactResolver: loaded 2 times (x 68B)
Class com.android.build.gradle.internal.scope.InternalArtifactType$MERGED_JNI_LIBS    : loaded 2 times (x 72B)
Class com.google.gson.internal.bind.TypeAdapters$16                                   : loaded 2 times (x 73B)
Class com.android.build.gradle.internal.component.DeviceTestCreationConfig            : loaded 2 times (x 68B)
Class org.jetbrains.kotlin.gradle.plugin.KotlinGradleBuildServices$Inject             : loaded 2 times (x 98B)
Class com.android.build.gradle.internal.services.SymbolTableBuildService$RegistrationAction: loaded 2 times (x 72B)
Class com.android.build.gradle.internal.services.AndroidLocationsBuildService$AndroidDirectoryCreator$Params: loaded 2 times (x 68B)
Class build_68i0zy58tqaqlpfp5jmiax7uv$_run_closure1$_closure3                         : loaded 2 times (x 137B)
Class org.jetbrains.kotlin.statistics.metrics.SumMetricContainer                      : loaded 2 times (x 78B)
Class com.sun.xml.bind.v2.runtime.unmarshaller.UnmarshallingContext                   : loaded 2 times (x 101B)
Class com.android.sdklib.repository.generated.common.v3.ObjectFactory                 : loaded 2 times (x 73B)
Class com.google.gson.internal.bind.TypeAdapters$17                                   : loaded 2 times (x 73B)
Class org.bouncycastle.operator.OperatorException                                     : loaded 2 times (x 80B)
Class com.google.common.collect.UsingToStringOrdering                                 : loaded 2 times (x 112B)
Class com.android.build.gradle.internal.SdkLocator                                    : loaded 2 times (x 69B)
Class com.android.build.gradle.tasks.PackageAndroidArtifact$CreationAction$configure$1: loaded 2 times (x 73B)
Class com.android.build.gradle.tasks.CompileLibraryResourcesTask$CreationAction       : loaded 2 times (x 91B)
Class com.android.build.gradle.internal.res.ParseLibraryResourcesTask$CreateAction$handleProvider$1: loaded 2 times (x 125B)
Class com.android.build.gradle.tasks.GenerateResValues                                : loaded 2 times (x 323B)
Class com.google.gson.internal.bind.TypeAdapters$18                                   : loaded 2 times (x 73B)
Class [Lcom.google.gson.FieldNamingStrategy;                                          : loaded 2 times (x 67B)
Class org.jetbrains.kotlin.gradle.targets.js.npm.NpmDirectoryDependencyExtension      : loaded 2 times (x 68B)
Class org.jetbrains.kotlin.gradle.utils.GradleConfigurationUtilsKt                    : loaded 2 times (x 69B)
Class com.google.common.collect.ImmutableMultimap$1                                   : loaded 2 times (x 80B)
Class com.google.gson.internal.bind.TypeAdapters$19                                   : loaded 2 times (x 73B)
Class com.google.common.collect.ImmutableMultimap$2                                   : loaded 2 times (x 79B)
Class com.android.build.gradle.internal.SdkComponentsBuildService$Inject              : loaded 2 times (x 98B)
Class com.android.build.gradle.internal.tasks.CheckAarMetadataTask                    : loaded 2 times (x 332B)
Class com.google.gson.annotations.SerializedName                                      : loaded 2 times (x 68B)
Class com.android.sdklib.repository.meta.DetailsTypes$SysImgDetailsType               : loaded 2 times (x 68B)
Class com.android.build.gradle.internal.profile.AnalyticsConfiguratorService          : loaded 2 times (x 80B)
Class javax.xml.bind.annotation.XmlAttachmentRef                                      : loaded 2 times (x 68B)
Class com.android.build.gradle.internal.test.AbstractTestDataImpl$flavorName$1        : loaded 2 times (x 77B)
Class org.jetbrains.kotlin.gradle.plugin.VariantImplementationFactories$Companion$getProvider$2$1: loaded 2 times (x 77B)
Class com.google.protobuf.PrimitiveNonBoxingCollection                                : loaded 2 times (x 68B)
Class org.jetbrains.kotlin.protobuf.Parser                                            : loaded 2 times (x 68B)
Class org.jetbrains.kotlin.tooling.core.TypeUtils                                     : loaded 2 times (x 69B)
Class com.android.build.gradle.internal.dependency.ExtractJniTransform$Inject1        : loaded 2 times (x 107B)
Class com.android.build.gradle.internal.scope.InternalArtifactType$LINT_HTML_REPORT   : loaded 2 times (x 72B)
Class com.android.tools.build.jetifier.core.type.TypesMap                             : loaded 2 times (x 70B)
Class com.google.gson.internal.bind.ArrayTypeAdapter                                  : loaded 2 times (x 72B)
Class com.android.build.api.component.analytics.AnalyticsEnabledTestComponent         : loaded 2 times (x 116B)
Class com.android.build.gradle.internal.core.MergedExternalNativeBuildOptions         : loaded 2 times (x 85B)
Class com.android.tools.analytics.Environment$EnvironmentVariable                     : loaded 2 times (x 77B)
Class org.gradle.internal.classpath.TransformedClassPath                              : loaded 2 times (x 94B)
Class org.jetbrains.kotlin.protobuf.ExtensionRegistryLite$ObjectIntPair               : loaded 2 times (x 70B)
Class com.android.build.gradle.internal.HostTestTaskManager                           : loaded 2 times (x 79B)
Class [Lcom.android.tools.build.jetifier.processor.transform.proguard.patterns.GroupsReplacer;: loaded 2 times (x 67B)
Class com.android.build.api.component.impl.ComponentImpl$providedOnlyClasspath$2      : loaded 2 times (x 77B)
Class com.android.build.api.dsl.DeviceGroup                                           : loaded 2 times (x 68B)
Class org.jetbrains.kotlin.descriptors.SourceElement$1                                : loaded 2 times (x 72B)
Class FlutterTask_Decorated                                                           : loaded 2 times (x 468B)
Class com.android.build.gradle.internal.scope.InternalArtifactType$UNIT_TEST_LINT_PARTIAL_RESULTS: loaded 2 times (x 72B)
Class com.android.build.gradle.tasks.MergeResources$CreationAction$handleProvider$1   : loaded 2 times (x 76B)
Class com.android.build.gradle.tasks.MergeResources$CreationAction$handleProvider$2   : loaded 2 times (x 76B)
Class com.android.build.gradle.internal.component.features.ManifestPlaceholdersCreationConfig: loaded 2 times (x 68B)
Class com.android.build.gradle.internal.dependency.VariantDependenciesBuilder         : loaded 2 times (x 80B)
Class org.jetbrains.kotlin.gradle.plugin.internal.MavenPluginConfigurator$DefaultMavenPluginConfiguratorVariantFactory: loaded 2 times (x 72B)
Class com.android.build.gradle.internal.dsl.JniLibsPackagingImpl$AgpDecorated         : loaded 2 times (x 91B)
Class com.android.build.gradle.internal.dsl.ApplicationBuildFeaturesImpl_Decorated    : loaded 2 times (x 172B)
Class com.android.build.gradle.internal.dsl.decorator.SupportedPropertyType$Var$File  : loaded 2 times (x 72B)
Class org.jetbrains.kotlin.gradle.plugin.sources.android.AndroidVariantType           : loaded 2 times (x 77B)
Class com.android.build.gradle.internal.dsl.ModulePropertyKey$OptionalBoolean         : loaded 2 times (x 81B)
Class com.android.build.gradle.tasks.MergeResources$CreationAction$handleProvider$3   : loaded 2 times (x 76B)
Class org.jetbrains.kotlin.gradle.plugin.sources.android.configurator.MultiplatformLayoutV1SourceDirConfigurator: loaded 2 times (x 73B)
Class com.android.build.gradle.internal.services.AndroidLocationsBuildService$AndroidDirectoryCreator$Inject: loaded 2 times (x 109B)
Class com.google.protobuf.DescriptorProtos$FileDescriptorProto$1                      : loaded 2 times (x 149B)
Class user_agent_etg9mgomadpw9osaq8f82ugpq$_run_closure1                              : loaded 2 times (x 138B)
Class com.google.common.io.ByteSource$EmptyByteSource                                 : loaded 2 times (x 83B)
Class org.jetbrains.kotlin.metadata.jvm.JvmProtoBuf$JvmMethodSignature$1              : loaded 2 times (x 142B)
Class org.jetbrains.org.objectweb.asm.tree.InnerClassNode                             : loaded 2 times (x 71B)
Class com.sun.xml.bind.api.impl.NameUtil                                              : loaded 2 times (x 78B)
Class com.android.build.api.variant.impl.LibraryVariantImpl$packaging$2               : loaded 2 times (x 77B)
Class com.android.build.gradle.internal.variant.BuildAuthorSpecifiedDefaultsFlavorComparator: loaded 2 times (x 88B)
Class com.android.build.gradle.tasks.MergeResources$CreationAction$handleProvider$4   : loaded 2 times (x 76B)
Class com.google.gson.internal.bind.TreeTypeAdapter                                   : loaded 2 times (x 73B)
Class com.android.build.gradle.internal.scope.InternalArtifactType$RENDERSCRIPT_GENERATED_RES: loaded 2 times (x 72B)
Class com.sun.xml.bind.v2.model.nav.ReflectionNavigator$BinderArg                     : loaded 2 times (x 71B)
Class org.jetbrains.kotlin.compilerRunner.CompilerSystemPropertiesService$Companion$registerIfAbsent$2$1$1: loaded 2 times (x 77B)
Class org.jetbrains.kotlin.gradle.plugin.sources.InternalKotlinSourceSetKt            : loaded 2 times (x 69B)
Class com.android.build.gradle.tasks.MergeResources$CreationAction$handleProvider$5   : loaded 2 times (x 76B)
Class com.android.build.gradle.internal.AndroidTestTaskManager                        : loaded 2 times (x 79B)
Class org.jetbrains.kotlin.gradle.plugin.KotlinAndroidPlugin$sam$org_gradle_api_Action$0: loaded 2 times (x 73B)
Class org.jetbrains.kotlin.tooling.core.HasExtras                                     : loaded 2 times (x 68B)
Class com.android.build.gradle.internal.cxx.logging.LoggingEnvironment                : loaded 2 times (x 68B)
Class com.android.builder.core.DefaultVectorDrawablesOptions                          : loaded 2 times (x 78B)
Class com.android.build.gradle.options.ApiStage$Experimental                          : loaded 2 times (x 70B)
Class com.sun.xml.bind.v2.runtime.property.SingleReferenceNodeProperty                : loaded 2 times (x 100B)
Class com.android.build.gradle.internal.cxx.gradle.generator.CxxConfigurationModelKt  : loaded 2 times (x 69B)
Class com.android.build.gradle.tasks.MergeResources$CreationAction$handleProvider$6   : loaded 2 times (x 76B)
Class com.android.build.gradle.internal.dependency.KotlinPlatformAttributeKt          : loaded 2 times (x 69B)
Class com.android.build.api.dsl.LibraryBuildType                                      : loaded 2 times (x 68B)
Class com.sun.xml.bind.v2.model.core.ArrayInfo                                        : loaded 2 times (x 68B)
Class javax.xml.bind.DatatypeConverterInterface                                       : loaded 2 times (x 68B)
Class com.android.build.gradle.tasks.AnalyzeDependenciesTask                          : loaded 2 times (x 330B)
Class com.android.build.gradle.internal.variant.TestedVariantData                     : loaded 2 times (x 68B)
Class org.jetbrains.kotlin.gradle.plugin.sources.android.MultiplatformLayoutV2KotlinAndroidSourceSetNaming: loaded 2 times (x 73B)
Class [Lorg.jetbrains.kotlin.gradle.plugin.KotlinPlatformType;                        : loaded 2 times (x 67B)
Class org.jetbrains.kotlin.gradle.plugin.mpp.KotlinAndroidTarget                      : loaded 2 times (x 136B)
Class com.android.build.gradle.internal.dsl.InternalSigningConfig                     : loaded 2 times (x 68B)
Class com.android.build.gradle.internal.ide.v2.GlobalSyncService                      : loaded 2 times (x 78B)
Class org.jetbrains.kotlin.cli.common.messages.CompilerMessageSourceLocation          : loaded 2 times (x 68B)
Class com.google.common.graph.SuccessorsFunction                                      : loaded 2 times (x 68B)
Class com.android.build.gradle.internal.tasks.factory.BootClasspathConfigImpl$1       : loaded 2 times (x 77B)
Class com.android.build.gradle.internal.api.DefaultAndroidSourceSet$AndroidSourceDirectorySetFactory: loaded 2 times (x 73B)
Class com.android.build.api.dsl.AbiSplit                                              : loaded 2 times (x 68B)
Class com.android.build.gradle.internal.profile.AnalyticsConfiguratorService$Params$Inject: loaded 2 times (x 104B)
Class com.android.build.api.dsl.ApplicationVariantDimension                           : loaded 2 times (x 68B)
Class com.android.build.api.dsl.ApplicationExtension                                  : loaded 2 times (x 68B)
Class com.android.tools.lint.model.LintModelModule                                    : loaded 2 times (x 68B)
Class com.android.build.gradle.internal.lint.LintModelWriterTask_Decorated            : loaded 2 times (x 376B)
Class org.jetbrains.kotlin.build.report.metrics.BuildTime                             : loaded 2 times (x 77B)
Class org.jetbrains.kotlin.gradle.plugin.sources.android.KotlinAndroidSourceSetNaming$DefaultImpls: loaded 2 times (x 69B)
Class com.android.build.api.variant.JniLibsTestedComponentPackaging                   : loaded 2 times (x 68B)
Class com.android.build.gradle.internal.component.features.AndroidResourcesCreationConfig: loaded 2 times (x 68B)
Class com.android.build.gradle.internal.tasks.factory.BootClasspathConfigImpl$2       : loaded 2 times (x 77B)
Class com.android.build.gradle.internal.SdkDirectLoadingStrategy                      : loaded 2 times (x 70B)
Class org.jetbrains.kotlin.gradle.plugin.mpp.DefaultKotlinCompilationOutput           : loaded 2 times (x 80B)
Class com.android.build.api.component.impl.features.OptimizationCreationConfigImpl    : loaded 2 times (x 82B)
Class com.android.build.api.component.impl.ComponentImpl$sources$2                    : loaded 2 times (x 77B)
Class com.google.wireless.android.sdk.stats.VariantApiUsage                           : loaded 2 times (x 206B)
Class org.jetbrains.kotlin.gradle.utils.IsolatedKotlinClasspathClassCastException     : loaded 2 times (x 80B)
Class com.android.tools.analytics.AnalyticsSettings$optedIn$1                         : loaded 2 times (x 76B)
Class com.android.tools.analytics.AnalyticsSettings                                   : loaded 2 times (x 69B)
Class com.android.build.gradle.internal.lint.EnvironmentVariableInputs                : loaded 2 times (x 77B)
Class com.sun.xml.bind.v2.runtime.reflect.Utils                                       : loaded 2 times (x 69B)
Class com.android.build.gradle.internal.tasks.ExtractNativeDebugMetadataTask$FullCreationAction: loaded 2 times (x 89B)
Class com.android.build.gradle.internal.scope.HostTestBuildFeaturesValuesImpl         : loaded 2 times (x 97B)
Class com.android.build.gradle.internal.dsl.TestFixturesImpl                          : loaded 2 times (x 79B)
Class com.android.build.gradle.internal.tasks.DexMergingTask$CreationAction$WhenMappings: loaded 2 times (x 69B)
Class com.android.build.gradle.internal.lint.LintOptionsInput                         : loaded 2 times (x 89B)
Class org.jetbrains.kotlin.gradle.plugin.statistics.IDaemonReuseCounterMXBean         : loaded 2 times (x 68B)
Class org.jetbrains.kotlin.gradle.plugin.HasCompilerOptions                           : loaded 2 times (x 68B)
Class org.jetbrains.kotlin.statistics.metrics.StringOverridePolicy$OVERRIDE_VERSION_IF_NOT_SET: loaded 2 times (x 83B)
Class com.android.build.gradle.internal.dependency.GenericTransformParameters_Decorated: loaded 2 times (x 132B)
Class com.google.protobuf.CodedOutputStream$SafeDirectNioEncoder                      : loaded 2 times (x 108B)
Class com.android.build.gradle.internal.dsl.MultipleVariantsImpl                      : loaded 2 times (x 88B)
Class com.android.build.api.component.impl.DeviceTestImpl$instrumentationRunnerArguments$2: loaded 2 times (x 77B)
Class com.android.build.gradle.internal.variant.VariantComponentInfo                  : loaded 2 times (x 70B)
Class com.android.build.gradle.internal.services.AndroidLocationsBuildService$Inject  : loaded 2 times (x 108B)
Class com.android.build.gradle.DynamicFeaturePlugin                                   : loaded 2 times (x 74B)
Class org.jetbrains.kotlin.metadata.jvm.JvmProtoBuf$JvmFieldSignature                 : loaded 2 times (x 106B)
Class javax.xml.bind.annotation.adapters.XmlJavaTypeAdapter$DEFAULT                   : loaded 2 times (x 69B)
Class com.android.build.gradle.internal.SdkDirectLoadingStrategy$components$2         : loaded 2 times (x 77B)
Class com.android.build.gradle.internal.AndroidTestTaskManager$createMockableJarTask$1: loaded 2 times (x 73B)
Class org.jetbrains.kotlin.gradle.plugin.sources.android.KotlinAndroidSourceSets      : loaded 2 times (x 69B)
Class org.jetbrains.kotlin.gradle.testing.internal.KotlinTestsRegistry                : loaded 2 times (x 70B)
Class com.android.build.gradle.internal.dsl.decorator.SupportedPropertyType$Var       : loaded 2 times (x 72B)
Class com.google.protobuf.Descriptors$DescriptorPool                                  : loaded 2 times (x 70B)
Class com.google.wireless.android.sdk.stats.InstantRunStatus                          : loaded 2 times (x 202B)
Class org.apache.http.client.HttpClient                                               : loaded 2 times (x 68B)
Class com.android.build.gradle.internal.scope.InternalArtifactType$AAR_METADATA       : loaded 2 times (x 72B)
Class com.android.build.gradle.internal.AndroidTestTaskManager$createMockableJarTask$2: loaded 2 times (x 73B)
Class org.jetbrains.kotlin.gradle.plugin.sources.android.configurator.AndroidKaptSourceSetConfigurator$configure$1: loaded 2 times (x 77B)
Class org.jetbrains.kotlin.statistics.metrics.StringMetrics                           : loaded 2 times (x 78B)
Class com.android.build.gradle.internal.services.Aapt2DaemonBuildService$Parameters_Decorated: loaded 2 times (x 129B)
Class com.google.common.io.ByteSink                                                   : loaded 2 times (x 74B)
Class com.android.build.gradle.internal.lint.AndroidLintTask$SingleVariantCreationAction$Companion$registerLintReportArtifacts$1: loaded 2 times (x 125B)
Class com.google.wireless.android.sdk.stats.AsmClassesTransformRegistrationOrBuilder  : loaded 2 times (x 68B)
Class com.android.utils.StringHelper                                                  : loaded 2 times (x 69B)
Class [Lcom.google.protobuf.Descriptors$EnumValueDescriptor;                          : loaded 2 times (x 67B)
Class [Lorg.jetbrains.kotlin.metadata.jvm.JvmProtoBuf$StringTableTypes$Record$Operation;: loaded 2 times (x 67B)
Class com.google.common.collect.AbstractMapBasedMultimap$WrappedCollection$WrappedIterator: loaded 2 times (x 82B)
Class com.android.build.gradle.internal.tasks.factory.GlobalTaskCreationConfigImpl$platformAttrs$2$1: loaded 2 times (x 73B)
Class [Ljavax.xml.bind.annotation.XmlNsForm;                                          : loaded 2 times (x 67B)
Class com.android.build.gradle.internal.lint.AndroidLintTask$SingleVariantCreationAction$Companion$registerLintReportArtifacts$2: loaded 2 times (x 125B)
Class com.android.build.api.artifact.ScopedArtifact$JAVA_RES                          : loaded 2 times (x 72B)
Class com.google.gson.internal.bind.TypeAdapters$20                                   : loaded 2 times (x 73B)
Class com.android.build.gradle.internal.errors.MessageReceiverImpl                    : loaded 2 times (x 73B)
Class org.jetbrains.kotlin.metadata.deserialization.ProtoTypeTableUtilKt              : loaded 2 times (x 69B)
Class org.jetbrains.kotlin.gradle.internal.AndroidExtensionsSubpluginIndicator        : loaded 2 times (x 73B)
Class org.jetbrains.kotlin.gradle.plugin.mpp.compilationImpl.KotlinAndroidCompilationAssociator: loaded 2 times (x 72B)
Class com.android.build.gradle.internal.utils.DesugarLibUtils$getDesugarLibConfigFromTransform$1$1: loaded 2 times (x 72B)
Class com.android.build.gradle.internal.lint.AndroidLintTask$SingleVariantCreationAction$Companion$registerLintReportArtifacts$3: loaded 2 times (x 125B)
Class com.google.gson.internal.bind.TypeAdapters$21                                   : loaded 2 times (x 73B)
Class com.android.build.gradle.internal.core.dsl.TestComponentDslInfo                 : loaded 2 times (x 68B)
Class com.android.build.gradle.internal.cxx.configure.ExperimentalPropertyExtensionsKt: loaded 2 times (x 69B)
Class org.jetbrains.kotlin.descriptors.DelegatedDescriptorVisibility                  : loaded 2 times (x 76B)
Class com.android.repository.api.SettingsController                                   : loaded 2 times (x 68B)
Class com.android.build.gradle.internal.dsl.LibraryExtensionImpl                      : loaded 2 times (x 355B)
Class com.android.build.gradle.internal.lint.AndroidLintTask$SingleVariantCreationAction$Companion$registerLintReportArtifacts$4: loaded 2 times (x 125B)
Class com.android.build.gradle.internal.tasks.MergeNativeDebugMetadataTask$CreationAction: loaded 2 times (x 88B)
Class com.android.build.gradle.internal.tasks.DexFileDependenciesTask                 : loaded 2 times (x 330B)
Class com.google.gson.internal.bind.TypeAdapters$22                                   : loaded 2 times (x 73B)
Class com.android.build.api.variant.impl.SourceDirectoriesImpl                        : loaded 2 times (x 84B)
Class com.android.build.gradle.internal.tasks.factory.TaskFactoryImpl                 : loaded 2 times (x 81B)
Class com.android.build.api.dsl.ConsumerKeepRules                                     : loaded 2 times (x 68B)
Class user_agent_3qtthdpp706br53fmjmmslv4c                                            : loaded 2 times (x 175B)
Class org.jetbrains.kotlin.metadata.ProtoBuf$Type$1                                   : loaded 2 times (x 142B)
Class com.android.build.gradle.internal.dsl.LintOptions_Decorated                     : loaded 2 times (x 270B)
Class org.jetbrains.kotlin.gradle.plugin.mpp.KotlinAndroidTarget$checkPublishLibraryVariantsExist$getLibraryVariantNames$1$1: loaded 2 times (x 77B)
Class com.android.build.gradle.internal.scope.InternalArtifactType$GLOBAL_SYNTHETICS_MERGED: loaded 2 times (x 72B)
Class com.google.gson.internal.bind.TypeAdapters$23                                   : loaded 2 times (x 73B)
Class com.android.build.gradle.internal.core.dsl.impl.HostTestComponentDslInfoImpl    : loaded 2 times (x 124B)
Class com.android.build.api.dsl.ApplicationBuildFeatures                              : loaded 2 times (x 68B)
Class com.google.gson.internal.bind.TypeAdapters$24                                   : loaded 2 times (x 73B)
Class com.android.build.gradle.internal.dsl.VcsInfoImpl                               : loaded 2 times (x 75B)
Class user_agent_etg9mgomadpw9osaq8f82ugpq$_run_closure1$_closure2                    : loaded 2 times (x 138B)
Class com.sun.xml.bind.v2.model.annotation.XmlSchemaTypeQuick                         : loaded 2 times (x 91B)
Class com.google.gson.internal.bind.TypeAdapters$25                                   : loaded 2 times (x 73B)
Class org.jetbrains.kotlin.gradle.plugin.sources.android.SingleTargetKotlinAndroidSourceSetNaming: loaded 2 times (x 73B)
Class com.android.build.gradle.internal.dsl.ExternalNativeCmakeOptions_Decorated      : loaded 2 times (x 154B)
Class com.google.protobuf.Descriptors$FieldDescriptor                                 : loaded 2 times (x 86B)
Class com.google.gson.internal.bind.TypeAdapters$26                                   : loaded 2 times (x 73B)
Class org.jetbrains.kotlin.gradle.testing.internal.KotlinTestsRegistryKt              : loaded 2 times (x 69B)
Class org.jetbrains.kotlin.gradle.plugin.KotlinTargetConfiguratorKt                   : loaded 2 times (x 69B)
Class com.android.build.gradle.options.ApiStage                                       : loaded 2 times (x 70B)
Class javax.xml.bind.ModuleUtil                                                       : loaded 2 times (x 69B)
Class [Lcom.android.build.gradle.internal.SdkLocator$PropertyLocation;                : loaded 2 times (x 67B)
Class com.android.build.gradle.internal.dependency.AndroidXDependencySubstitution$replaceOldSupportLibraries$1: loaded 2 times (x 73B)
Class [Lcom.android.build.gradle.internal.SdkLibDataFactory$Environment$SystemProperty;: loaded 2 times (x 67B)
Class com.android.build.api.artifact.Artifact$Transformable                           : loaded 2 times (x 68B)
Class com.google.gson.internal.bind.TypeAdapters$27                                   : loaded 2 times (x 73B)
Class [Lcom.android.build.gradle.internal.variant.BaseVariantData$DiscoverableFilterType;: loaded 2 times (x 67B)
Class com.android.build.gradle.options.ProjectOptions                                 : loaded 2 times (x 70B)
Class com.sun.xml.bind.v2.runtime.property.PropertyImpl                               : loaded 2 times (x 100B)
Class org.jetbrains.kotlin.gradle.plugin.mpp.InternalKotlinCompilation$DefaultImpls   : loaded 2 times (x 69B)
Class com.google.gson.internal.bind.TypeAdapters$28                                   : loaded 2 times (x 73B)
Class com.android.build.gradle.internal.tasks.factory.BootClasspathConfigImpl$filteredBootClasspath$2: loaded 2 times (x 77B)
Class com.android.build.gradle.internal.dsl.ExternalNativeBuildOptions_Decorated      : loaded 2 times (x 141B)
Class org.jetbrains.kotlin.metadata.jvm.deserialization.JvmNameResolver               : loaded 2 times (x 78B)
Class com.android.build.gradle.internal.tasks.PrepareLintJarForPublishKt$getPublishedCustomLintChecks$1: loaded 2 times (x 73B)
Class com.sun.xml.bind.v2.model.impl.PropertyInfoImpl$1                               : loaded 2 times (x 69B)
Class com.android.build.gradle.internal.tasks.ValidateResourcesTask$CreateAction$handleProvider$1: loaded 2 times (x 125B)
Class com.google.gson.internal.bind.TypeAdapters$29                                   : loaded 2 times (x 73B)
Class org.jetbrains.kotlin.gradle.plugin.sources.DefaultKotlinSourceSet_Decorated     : loaded 2 times (x 195B)
Class com.android.build.gradle.internal.dependency.CollectClassesTransform            : loaded 2 times (x 76B)
Class org.jetbrains.kotlin.load.kotlin.header.KotlinClassHeader                       : loaded 2 times (x 70B)
Class com.android.build.api.component.analytics.AnalyticsEnabledSigningConfig         : loaded 2 times (x 82B)
Class org.jetbrains.kotlin.gradle.dsl.KotlinCommonCompilerToolOptionsDefault          : loaded 2 times (x 80B)
Class org.jetbrains.kotlin.gradle.report.ConfigureReporingKt                          : loaded 2 times (x 69B)
Class com.android.build.api.variant.impl.DeferredActionManager                        : loaded 2 times (x 70B)
Class com.android.build.gradle.internal.dsl.NdkBuildOptions$AgpDecorated              : loaded 2 times (x 94B)
Class com.google.wireless.android.sdk.stats.JavaProcessStats$Builder                  : loaded 2 times (x 303B)
Class com.sun.xml.bind.v2.runtime.reflect.DefaultTransducedAccessor                   : loaded 2 times (x 77B)
Class [Lcom.android.tools.analytics.JournalingUsageTracker$State;                     : loaded 2 times (x 67B)
Class org.jetbrains.kotlin.gradle.tasks.CacheableTasksKt$cacheOnlyIfEnabledForKotlin$1: loaded 2 times (x 77B)
Class com.sun.xml.bind.v2.model.runtime.RuntimeElementInfo                            : loaded 2 times (x 68B)
Class com.android.build.api.variant.GeneratesApkBuilder                               : loaded 2 times (x 68B)
Class org.jetbrains.kotlin.gradle.tasks.internal.KotlinJvmOptionsCompat               : loaded 2 times (x 101B)
Class com.sun.xml.bind.v2.runtime.property.AttributeProperty                          : loaded 2 times (x 103B)
Class com.android.build.gradle.internal.dependency.JdkImageTransformKt$getJdkImageFromTransform$1: loaded 2 times (x 73B)
Class com.android.build.gradle.internal.scope.InternalArtifactType$AAPT_FRIENDLY_MERGED_MANIFESTS: loaded 2 times (x 72B)
Class com.android.build.gradle.internal.api.AndroidSourceSetName$Companion            : loaded 2 times (x 69B)
Class com.android.build.gradle.internal.dsl.DefaultConfig$AgpDecorated                : loaded 2 times (x 428B)
Class com.android.build.gradle.internal.dsl.BundleOptions                             : loaded 2 times (x 119B)
Class com.google.protobuf.UnsafeUtil$Android32MemoryAccessor                          : loaded 2 times (x 89B)
Class javax.xml.bind.Unmarshaller                                                     : loaded 2 times (x 68B)
Class org.jetbrains.kotlin.metadata.jvm.deserialization.UtfEncodingKt                 : loaded 2 times (x 69B)
Class com.google.common.io.ByteSink$AsCharSink                                        : loaded 2 times (x 78B)
Class com.android.build.gradle.tasks.ProcessLibraryArtProfileTask$CreationAction$configure$2: loaded 2 times (x 77B)
Class org.jetbrains.kotlin.gradle.tasks.KotlinCompilerExecutionStrategy$Companion     : loaded 2 times (x 69B)
Class com.sun.xml.bind.v2.model.impl.TypeRefImpl                                      : loaded 2 times (x 85B)
Class com.android.build.gradle.internal.SdkComponentsBuildService$VersionedSdkLoader$coreForSystemModulesProvider$1: loaded 2 times (x 73B)
Class com.android.build.gradle.internal.tasks.AppMetadataTask_Decorated               : loaded 2 times (x 378B)
Class com.android.build.gradle.internal.core.dsl.LibraryVariantDslInfo                : loaded 2 times (x 68B)
Class com.android.build.gradle.internal.lint.LintModelWriterTask$Companion$registerOutputArtifacts$1: loaded 2 times (x 125B)
Class com.google.gson.internal.LinkedTreeMap$Node                                     : loaded 2 times (x 77B)
Class org.jetbrains.kotlin.gradle.plugin.sources.android.KotlinAndroidSourceSetLayout : loaded 2 times (x 70B)
Class com.android.build.gradle.internal.ide.dependencies.ArtifactCollections          : loaded 2 times (x 70B)
Class org.jetbrains.kotlin.gradle.targets.js.KotlinJsTarget                           : loaded 2 times (x 193B)
Class com.android.build.gradle.internal.lint.LintModelWriterTask$Companion$registerOutputArtifacts$2: loaded 2 times (x 125B)
Class com.android.sdklib.AndroidVersion$AndroidVersionException                       : loaded 2 times (x 80B)
Class com.android.build.gradle.internal.scope.InternalArtifactType$DESUGAR_GRAPH      : loaded 2 times (x 72B)
Class com.android.build.gradle.internal.tasks.factory.BootClasspathConfigImpl$fullBootClasspath$2: loaded 2 times (x 77B)
Class com.google.wireless.android.sdk.stats.GradleBuildSplitsOrBuilder                : loaded 2 times (x 68B)
Class com.android.build.api.artifact.ArtifactKind                                     : loaded 2 times (x 70B)
Class org.jetbrains.kotlin.cli.common.messages.CompilerMessageLocationWithRange$Companion: loaded 2 times (x 69B)
Class org.jetbrains.org.objectweb.asm.tree.Util                                       : loaded 2 times (x 69B)
Class com.google.common.collect.ImmutableSortedMapFauxverideShim                      : loaded 2 times (x 118B)
Class com.sun.xml.bind.v2.runtime.reflect.ListIterator                                : loaded 2 times (x 68B)
Class org.jetbrains.kotlin.gradle.plugin.mpp.KotlinAndroidTarget$sam$org_gradle_api_Action$0: loaded 2 times (x 73B)
Class org.jetbrains.kotlin.gradle.plugin.mpp.KotlinAndroidTarget$createAndroidUsageContexts$artifact$1$2: loaded 2 times (x 77B)
Class com.android.build.gradle.internal.tasks.BundleReportDependenciesTask            : loaded 2 times (x 323B)
Class com.android.build.gradle.internal.tasks.BundleToStandaloneApkTask$CreationAction$handleProvider$1: loaded 2 times (x 125B)
Class com.android.build.api.variant.AnnotationProcessor                               : loaded 2 times (x 68B)
Class com.android.tools.lint.model.LintModelSeverity$Companion                        : loaded 2 times (x 69B)
Class com.android.build.gradle.internal.dsl.BundleOptionsCodeTransparency             : loaded 2 times (x 75B)
Class com.android.build.gradle.internal.plugins.BasePlugin$dslServices$2$1            : loaded 2 times (x 77B)
Class org.jetbrains.kotlin.gradle.incremental.IncrementalModuleInfoBuildService$Parameters_Decorated: loaded 2 times (x 129B)
Class com.android.build.gradle.internal.tasks.BundleToStandaloneApkTask$CreationAction$handleProvider$2: loaded 2 times (x 73B)
Class com.android.build.gradle.internal.services.VariantBuilderServicesImpl$ValueImpl : loaded 2 times (x 74B)
Class com.android.build.gradle.internal.services.VariantBuilderServices$Value         : loaded 2 times (x 68B)
Class org.jetbrains.kotlin.gradle.plugin.PluginWrappersKt                             : loaded 2 times (x 69B)
Class com.android.tools.analytics.StubbableLazy                                       : loaded 2 times (x 74B)
Class com.android.build.gradle.internal.services.BuildServicesKt                      : loaded 2 times (x 69B)
Class com.google.common.collect.AbstractIterator$1                                    : loaded 2 times (x 69B)
Class com.android.repository.impl.generated.generic.v1.package-info                   : loaded 2 times (x 68B)
Class com.android.sdklib.repository.meta.RepoFactory                                  : loaded 2 times (x 72B)
Class org.jetbrains.kotlin.gradle.plugin.sources.android.configurator.KotlinAndroidSourceSetConfiguratorKt: loaded 2 times (x 69B)
Class com.android.build.api.artifact.impl.SingleInitialProviderRequestImpl$on$1       : loaded 2 times (x 73B)
Class org.jetbrains.kotlin.metadata.ProtoBuf$VersionRequirement$1                     : loaded 2 times (x 142B)
Class org.jetbrains.kotlin.gradle.plugin.mpp.KotlinCompilationsKt$sam$java_util_concurrent_Callable$0: loaded 2 times (x 73B)
Class com.sun.xml.bind.v2.model.nav.TypeVisitor                                       : loaded 2 times (x 74B)
Class com.android.build.gradle.internal.core.dsl.impl.ConsumableComponentDslInfoImpl$optimizationDslInfo$2: loaded 2 times (x 77B)
Class com.android.build.api.artifact.impl.SingleInitialProviderRequestImpl$on$2       : loaded 2 times (x 73B)
Class jdk.internal.jimage.ImageReader$Directory                                       : loaded 2 times (x 82B)
Class com.google.common.io.CharSource                                                 : loaded 2 times (x 83B)
Class org.jetbrains.kotlin.gradle.tasks.configuration.AbstractKotlinCompileConfig     : loaded 2 times (x 70B)
Class org.jetbrains.kotlin.gradle.targets.js.KotlinJsCompilerAttribute$Companion      : loaded 2 times (x 69B)
Class com.android.build.api.artifact.impl.OperationRequestsImplKt$toTransform$currentProvider$1: loaded 2 times (x 73B)
Class com.android.build.gradle.internal.utils.AnalyticsEnabledValueSource             : loaded 2 times (x 76B)
Class com.sun.xml.bind.v2.runtime.JaxBeanInfo                                         : loaded 2 times (x 87B)
Class com.google.common.collect.ImmutableRangeSet$Builder                             : loaded 2 times (x 75B)
Class javax.xml.bind.helpers.DefaultValidationEventHandler                            : loaded 2 times (x 73B)
Class javax.xml.bind.GetPropertyAction                                                : loaded 2 times (x 73B)
Class com.android.repository.impl.generated.v1.ChannelType                            : loaded 2 times (x 81B)
Class com.android.build.gradle.internal.SdkLocator$SdkLocationSource$getSdkLocation$1$1: loaded 2 times (x 77B)
Class com.android.build.gradle.internal.tasks.MergeJavaResourceTask$Companion$predicate$1: loaded 2 times (x 78B)
Class com.android.build.gradle.internal.api.ApplicationVariantImpl                    : loaded 2 times (x 260B)
Class com.android.build.gradle.internal.lint.LintTaskManager$createLintTasks$lintVitalTask$1$1: loaded 2 times (x 73B)
Class com.android.build.gradle.internal.dsl.decorator.annotation.WithLazyInitialization: loaded 2 times (x 68B)
Class com.android.build.gradle.internal.scope.ProjectInfo$Companion                   : loaded 2 times (x 69B)
Class com.sun.xml.bind.v2.model.annotation.XmlValueQuick                              : loaded 2 times (x 88B)
Class com.android.build.gradle.internal.tasks.DexArchiveBuilderTask$CreationAction$handleProvider$10: loaded 2 times (x 76B)
Class com.android.build.gradle.internal.core.dsl.ComponentDslInfo$DslDefinedDeviceTest: loaded 2 times (x 69B)
Class com.google.protobuf.DescriptorProtos$EnumValueDescriptorProtoOrBuilder          : loaded 2 times (x 68B)
Class org.jetbrains.kotlin.name.FqNameUnsafe$1                                        : loaded 2 times (x 72B)
Class com.android.build.gradle.internal.ide.dependencies.ArtifactCollectionsInputs    : loaded 2 times (x 68B)
Class com.android.build.gradle.internal.tasks.DexArchiveBuilderTask$CreationAction$handleProvider$11: loaded 2 times (x 76B)
Class org.jetbrains.kotlin.gradle.plugin.sources.android.configurator.KotlinAndroidSourceSetInfoConfigurator: loaded 2 times (x 73B)
Class com.android.build.api.variant.HasDeviceTestsBuilder                             : loaded 2 times (x 68B)
Class com.android.build.gradle.internal.api.ApplicationVariantImpl_Decorated$hasProperty: loaded 2 times (x 150B)
Class com.google.common.hash.HashCode$BytesHashCode                                   : loaded 2 times (x 79B)
Class org.jetbrains.kotlin.metadata.ProtoBuf$Constructor$1                            : loaded 2 times (x 142B)
Class com.android.repository.impl.meta.SchemaModuleUtil                               : loaded 2 times (x 69B)
Class com.android.build.gradle.internal.tasks.DexArchiveBuilderTask$CreationAction$handleProvider$12: loaded 2 times (x 76B)
Class org.jetbrains.kotlin.gradle.tasks.configuration.KotlinCompileConfigKt$sam$org_gradle_api_Transformer$0: loaded 2 times (x 73B)
Class com.android.repository.impl.generated.v2.RemotePackage                          : loaded 2 times (x 155B)
Class org.jetbrains.kotlin.gradle.plugin.mpp.KotlinAndroidTarget$createAndroidUsageContexts$filterOutAndroidVariantAttributes$1: loaded 2 times (x 77B)
Class com.android.build.gradle.internal.tasks.DexArchiveBuilderTask$CreationAction$handleProvider$13: loaded 2 times (x 76B)
Class com.android.build.gradle.tasks.ExtractSupportedLocalesTask$CreationAction       : loaded 2 times (x 88B)
Class com.android.build.gradle.internal.tasks.PackageRenderscriptTask$CreationAction  : loaded 2 times (x 88B)
Class com.android.build.gradle.tasks.JavaPreCompileTask$CreationAction$handleProvider$1: loaded 2 times (x 76B)
Class com.android.build.api.component.analytics.AnalyticsEnabledApplicationVariant$userVisibleAndroidTest$2: loaded 2 times (x 77B)
Class com.google.wireless.android.sdk.stats.GradleBuildSplits$1                       : loaded 2 times (x 74B)
Class com.android.build.gradle.internal.plugins.DslContainerProvider$lock$1           : loaded 2 times (x 72B)
Class [Lcom.google.protobuf.Descriptors$ServiceDescriptor;                            : loaded 2 times (x 67B)
Class com.google.wireless.android.sdk.stats.GradleBuildProfile$Builder                : loaded 2 times (x 344B)
Class com.sun.xml.bind.v2.runtime.reflect.TransducedAccessor$IDREFTransducedAccessorImpl: loaded 2 times (x 78B)
Class org.gradle.internal.installation.GradleInstallation                             : loaded 2 times (x 73B)
Class com.google.protobuf.ByteOutput                                                  : loaded 2 times (x 74B)
Class com.android.build.gradle.internal.tasks.ExportConsumerProguardFilesTask         : loaded 2 times (x 328B)
Class com.android.build.gradle.internal.scope.InternalMultipleArtifactType$LINT_VITAL_REPORT_LINT_MODEL: loaded 2 times (x 72B)
Class com.google.wireless.android.sdk.stats.GradleBuildSplits$2                       : loaded 2 times (x 74B)
Class com.android.build.gradle.internal.plugins.DslContainerProvider$lock$2           : loaded 2 times (x 72B)
Class com.android.build.gradle.internal.ndk.NdkHandler                                : loaded 2 times (x 70B)
Class com.android.builder.core.LibraryRequest                                         : loaded 2 times (x 70B)
Class com.android.resources.ResourceEnum                                              : loaded 2 times (x 68B)
Class [Lcom.google.protobuf.Descriptors$FileDescriptor;                               : loaded 2 times (x 67B)
Class com.android.build.api.dsl.ApplicationDefaultConfig                              : loaded 2 times (x 68B)
Class com.android.build.gradle.options.Option$Status$Deprecated                       : loaded 2 times (x 70B)
Class com.android.repository.impl.generated.v2.PatchType                              : loaded 2 times (x 86B)
Class com.sun.xml.bind.v2.util.QNameMap                                               : loaded 2 times (x 70B)
Class com.android.build.gradle.internal.scope.InternalArtifactType$GENERATED_RES      : loaded 2 times (x 72B)
Class com.android.build.api.variant.impl.MetadataRecord                               : loaded 2 times (x 70B)
Class com.google.wireless.android.sdk.stats.GradleBuildSplits$3                       : loaded 2 times (x 149B)
Class com.android.build.gradle.internal.plugins.DslContainerProvider$lock$3           : loaded 2 times (x 72B)
Class org.jetbrains.kotlin.gradle.internal.StdlibDependencyManagementKt$addStdlibDependency$1: loaded 2 times (x 77B)
Class org.jetbrains.kotlin.gradle.dsl.KotlinCommonOptions                             : loaded 2 times (x 68B)
Class org.jetbrains.kotlin.gradle.plugin.HasKotlinDependencies                        : loaded 2 times (x 68B)
Class org.jetbrains.kotlin.statistics.fileloggers.MetricsContainer                    : loaded 2 times (x 75B)
Class com.android.build.api.dsl.AssetPackBundleExtension                              : loaded 2 times (x 68B)
Class com.android.build.api.dsl.DynamicFeatureProductFlavor                           : loaded 2 times (x 68B)
Class com.google.protobuf.Internal$EnumLiteMap                                        : loaded 2 times (x 68B)
Class com.google.protobuf.SingleFieldBuilderV3                                        : loaded 2 times (x 82B)
Class org.jetbrains.kotlin.gradle.internal.KaptGenerateStubsTask                      : loaded 2 times (x 465B)
Class com.sun.xml.bind.v2.runtime.reflect.Lister$IDREFS                               : loaded 2 times (x 75B)
Class com.android.sdklib.repository.generated.repository.v1.SourceDetailsType         : loaded 2 times (x 104B)
Class com.android.build.api.variant.impl.JniLibsTestedApkPackagingImpl                : loaded 2 times (x 89B)
Class com.android.build.gradle.internal.plugins.DslContainerProvider$lock$4           : loaded 2 times (x 73B)
Class org.jetbrains.kotlin.cli.common.arguments.Freezable                             : loaded 2 times (x 69B)
Class com.android.build.gradle.internal.tasks.factory.GlobalTaskNamesImpl             : loaded 2 times (x 79B)
Class [Lcom.android.resources.ResourceEnum;                                           : loaded 2 times (x 67B)
Class com.google.protobuf.ByteString$BoundedByteString                                : loaded 2 times (x 104B)
Class com.android.build.gradle.internal.SdkComponentsBuildService                     : loaded 2 times (x 78B)
Class com.android.build.api.dsl.VectorDrawables                                       : loaded 2 times (x 68B)
Class com.android.tools.analytics.UsageTracker$listener$1                             : loaded 2 times (x 76B)
Class com.sun.xml.bind.v2.model.core.ElementInfo                                      : loaded 2 times (x 68B)
Class com.android.build.gradle.tasks.MergeSourceSetFolders$MergeAssetBaseCreationAction: loaded 2 times (x 89B)
Class com.google.wireless.android.sdk.stats.AnnotationProcessorInfo                   : loaded 2 times (x 198B)
Class com.android.build.gradle.internal.plugins.DslContainerProvider$lock$5           : loaded 2 times (x 73B)
Class com.android.builder.model.CodeShrinker                                          : loaded 2 times (x 77B)
Class com.android.build.api.dsl.AndroidResources                                      : loaded 2 times (x 68B)
Class com.google.common.cache.LocalCache$AbstractCacheSet                             : loaded 2 times (x 134B)
Class com.google.protobuf.DescriptorProtos$OneofOptionsOrBuilder                      : loaded 2 times (x 68B)
Class com.android.build.gradle.tasks.GenerateBuildConfig$CreationAction$configure$1   : loaded 2 times (x 77B)
Class com.sun.istack.Pool$Impl                                                        : loaded 2 times (x 75B)
Class com.android.build.gradle.internal.tasks.UninstallTask$CreationAction            : loaded 2 times (x 89B)
Class [Lcom.android.build.api.instrumentation.FramesComputationMode;                  : loaded 2 times (x 67B)
Class com.android.tools.build.jetifier.core.TypeRewriter$Companion                    : loaded 2 times (x 69B)
Class com.android.tools.build.jetifier.core.config.Config$JsonData                    : loaded 2 times (x 70B)
Class com.android.builder.errors.IssueReporter$Type                                   : loaded 2 times (x 77B)
Class com.android.build.api.variant.impl.ApplicationVariantBuilderImpl$dependenciesInfo$2: loaded 2 times (x 77B)
Class com.android.build.gradle.internal.plugins.DslContainerProvider$lock$6           : loaded 2 times (x 73B)
Class com.android.build.gradle.internal.dsl.EmulatorControl$AgpDecorated_Decorated    : loaded 2 times (x 137B)
Class com.google.wireless.android.sdk.stats.GradleBuildVariant                        : loaded 2 times (x 279B)
Class com.android.build.gradle.internal.errors.DeprecationReporter                    : loaded 2 times (x 68B)
Class com.android.build.api.component.impl.LifecycleTasksImpl                         : loaded 2 times (x 73B)
Class net.rubygrapefruit.platform.internal.jni.WindowsHandleFunctions                 : loaded 2 times (x 69B)
Class com.android.build.gradle.internal.dependency.GenericTransformParameters$Inject  : loaded 2 times (x 104B)
Class com.android.build.gradle.tasks.GenerateBuildConfig$CreationAction$configure$2   : loaded 2 times (x 77B)
Class com.android.build.api.variant.impl.JniLibsTestedApkPackagingImpl$testOnly$1     : loaded 2 times (x 73B)
Class com.android.build.api.variant.impl.ResourcesPackagingImpl$merges$1              : loaded 2 times (x 73B)
Class com.google.gson.internal.bind.TypeAdapters$31                                   : loaded 2 times (x 74B)
Class com.android.build.api.dsl.DynamicFeatureVariantDimension                        : loaded 2 times (x 68B)
Class org.jetbrains.kotlin.metadata.ProtoBuf$Expression$1                             : loaded 2 times (x 142B)
Class com.android.build.gradle.internal.dependency.RecalculateStackFramesTransform$Parameters: loaded 2 times (x 68B)
Class com.android.build.gradle.internal.scope.InternalArtifactType$MODULE_BUNDLE      : loaded 2 times (x 72B)
Class com.google.gson.internal.bind.TypeAdapters$32                                   : loaded 2 times (x 74B)
Class com.android.build.gradle.internal.scope.InternalArtifactType$DATA_BINDING_LAYOUT_INFO_TYPE_PACKAGE: loaded 2 times (x 72B)
Class com.android.build.gradle.internal.SdkLoadingStrategy                            : loaded 2 times (x 70B)
Class com.google.gson.internal.bind.TypeAdapters$33                                   : loaded 2 times (x 74B)
Class org.jetbrains.kotlin.gradle.utils.ForEachAndroidVariantKt$sam$org_gradle_api_Action$0: loaded 2 times (x 73B)
Class org.jetbrains.kotlin.gradle.plugin.internal.ConfigurationTimePropertiesAccessor : loaded 2 times (x 68B)
Class com.android.build.api.extension.impl.ApplicationAndroidComponentsExtensionImpl  : loaded 2 times (x 105B)
Class build_565ch7mz4n72dbe65wikx9t1w$_run_closure1$_closure2                         : loaded 2 times (x 137B)
Class org.jetbrains.kotlin.descriptors.Visibilities$Local                             : loaded 2 times (x 77B)
Class com.android.build.gradle.internal.tasks.BundleLibraryClassesKt                  : loaded 2 times (x 69B)
Class org.jetbrains.kotlin.gradle.tasks.KotlinJavaToolchain$JavaToolchainSetter       : loaded 2 times (x 68B)
Class com.sun.xml.bind.v2.model.core.Adapter                                          : loaded 2 times (x 70B)
Class com.android.build.api.variant.BuiltArtifacts                                    : loaded 2 times (x 68B)
Class com.android.build.gradle.tasks.ExtractDeepLinksTask$BaseCreationAction$handleProvider$1: loaded 2 times (x 125B)
Class com.google.gson.internal.bind.TypeAdapters$34                                   : loaded 2 times (x 74B)
Class org.jetbrains.kotlin.gradle.plugin.mpp.KotlinCompilationsKt$sam$org_gradle_api_specs_Spec$0: loaded 2 times (x 73B)
Class com.android.build.api.component.impl.DeviceTestImpl$instrumentationRunner$2     : loaded 2 times (x 77B)
Class com.android.build.gradle.api.ViewBindingOptions                                 : loaded 2 times (x 68B)
Class com.android.build.gradle.internal.plugins.BasePlugin$ExtensionData              : loaded 2 times (x 70B)
Class org.jetbrains.kotlin.metadata.ProtoBuf$TypeParameterOrBuilder                   : loaded 2 times (x 68B)
Class com.android.build.gradle.internal.utils.DesugarLibUtils                         : loaded 2 times (x 69B)
Class org.jetbrains.kotlin.gradle.plugin.AndroidGradlePluginVersion                   : loaded 2 times (x 73B)
Class org.jetbrains.kotlin.descriptors.DescriptorVisibilities$10                      : loaded 2 times (x 74B)
Class com.android.build.gradle.internal.tasks.ValidateSigningTask$CreationAction$handleProvider$1: loaded 2 times (x 125B)
Class com.android.build.api.variant.Sources                                           : loaded 2 times (x 68B)
Class org.jetbrains.kotlin.gradle.tooling.BuildKotlinToolingMetadataTask              : loaded 2 times (x 312B)
Class com.android.build.api.dsl.ManagedDevices                                        : loaded 2 times (x 68B)
Class org.jetbrains.kotlin.descriptors.DescriptorVisibilities$11                      : loaded 2 times (x 74B)
Class com.android.build.gradle.internal.tasks.AndroidTestTask                         : loaded 2 times (x 68B)
Class com.android.build.gradle.internal.scope.InternalArtifactType$DEX_METADATA_DIRECTORY: loaded 2 times (x 72B)
Class com.google.gson.internal.ConstructorConstructor$13                              : loaded 2 times (x 73B)
Class com.android.build.api.component.impl.features.OptimizationCreationConfigImpl$consumerProguardFilePaths$2: loaded 2 times (x 77B)
Class com.google.protobuf.GeneratedMessageV3$FieldAccessorTable$OneofAccessor         : loaded 2 times (x 75B)
Class org.jetbrains.kotlin.gradle.plugin.KotlinCompilerPluginSupportPlugin            : loaded 2 times (x 68B)
Class com.android.build.gradle.internal.lint.LintTaskManager$createBeforeEvaluateLintTasks$1: loaded 2 times (x 73B)
Class com.android.build.gradle.internal.errors.OptionInfo                             : loaded 2 times (x 70B)
Class org.jetbrains.kotlin.descriptors.DescriptorVisibilities$12                      : loaded 2 times (x 74B)
Class org.jetbrains.kotlin.gradle.tasks.TasksKt$sam$org_gradle_api_Transformer$0      : loaded 2 times (x 73B)
Class com.android.sdklib.repository.generated.repository.v2.ObjectFactory             : loaded 2 times (x 77B)
Class com.android.build.gradle.internal.dependency.JdkImageTransform$Parameters_Decorated: loaded 2 times (x 140B)
Class com.android.build.gradle.internal.LibraryTaskManager$createBundleTask$1         : loaded 2 times (x 73B)
Class com.android.build.gradle.internal.scope.InternalArtifactType$LINT_VITAL_LINT_MODEL: loaded 2 times (x 72B)
Class com.android.build.gradle.internal.dependency.VariantDependencies$computeArtifactCollection$1: loaded 2 times (x 73B)
Class com.android.build.gradle.internal.publishing.AndroidArtifacts$ConsumedConfigType: loaded 2 times (x 78B)
Class com.android.build.gradle.internal.plugins.BasePlugin$versionedSdkLoaderService$2: loaded 2 times (x 77B)
Class com.android.build.gradle.internal.LibraryTaskManager$createBundleTask$2         : loaded 2 times (x 125B)
Class com.android.build.gradle.internal.core.MergedNdkConfig                          : loaded 2 times (x 93B)
Class com.google.protobuf.ExtensionLite                                               : loaded 2 times (x 75B)
Class com.android.build.gradle.internal.plugins.BasePlugin$variantManager$2           : loaded 2 times (x 77B)
Class com.android.build.gradle.internal.LibraryTaskManager$createBundleTask$3         : loaded 2 times (x 125B)
Class org.jetbrains.kotlin.gradle.plugin.mpp.compilationImpl.factory.KotlinCompilationImplFactory$KotlinCompilerOptionsFactory$Options: loaded 2 times (x 70B)
Class com.android.build.gradle.internal.scope.InternalArtifactType$LINT_RETURN_VALUE  : loaded 2 times (x 72B)
Class com.google.gson.internal.ConstructorConstructor$16                              : loaded 2 times (x 73B)
Class org.jetbrains.kotlin.gradle.utils.SingleActionPerProject                        : loaded 2 times (x 71B)
Class com.android.build.gradle.internal.tasks.factory.BootClasspathConfigImpl         : loaded 2 times (x 77B)
Class com.android.build.gradle.internal.api.ApkVariantOutputImpl                      : loaded 2 times (x 128B)
Class com.android.build.gradle.internal.tasks.ExtractVersionControlInfoTask$CreationAction$handleProvider$1: loaded 2 times (x 125B)
Class com.android.build.api.artifact.SingleArtifact$MERGED_MANIFEST                   : loaded 2 times (x 72B)
Class com.android.build.gradle.internal.core.MergedExternalNativeCmakeOptions         : loaded 2 times (x 84B)
Class com.android.build.gradle.internal.manifest.ManifestValueSource                  : loaded 2 times (x 77B)
Class org.jetbrains.kotlin.gradle.plugin.mpp.AbstractKotlinTarget$components$2        : loaded 2 times (x 77B)
Class com.android.build.gradle.internal.dsl.BundleOptions$AgpDecorated_Decorated      : loaded 2 times (x 180B)
Class com.android.build.api.variant.HasUnitTestBuilder                                : loaded 2 times (x 68B)
Class com.google.wireless.android.sdk.stats.GradleBuildProject$CompileOptions$1       : loaded 2 times (x 149B)
Class com.android.build.gradle.internal.scope.InternalArtifactType$LINT_TEXT_REPORT   : loaded 2 times (x 72B)
Class com.google.gson.internal.ConstructorConstructor$18                              : loaded 2 times (x 73B)
Class com.android.build.gradle.internal.component.legacy.ModelV1LegacySupport         : loaded 2 times (x 68B)
Class com.sun.xml.bind.v2.runtime.reflect.Accessor$FieldReflection                    : loaded 2 times (x 83B)
Class com.android.build.gradle.internal.publishing.ProcessedArtifactUtils             : loaded 2 times (x 69B)
Class com.google.gson.internal.ConstructorConstructor$19                              : loaded 2 times (x 74B)
Class com.android.builder.signing.DefaultSigningConfig$Companion                      : loaded 2 times (x 69B)
Class com.android.build.gradle.internal.plugins.BasePlugin$variantInputModel$2        : loaded 2 times (x 77B)
Class org.jetbrains.kotlin.gradle.plugin.mpp.compilationImpl.factory.DefaultKotlinCompilationDependencyConfigurationsFactory$WithRuntime: loaded 2 times (x 73B)
Class com.google.common.collect.NullsLastOrdering                                     : loaded 2 times (x 113B)
Class javax.xml.bind.ValidationEventLocator                                           : loaded 2 times (x 68B)
Class org.jetbrains.kotlin.gradle.plugin.mpp.KotlinTargetWithBinaries                 : loaded 2 times (x 140B)
Class org.jetbrains.kotlin.gradle.plugin.mpp.compilationImpl.factory.KotlinCompilationImplFactory: loaded 2 times (x 70B)
Class com.android.build.api.dsl.UnitTestOptions                                       : loaded 2 times (x 68B)
Class javax.xml.bind.ContextFinder$1                                                  : loaded 2 times (x 71B)
Class com.android.builder.profile.Recorder$VoidBlock                                  : loaded 2 times (x 68B)
Class org.apache.http.HttpRequest                                                     : loaded 2 times (x 68B)
Class com.google.protobuf.DescriptorProtos$DescriptorProto$ExtensionRange             : loaded 2 times (x 198B)
Class com.android.build.gradle.internal.tasks.BundleLibraryClassesJar                 : loaded 2 times (x 332B)
Class com.android.build.gradle.internal.scope.InternalArtifactType$MANIFEST_MERGE_BLAME_FILE: loaded 2 times (x 72B)
Class org.jetbrains.kotlin.gradle.plugin.sources.android.configurator.SingleTargetSourceDirConfigurator$configure$1: loaded 2 times (x 73B)
Class org.jetbrains.kotlin.gradle.dsl.KotlinSingleTargetExtension                     : loaded 2 times (x 90B)
Class [Lcom.android.tools.lint.model.LintModelSeverity;                               : loaded 2 times (x 67B)
Class org.jetbrains.kotlin.metadata.ProtoBuf$TypeOrBuilder                            : loaded 2 times (x 68B)
Class [Lorg.jetbrains.kotlin.protobuf.WireFormat$JavaType;                            : loaded 2 times (x 67B)
Class com.android.build.gradle.tasks.ProcessMultiApkApplicationManifest$CreationAction$handleProvider$1: loaded 2 times (x 125B)
Class com.android.build.gradle.internal.tasks.AppPreBuildTask$EmptyCreationAction     : loaded 2 times (x 89B)
Class org.jetbrains.kotlin.gradle.plugin.KotlinAndroidPlugin$apply$1                  : loaded 2 times (x 77B)
Class org.jetbrains.kotlin.gradle.plugin.statistics.KotlinBuildStatsMXBean            : loaded 2 times (x 68B)
Class com.google.protobuf.DescriptorProtos$EnumDescriptorProto$EnumReservedRange      : loaded 2 times (x 194B)
Class com.google.protobuf.GeneratedMessageV3$ExtendableMessageOrBuilder               : loaded 2 times (x 68B)
Class [Lcom.google.protobuf.DescriptorProtos$FieldDescriptorProto$Type;               : loaded 2 times (x 67B)
Class com.android.sdklib.repository.generated.sysimg.v3.package-info                  : loaded 2 times (x 68B)
Class com.android.build.api.variant.impl.SourceType                                   : loaded 2 times (x 77B)
Class com.android.build.gradle.internal.dependency.VariantDependencies$computeArtifactCollection$attributesAction$1: loaded 2 times (x 73B)
Class com.android.build.gradle.internal.profile.AnalyticsUtil$1                       : loaded 2 times (x 69B)
Class com.android.build.gradle.internal.component.TestCreationConfig                  : loaded 2 times (x 68B)
Class org.jetbrains.kotlin.gradle.plugin.KotlinAndroidPlugin$apply$2                  : loaded 2 times (x 77B)
Class com.android.build.gradle.internal.scope.BuildFeatureValues                      : loaded 2 times (x 68B)
Class com.google.common.hash.HashCode                                                 : loaded 2 times (x 78B)
Class org.jetbrains.kotlin.protobuf.MessageLiteOrBuilder                              : loaded 2 times (x 68B)
Class com.google.protobuf.DescriptorProtos$DescriptorProto$ReservedRange              : loaded 2 times (x 194B)
Class org.jetbrains.kotlin.gradle.ExperimentalKotlinGradlePluginApi                   : loaded 2 times (x 68B)
Class com.android.prefs.AbstractAndroidLocations                                      : loaded 2 times (x 80B)
Class org.jetbrains.kotlin.metadata.jvm.JvmProtoBuf$JvmMethodSignatureOrBuilder       : loaded 2 times (x 68B)
Class com.android.sdklib.repository.generated.common.v3.ApiDetailsType                : loaded 2 times (x 99B)
Class com.android.sdklib.repository.generated.addon.v3.LibrariesType                  : loaded 2 times (x 73B)
Class com.android.build.gradle.internal.core.dsl.features.DeviceTestOptionsDslInfo    : loaded 2 times (x 68B)
Class org.jetbrains.kotlin.metadata.jvm.JvmProtoBuf$JvmPropertySignatureOrBuilder     : loaded 2 times (x 68B)
Class com.android.build.gradle.internal.dependency.ProvidedClasspathSubtractor$getFileCollection$1: loaded 2 times (x 73B)
Class com.android.build.api.component.analytics.AnalyticsEnabledVariant$userVisiblePackaging$2: loaded 2 times (x 77B)
Class com.android.build.api.variant.GeneratesAar                                      : loaded 2 times (x 68B)
Class org.jetbrains.kotlin.gradle.plugin.sources.android.KotlinAndroidSourceSetInfo$Mutable: loaded 2 times (x 74B)
Class com.android.build.gradle.internal.dsl.decorator.LockableMap                     : loaded 2 times (x 126B)
Class com.android.build.gradle.internal.res.Aapt2FromMaven$Companion$Aapt2Version$BUILD_NUMBER$2: loaded 2 times (x 76B)
Class com.sun.xml.bind.v2.runtime.reflect.TransducedAccessor                          : loaded 2 times (x 76B)
Class Dependency_version_checker_gradle$DependencyVersionChecker                      : loaded 2 times (x 69B)
Class com.android.builder.core.AbstractBuildType$Companion                            : loaded 2 times (x 69B)
Class com.android.build.gradle.internal.utils.DesugarLibConfigExtractor               : loaded 2 times (x 76B)
Class com.android.build.gradle.internal.scope.InternalArtifactType$MERGED_STARTUP_PROFILE: loaded 2 times (x 72B)
Class com.android.build.gradle.internal.plugins.BasePlugin$variantManager$2$1         : loaded 2 times (x 77B)


---------------  S Y S T E M  ---------------

OS:
 Windows 11 , 64 bit Build 22621 (10.0.22621.3958)
OS uptime: 0 days 18:22 hours
Hyper-V role detected

CPU: total 12 (initial active 12) (12 cores per cpu, 2 threads per core) family 25 model 68 stepping 1 microcode 0x0, cx8, cmov, fxsr, ht, mmx, 3dnowpref, sse, sse2, sse3, ssse3, sse4a, sse4.1, sse4.2, popcnt, lzcnt, tsc, tscinvbit, avx, avx2, aes, erms, clmul, bmi1, bmi2, adx, sha, fma, vzeroupper, clflush, clflushopt, hv
Processor Information for all 12 processors :
  Max Mhz: 3301, Current Mhz: 3301, Mhz Limit: 3301

Memory: 4k page, system-wide physical 15688M (607M free)
TotalPageFile size 62792M (AvailPageFile size 13M)
current process WorkingSet (physical memory assigned to process): 1978M, peak: 2683M
current process commit charge ("private bytes"): 3666M, peak: 3676M

vm_info: OpenJDK 64-Bit Server VM (17.0.10+0--11572160) for windows-amd64 JRE (17.0.10+0--11572160), built on Mar 13 2024 23:56:38 by "androidbuild" with MS VC++ 16.10 / 16.11 (VS2019)

END.
